순번/순위,구분,상품명,ItemId,ISBN13,부가기호,저자/아티스트,출판사/제작사,출간일,정가,판매가,마일리지,세일즈포인트,대표분류(대분류명)
"1","국내도서","그건, 사랑이었네","4161814","9788971848173","03810","한비야 지음","푸른숲","20090706","12,000","10,800","600점","33355","에세이"
"2","국내도서","도가니","4111871","9788936433703","03810","공지영 지음","창비","20090629","12,000","10,800","600점","31517","소설/시/희곡"
"3","국내도서","신 6 (반양장)","4103122","9788932908830","04860","베르나르 베르베르 지음, 임호경 옮김","열린책들","20090705","9,800","8,820","490점","8587","소설/시/희곡"
"4","국내도서","신 5 (반양장)","4103121","9788932908823","04860","베르나르 베르베르 지음, 임호경 옮김","열린책들","20090705","9,800","8,820","490점","8519","소설/시/희곡"
"5","국내도서","브레이킹 던","4092522","9788937832543","03840","스테프니 메이어 지음, 윤정숙 옮김","북폴리오","20090615","16,000","14,400","800점","16295","소설/시/희곡"
"6","국내도서","엄마를 부탁해","2727875","9788936433673","03810","신경숙 지음","창비","20081024","15,000","13,500","750점","83351","소설/시/희곡"
"7","국내도서","CEO 안철수, 지금 우리에게 필요한 것은","531142","9788934917205","03320","안철수 지음","김영사","20041216","10,900","9,810","540점","16268","자기계발"
"8","국내도서","미실","544222","9788974562700","03810","김별아 지음","문이당","20050228","9,500","8,550","470점","12342","소설/시/희곡"
"9","국내도서","유정아의 서울대 말하기 강의","4156889","9788954608329","03320","유정아 지음","문학동네","20090625","13,000","11,700","650점","4397","자기계발"
"10","국내도서","노무현, 마지막 인터뷰","4199740","9788995172841","03300","오연호 지음","오마이뉴스","20090703","13,000","11,700","650점","4596","사회과학"
"11","국내도서","살아온 기적 살아갈 기적","3661430","9788946417489","03810","장영희 지음, 정일 그림","샘터사","20090513","11,000","9,900","550점","21696","에세이"
"12","국내도서","아웃라이어","3010785","9788934933151","03320","말콤 글래드웰 지음, 노정태 옮김, 최인철 감수","김영사","20090115","13,000","11,700","650점","25364","경제경영"
"13","국내도서","나는 아내와의 결혼을 후회한다","4009337","9788992647670","03180","김정운 지음","쌤앤파커스","20090602","13,000","11,700","650점","12346","인문학"
"14","국내도서","독한 것들의 진짜 다이어트","4109871","9788947527088","13510","셀러오 지음, 김병완 외 감수","한국경제신문","20090701","19,800","17,820","990점","7669","건강/취미"
"15","국내도서","영어가 거짓말처럼 쉬워지는 독해비법 8가지","504302","9788952202673","43740","송남영 지음","살림","20040709","7,900","7,110","390점","871","외국어"
"16","국내도서","일기일회 一期一會","3888620","9788995904985","04810","법정(法頂) 지음","문학의숲","20090527","15,000","13,500","750점","14960","종교/역학"
"17","국내도서","신 1 (반양장)","2775985","9788932908557","04860","베르나르 베르베르 지음, 이세욱 옮김","열린책들","20081120","9,800","8,820","490점","15294","소설/시/희곡"
"18","국내도서","뉴문","2408195","9788937832215","03840","스테프니 메이어 지음, 변용란 옮김","북폴리오","20080730","13,000","11,700","650점","15158","소설/시/희곡"
"19","국내도서","이클립스","2924289","9788937832468","03840","스테프니 메이어 지음, 윤정숙 옮김","북폴리오","20081220","14,000","12,600","700점","15665","소설/시/희곡"
"20","국내도서","신 4 (반양장)","3372486","9788932908700","04860","베르나르 베르베르 지음, 이세욱 옮김","열린책들","20090330","9,800","8,820","490점","9464","소설/시/희곡"
"21","국내도서","신 3 (반양장)","3372482","9788932908694","04860","베르나르 베르베르 지음, 이세욱 옮김","열린책들","20090330","9,800","8,820","490점","9851","소설/시/희곡"
"22","국내도서","트와일라잇","2362464","9788937832208","03840","스테프니 메이어 지음, 변용란 옮김","북폴리오","20080705","13,000","11,700","650점","15553","소설/시/희곡"
"23","국내도서","나쁜 사마리아인들","988614","9788960510197","03320","장하준 지음, 이순희 옮김","부키","20071010","14,000","12,600","700점","42710","경제경영"
"24","국내도서","4개의 통장","3029790","9788993285550","03320","고경호 지음","다산북스","20090110","16,000","14,400","800점","33355","경제경영"
"25","국내도서","천년의 금서","3672194","9788988537015","03810","김진명 지음","새움","20090520","13,800","12,420","690점","13276","소설/시/희곡"
"26","국내도서","어떤 마술의 금서목록 15","4227410","9788925248424","07830","카마치 카즈마 지음, 김소연 옮김, 하이무라 키요타카 그림","대원씨아이(단행본)","20090710","6,000","5,400","300점","1039","소설/시/희곡"
"27","국내도서","신 2 (반양장)","2776001","9788932908564","04860","베르나르 베르베르 지음, 이세욱 옮김","열린책들","20081120","9,800","8,820","490점","13286","소설/시/희곡"
"28","국내도서","깨진 유리창 법칙","636574","9788990872227","03320","마이클 레빈 지음, 이영숙.김민주 옮김","흐름출판","20060327","12,000","10,800","600점","10782","경제경영"
"29","국내도서","하루라도 공부만 할 수 있다면","3647798","9788963700076","43040","박철범 지음","다산에듀","20090401","12,000","10,800","600점","6147","청소년"
"30","국내도서","로마 멸망 이후의 지중해 세계 - 상","4153907","9788935661916","04900","시오노 나나미 지음, 김석희 옮김","한길사","20090707","18,500","16,650","920점","2771","역사"
"31","국내도서","거대한 전환","4191264","9788987671314","93300","칼 폴라니 지음, 홍기빈 옮김","길(도서출판)","20090702","45,000","40,500","2,250점","6995","사회과학"
"32","국내도서","넛지","3587535","9788901093154","03320","리처드 H. 탈러 & 카스 R. 선스타인 지음, 안진환 옮김, 최정규 감수","리더스북","20090420","15,500","13,950","770점","24191","경제경영"
"33","국내도서","10-10-10, 인생이 달라지는 선택의 법칙","4192106","9788956053714","03320","수지 웰치 지음, 배유정 옮김","북하우스","20090706","13,800","12,420","690점","839","자기계발"
"34","국내도서","시크릿","927185","9788952206503","03320","론다 번 지음, 김우열 옮김","살림Biz","20070622","16,800","15,120","840점","99144","자기계발"
"35","국내도서","노서아 가비","4184429","9788952211965","03810","김탁환 지음","살림","20090706","10,000","9,000","500점","1775","소설/시/희곡"
"36","국내도서","위저드 베이커리","3460099","9788936433697","03810","구병모 지음","창비","20090327","12,800","11,520","640점","24335","소설/시/희곡"
"37","국내도서","규장각 각신들의 나날 1","4199572","9788963710020","04810","정은궐 지음","파란(파란미디어)","20090721","11,000","9,900","550점","16049","소설/시/희곡"
"38","국내도서","설득의 심리학","376342","9788950905224","13320","로버트 치알디니 지음, 이현우 옮김","21세기북스","20020930","12,000","10,800","600점","45506","자기계발"
"39","국내도서","주말이 기다려지는 행복한 걷기여행 - 전국편","975813","9788995862391","03980","김영록 글, 양원 사진","터치아트","20070901","17,000","15,300","850점","1611","여행"
"40","국내도서","공부하는 독종이 살아남는다","3353784","9788961888110","03320","이시형 지음","중앙books(중앙북스)","20090310","13,000","11,700","650점","12532","자기계발"
"41","국내도서","로마 멸망 이후의 지중해 세계 - 하","4153921","9788935661923","04900","시오노 나나미 지음, 김석희 옮김","한길사","20090707","18,500","16,650","920점","2413","역사"
"42","국내도서","연을 쫓는 아이 (개정판)","2585331","9788970636061","03840","할레드 호세이니 지음, 이미선 옮김","열림원","20080905","13,500","12,150","670점","3589","소설/시/희곡"
"43","국내도서","칼의 노래","934685","9788984987258","03810","김훈 지음","생각의나무","20070622","13,000","11,700","650점","13318","소설/시/희곡"
"44","국내도서","손가락에 잘못 떨어진 먹물 한 방울","376518","9788987402246","43810","조현설 지음, 김은정 그림","나라말","20020830","8,000","7,200","400점","9811","청소년"
"45","국내도서","CEO 안철수 영혼이 있는 승부","290583","9788934917915","03320","안철수 지음","김영사","20010805","10,900","9,810","540점","9898","경제경영"
"46","국내도서","더 리더 - 책 읽어주는 남자","530602","9788957090343","03850","베른하르트 슐링크 지음, 김재혁 옮김","이레","20041130","10,800","9,720","540점","19263","소설/시/희곡"
"47","국내도서","왼쪽으로, 더 왼쪽으로","4141612","9788984313378","03810","박노자 지음","한겨레출판","20090622","12,000","10,800","600점","1955","사회과학"
"48","국내도서","내 여동생이 이렇게 귀여울 리가 없어 2","4227720","9788925248394","07830","후시미 츠카사 지음, 유정한 옮김, 칸자키 히로 그림","대원씨아이(단행본)","20090710","6,000","5,400","300점","958","소설/시/희곡"
"49","국내도서","승자는 혼자다 1","4187698","9788954608480","04890","파울로 코엘료 지음, 임호경 옮김","문학동네","20090725","12,000","10,800","600점","3005","소설/시/희곡"
"50","국내도서","다이어트의 여왕","4175341","9788954608435","03810","백영옥 지음","문학동네","20090707","11,000","9,900","550점","919","소설/시/희곡"
"51","국내도서","해커스 토익 Reading (단어암기장 및 해설서 포함) (Hackers TOEIC Reading)","2718765","9788990700582","13740","데이빗 조 (David Cho) 지음","해커스어학연구소(Hackers)","20081101","18,800","16,920","940점","32899","외국어"
"52","국내도서","여보, 나좀 도와줘","346918","9788987175195","03810","노무현 지음","새터","20020417","8,500","7,650","420점","8186","사회과학"
"53","국내도서","꺼내고 버리고 완벽하게 집어넣는 깐깐한 수납","2502408","9788901087146","13590","웅진리빙하우스 편집부 엮음","웅진리빙하우스","20080901","17,000","15,300","850점","5060","요리/살림"
"54","국내도서","바보처럼 공부하고 천재처럼 꿈꿔라","869542","9788976772435","03810","신웅진 지음","명진출판사","20070103","10,000","9,000","500점","42433","청소년"
"55","국내도서","자연식 밥상","554626","9788991535169","03800","송학운 지음","고요아침","20050418","13,500","12,150","670점","1884","요리/살림"
"56","국내도서","청춘불패","3731452","9788973370603","03810","이외수 지음, 정태련 그림","해냄","20090520","14,500","13,050","720점","5489","에세이"
"57","국내도서","일본전산 이야기","2909427","9788992647595","03320","김성호 지음","쌤앤파커스","20090110","13,000","11,700","650점","16986","경제경영"
"58","국내도서","육일약국 갑시다","940332","9788950911881","13320","김성오 지음","21세기북스","20070712","12,000","10,800","600점","19231","경제경영"
"59","국내도서","심리학이 서른 살에게 답하다","3635375","9788901093987","03180","김혜남 지음","걷는나무","20090430","12,000","10,800","600점","6943","인문학"
"60","국내도서","내 인생에 힘이 되어준 한마디","630964","9788992036047","03810","정호승 지음","비채","20060308","10,500","9,450","520점","23936","에세이"
"61","국내도서","늑대와 향신료 10","4206618","9788925832388","04830","하세쿠라 이스나 지음, 박소영 옮김, 아야쿠라 쥬우 그림","학산문화사(라이트노벨)","20090707","5,900","5,310","290점","893","소설/시/희곡"
"62","국내도서","서른 살이 심리학에게 묻다","1713079","9788901078588","03180","김혜남 지음","갤리온","20080201","12,000","10,800","600점","21718","인문학"
"63","국내도서","내 영혼이 따뜻했던 날들","420216","9788988404515","03840","포리스트 카터 지음, 조경숙 옮김","아름드리미디어","20030625","9,000","8,100","450점","40986","소설/시/희곡"
"64","국내도서","후불제 민주주의","3388160","9788971993309","03340","유시민 지음","돌베개","20090304","14,000","12,600","700점","11271","사회과학"
"65","국내도서","반지의 제왕 - 전7권 세트 (반양장)","924469","9788956370996","44840","존 로날드 로웰 톨킨 지음, 이미애 외 옮김","씨앗을뿌리는사람","20070528","55,000","49,500","2,750점","1294","소설/시/희곡"
"66","국내도서","해커스 토익 Listening (테이프 별매) (Hackers TOEIC Listening) (책 + 무료 토익모의고사 + 받아쓰기CD + 단어암기mp3 + 단어암기장 + 해설서)","2718800","9788990700568","18740","데이빗 조 (David Cho) 지음","해커스어학연구소(Hackers)","20081101","18,800","16,920","940점","24416","외국어"
"67","국내도서","벼락을 맞았습니다","4138806","9788990243614","03230","글로리아 폴로 오르티츠 지음, 최베네딕토 옮김","아베마리아(푸른군대)","20090501","6,000","6,000","300점","4470","종교/역학"
"68","국내도서","지도 밖으로 행군하라","582818","9788971844427","03810","한비야 지음","푸른숲","20050908","15,000","13,500","750점","49694","에세이"
"69","국내도서","꿈의 해석","924518","9788988601945","03340","지크문트 프로이트 지음, 이환 옮김","돋을새김","20070520","8,500","7,650","420점","10970","청소년"
"70","국내도서","하버드 박사의 경제학 블로그","927866","9788952206435","03320","김대환 지음, 박철권 그림","살림","20070601","9,800","8,820","490점","1676","경제경영"
"71","국내도서","임꺽정, 길 위에서 펼쳐지는 마이너리그의 향연","4214037","9788958283805","03800","고미숙 지음","사계절","20090708","13,200","11,880","660점","1430","인문학"
"72","국내도서","화폐전쟁","2389231","9788925521190","03320","쑹훙빙 지음, 차혜정 옮김, 박한진 감수","랜덤하우스코리아","20080725","20,000","18,000","1,000점","12826","경제경영"
"73","국내도서","굿바이, 게으름","883647","9788984053755","13320","문요한 지음","더난출판사","20090210","12,000","10,800","600점","13938","자기계발"
"74","국내도서","꿈꾸는 다락방","917877","9788974254896","03320","이지성 지음","국일미디어(국일출판사)","20070521","13,500","12,150","670점","47671","자기계발"
"75","국내도서","타라 덩컨 6 - 상","4227723","9788973819898","04860","소피 오두인 마미코니안 지음, 이원희 옮김","(주)태일소담출판사","20090720","9,000","8,100","450점","1499","소설/시/희곡"
"76","국내도서","하나님을 바로 섬겨요","4123687","9788938814272","03230","파이디온선교회 편집부 엮음","파이디온선교회","20090505","3,000","2,850","90점","235","종교/역학"
"77","국내도서","완득이","1935594","9788936456085","43810","김려령 지음","창비","20080316","13,000","11,700","650점","35114","청소년"
"78","국내도서","왜 세계의 절반은 굶주리는가?","894530","9788990809179","03300","장 지글러 지음, 유영미 옮김, 우석훈 해제, 주경복 부록","갈라파고스","20070312","9,800","8,820","490점","41005","사회과학"
"79","국내도서","해커스 토익 보카","680198","9788990700346","18740","데이빗 조 (David Cho) 지음","해커스어학연구소(Hackers)","20060818","12,900","11,610","640점","25646","외국어"
"80","국내도서","좋은 여행","4169921","9788952755544","14980","이우일 글 그림","시공사","20090629","10,000","9,000","500점","1527","여행"
"81","국내도서","내 생애 단 한번","248644","9788946413139","03810","장영희 지음","샘터사","20000925","7,500","6,750","370점","8740","에세이"
"82","국내도서","초등 읽기능력이 평생성적을 좌우한다","2460298","9788992814096","13370","김명미 지음","글담출판","20080905","11,000","9,900","550점","12039","좋은부모"
"83","국내도서","해리 포터와 죽음의 성물 세트 - 전4권 (무선)","1018819","9788983922595","04840","조앤 K. 롤링 지음, 최인자 옮김","문학수첩","20071210","34,000","30,600","1,700점","12034","소설/시/희곡"
"84","국내도서","군림천하 20","4229979","9788951023439","04810","용대운 지음","대명종","20090709","9,000","8,100","450점","380","소설/시/희곡"
"85","국내도서","재미","3673755","9788960861770","03320","한상복 지음","위즈덤하우스","20090511","12,000","10,800","600점","2619","자기계발"
"86","국내도서","100℃","4085381","9788936471668","07810","최규석 지음","창비","20090605","12,000","10,800","120점","4995","역사"
"87","국내도서","슈퍼 개미의 투자 비밀","3943763","9788947527101","03320","최명수.변관열 외 지음","한국경제신문","20090610","13,000","11,700","650점","1736","경제경영"
"88","국내도서","어린왕자의 귀환","4166008","9788971993392","07810","김태권 지음, 우석훈","돌베개","20090703","12,000","10,800","600점","649","만화"
"89","국내도서","나무야 나무야","28019","9788971990933","03810","신영복 지음","돌베개","19960912","8,000","7,200","400점","9676","에세이"
"90","국내도서","네가 어떤 삶을 살든 나는 너를 응원할 것이다","1957469","9788996047636","03800","공지영 지음","오픈하우스","20080324","14,400","12,960","720점","35351","에세이"
"91","국내도서","제주 올레 여행","2506538","9788956052922","03810","서명숙 지음","북하우스","20080901","15,000","13,500","750점","5358","여행"
"92","국내도서","스베덴보리의 위대한 선물","3199475","9788993285826","03200","임마누엘 스베덴보리 지음, 스베덴보리 연구회 엮음","다산초당","20090204","16,000","14,400","800점","11971","종교/역학"
"93","국내도서","카네기 인간관계론 (반양장)","528941","9788956370590","04320","데일 카네기 지음, 최염순 옮김","씨앗을뿌리는사람","20041125","12,000","10,800","600점","36179","자기계발"
"94","국내도서","마음에게 말걸기","4063614","9788954608183","03840","대니얼 고틀립 지음, 노지양 옮김","문학동네","20090616","14,000","12,600","700점","1908","에세이"
"95","국내도서","세상에 너를 소리쳐!","3049240","9788992647601","03810","빅뱅 지음, 김세아 정리","쌤앤파커스","20090128","15,000","13,500","750점","14954","에세이"
"96","국내도서","행복한 출근길","3626047","9788934934585","03810","법륜스님 지음","김영사","20090422","10,800","9,720","540점","5689","에세이"
"97","국내도서","사람풍경","529053","9788959131648","03810","김형경 지음","예담","20061002","11,000","9,900","550점","14621","에세이"
"98","국내도서","내 심장을 쏴라","3649414","9788956602998","03810","정유정 지음","은행나무","20090520","12,000","10,800","600점","11004","소설/시/희곡"
"99","국내도서","연금술사","307361","9788982814471","03890","파울로 코엘료 지음, 최정수 옮김","문학동네","20011201","12,000","10,800","600점","83289","소설/시/희곡"
"100","국내도서","1일 30분","993874","9788957091159","03320","후루이치 유키오 지음, 이진원 옮김","이레","20071030","11,000","9,900","550점","7200","자기계발"
"101","국내도서","천 개의 찬란한 태양","1001814","9788972754015","03840","할레드 호세이니 지음, 왕은철 옮김","현대문학","20071125","13,500","12,150","670점","15396","소설/시/희곡"
"102","국내도서","원미동 사람들","471234","9788952202000","03810","양귀자 지음","살림","20040305","9,000","8,100","450점","14220","소설/시/희곡"
"103","국내도서","행복한 종이오리기","3617895","9788972216049","13630","이마모리 미쓰히코 지음, 이수미 옮김","진선아트북","20090415","10,800","9,720","540점","3899","건강/취미"
"104","국내도서","박씨전 : 낭군 같은 남자들은 조금도 부럽지 않습니다","514602","9788987402475","43810","장재화 지음, 김형연 그림","나라말","20040831","8,500","7,650","420점","7233","청소년"
"105","국내도서","티베트의 즐거운 지혜","4190828","9788993838015","03890","욘게이 밍규르 린포체 지음, 류시화.김소향 옮김","문학의숲","20090701","12,800","11,520","640점","3183","에세이"
"106","국내도서","제5도살장","540328","9788989938606","03840","커트 보네거트 지음, 박웅희 옮김","아이필드","20050120","9,000","8,100","450점","3522","소설/시/희곡"
"107","국내도서","백야행 1","255620","9788984970243","04830","히가시노 게이고 지음","태동출판사","20001101","9,000","8,100","450점","8019","소설/시/희곡"
"108","국내도서","지금 당장 경제공부 시작하라","3710175","9788996185543","13320","최진기 지음","한빛비즈","20090528","18,500","16,650","920점","5221","경제경영"
"109","국내도서","삼국지 세트 - 전10권","418742","9788936432935","03820","나관중 지음, 황석영 옮김, 왕훙시 그림","창비","20030630","98,000","88,200","4,900점","13061","소설/시/희곡"
"110","국내도서","집으로 가는 길","1000495","9788995901748","03840","이스마엘 베아 지음, 송은주 옮김","북스코프(아카넷)","20071030","9,800","9,310","490점","4820","에세이"
"111","국내도서","해커스 텝스 Reading","2777296","9788990700629","13740","데이빗 조 (David Cho) 지음","해커스어학연구소(Hackers)","20081114","22,900","20,610","1,140점","10986","외국어"
"112","국내도서","공부의 달인, 호모 쿵푸스","917964","9788976828019","44100","고미숙 지음","그린비","20070515","11,900","10,710","590점","6585","인문학"
"113","국내도서","김영하 이우일의 영화이야기","398820","9788989351351","03810","김영하 지음, 이우일 그림","마음산책","20030205","13,000","11,700","650점","2152","에세이"
"114","국내도서","스물일곱 이건희처럼","3442983","9788993285819","03320","이지성 지음","다산라이프","20090319","10,000","9,000","500점","3740","경제경영"
"115","국내도서","눈먼 자들의 도시","388981","9788973374939","03890","주제 사라마구 지음, 정영목 옮김","해냄","20021120","14,500","13,050","720점","32429","소설/시/희곡"
"116","국내도서","악마가 와서 피리를 분다","4192665","9788952755537","03830","요코미조 세이시 지음, 정명원 옮김","시공사","20090713","11,000","9,900","550점","856","소설/시/희곡"
"117","국내도서","야성적 충동","3973350","9788925532691","13320","조지 애커로프, 로버트 J. 쉴러 지음, 김태훈 옮김, 장보형 감수","랜덤하우스코리아","20090527","15,000","13,500","750점","3155","경제경영"
"118","국내도서","해커스 토익 스타트 Reading (Hackers TOEIC Start Reading) (무료동영상강의)","977996","9788990700469","13740","데이빗 조 (David Cho) 지음","해커스어학연구소(Hackers)","20070903","14,900","13,410","740점","28234","외국어"
"119","국내도서","삐뽀삐뽀 119 이유식","608562","9788976820754","03590","하정훈 지음","그린비라이프","20051220","11,900","10,710","590점","26431","좋은부모"
"120","국내도서","Paint it Rock","4109816","9788991264885","04670","남무성 지음","고려원북스","20090620","18,800","16,920","940점","1608","예술/대중문화"
"121","국내도서","즐거운 나의 집","1004914","9788971847558","03810","공지영 지음","푸른숲","20071123","9,800","8,820","490점","18347","소설/시/희곡"
"122","국내도서","우울과 몽상","346038","9788987115832","03840","에드거 앨런 포 지음, 홍성영 옮김","하늘연못","20020429","28,000","25,200","1,400점","8875","소설/시/희곡"
"123","국내도서","멋진 신세계","48758","9788931003581","03840","올더스 헉슬리 지음, 이덕형 옮김","문예출판사","19981020","12,000","10,800","600점","23388","소설/시/희곡"
"124","국내도서","낱말","4184502","9788971902714","03810","문무학 지음","동학사","20090630","8,500","7,650","420점","512","소설/시/희곡"
"125","국내도서","논어","552860","9788970650340","03100","공자 지음, 김형찬 옮김","홍익","20050411","15,000","13,500","750점","24561","인문학"
"126","국내도서","지식 e - 시즌 1","906633","9788956051796","03810","EBS 지식채널ⓔ 엮음","북하우스","20070409","12,800","11,520","640점","19318","인문학"
"127","국내도서","주식투자 무작정 따라하기","575063","9788975603259","13320","윤재수 지음","길벗","20050730","15,000","13,500","750점","9556","경제경영"
"128","국내도서","팽현숙의 내조재테크","4222248","9788963700335","03320","팽현숙 지음, 김혜경 감수","다산북스","20090710","12,000","10,800","600점","589","경제경영"
"129","국내도서","Moon Walk 문워크","4271885","9788991984288","03840","마이클 잭슨 지음","미르북스","20090730","12,000","10,800","600점","365","예술/대중문화"
"130","국내도서","불평 없이 살아보기","3534290","9788984073005","03840","윌 보웬 지음, 김민아 옮김","세종(세종서적)","20090415","11,000","9,900","550점","3499","자기계발"
"131","국내도서","개밥바라기별","2365874","9788954606417","03810","황석영 지음","문학동네","20080801","10,000","9,000","500점","21793","소설/시/희곡"
"132","국내도서","나를 바꾸는 글쓰기 공작소","3682826","9788976821065","03800","이만교 지음","그린비","20090505","18,000","16,200","900점","4601","인문학"
"133","국내도서","창가의 토토","233350","9788991503007","03830","구로야나기 테츠코 지음, 김난주 옮김, 이와사키 치히로 그림","프로메테우스","20040129","11,000","9,900","550점","43114","소설/시/희곡"
"134","국내도서","English Re-Start Basic : 잉글리시 리스타트 베이직편","2312416","9788901083353","14740","I.A. Richards & Christine Gibson 지음","NEWRUN(뉴런)","20080707","9,000","8,100","450점","14331","외국어"
"135","국내도서","나는 정말 너를 사랑하는 걸까?","1022719","9788901074603","03810","김혜남 지음","갤리온","20071214","13,000","11,700","650점","7096","인문학"
"136","국내도서","트루먼 스쿨 악플 사건","2966275","9788983945068","03840","도리 힐레스타드 버틀러 지음, 이도영 옮김","미래인(미래M&B,미래엠앤비)","20081219","9,000","8,100","450점","13440","청소년"
"137","국내도서","1984","418906","9788937460777","04840","조지 오웰 지음, 정회성 옮김","민음사","20030616","11,000","9,900","550점","62612","소설/시/희곡"
"138","국내도서","한자 漢字 무작정 따라하기","4075355","9788960471719","13710","강민.김정미 지음","길벗이지톡","20090608","19,800","17,820","990점","1656","외국어"
"139","국내도서","용의자 X의 헌신","674731","9788972753698","03830","히가시노 게이고 지음, 양억관 옮김","현대문학","20060811","13,000","11,700","650점","19431","소설/시/희곡"
"140","국내도서","스프링벅","2683164","9788936456122","43810","배유안 지음","창비","20081010","11,000","9,900","550점","8056","청소년"
"141","국내도서","삐뽀삐뽀 119 소아과 (개정11판)","235616","9788976820532","03510","하정훈 지음","그린비라이프","20140510","29,800","26,820","1,490점","52301","좋은부모"
"142","국내도서","살아있는 한국사 교과서 1","334447","9788958620211","03900","전국역사교사모임 엮음","휴머니스트","20120409","19,000","17,100","950점","24128","역사"
"143","국내도서","어느 독서광의 생산적 책읽기 50","547847","9788991120044","03020","안상헌 지음","북포스","20050318","12,000","10,800","600점","4731","인문학"
"144","국내도서","유러피언 드림","538473","9788937425356","03300","제레미 리프킨 지음, 이원기 옮김","민음사","20050118","22,000","19,800","1,100점","4952","사회과학"
"145","국내도서","로쟈의 인문학 서재","3748567","9788901095714","03810","이현우 지음","산책자","20090518","15,000","13,500","750점","3205","인문학"
"146","국내도서","특강","3552512","9788984313231","03900","한홍구 지음","한겨레출판","20090331","14,000","12,600","700점","3913","역사"
"147","국내도서","이기적 유전자","855112","9788932471112","03470","리처드 도킨스 지음, 홍영남 옮김","을유문화사","20061125","15,000","13,500","750점","8080","과학"
"148","국내도서","왜 나는 너를 사랑하는가 (양장)","964118","9788986836240","03840","알랭 드 보통 지음, 정영목 옮김","청미래","20070801","12,000","10,800","600점","24219","소설/시/희곡"
"149","국내도서","지루한 사람과 어울리지 마라","4188700","9788957091548","03840","제임스 듀이 왓슨 지음, 김명남 옮김","이레","20090629","25,000","22,500","1,250점","463","에세이"
"150","국내도서","ENGLISH ICEBREAK VISUAL VOCA 333","4156872","9788970636252","14740","영춘선생 지음, Icebreak Contents Lab 기획","Watermelon(워터메론)","20090622","10,000","9,000","500점","527","외국어"
"151","국내도서","최연소 퀴즈영웅 정한이의 책갈피 공부법","4184600","9788992647694","03370","서정희.신상진 지음","쌤앤파커스","20090701","12,000","10,800","600점","307","좋은부모"
"152","국내도서","은하수를 여행하는 히치하이커를 위한 안내서 - 전5권 세트","538938","9788970134932","04840","더글러스 애덤스 지음, 김선형 외 옮김","책세상","20050115","40,500","36,450","2,020점","1607","소설/시/희곡"
"153","국내도서","한국 단편소설 베스트 30","347825","9788976700377","43810","김동인 외 지음","혜문서관","20020507","12,000","10,800","600점","4868","청소년"
"154","국내도서","천사의 게임 1","4237637","9788937482717","04870","카를로스 루이스 사폰 지음, 송병선 옮김","민음사","20090715","13,000","11,700","650점","1119","소설/시/희곡"
"155","국내도서","작안의 샤나 S 외전 3","4227371","9788925248400","07830","타카하시 야시치로우 지음, 장세연 옮김, 이토 노이지 그림","대원씨아이(단행본)","20090710","6,000","5,400","300점","349","소설/시/희곡"
"156","국내도서","꼴 5 : 뒤통수에도 꼴이 있다","4175060","9788960861862","07810","허영만 지음, 신기원 감수","위즈덤하우스","20090630","15,000","13,500","750점","1365","만화"
"157","국내도서","내 인생을 바꾼 한 권의 책 2","4103504","9788901097732","04800","박경철 외 지음","리더스북","20090624","12,000","10,800","600점","1825","에세이"
"158","국내도서","대한민국 화장품의 비밀","3573099","9788934003786","13570","구희연.이은주 지음","거름","20090408","12,000","10,800","600점","6987","요리/살림"
"159","국내도서","꿈, 희망, 미래","4187284","9788950919429","03320","스티브 김 지음","21세기북스","20090630","12,000","10,800","600점","795","경제경영"
"160","국내도서","유진과 유진","500398","9788957980132","03810","이금이 지음","푸른책들","20040621","13,500","12,150","670점","24369","청소년"
"161","국내도서","돼지가 한 마리도 죽지 않던 날 (반양장)","565495","9788958280927","43840","로버트 뉴턴 펙 지음, 김옥수 옮김","사계절","20050627","9,000","8,100","450점","12810","청소년"
"162","국내도서","완득이","1836808","9788936433635","03810","김려령 지음","창비","20080317","12,800","11,520","640점","12023","소설/시/희곡"
"163","국내도서","불멸의 신성가족","3737293","9788936485580","03300","김두식 지음","창비","20090515","15,000","13,500","150점","2631","사회과학"
"164","국내도서","아티스트 웨이","441506","9788986377262","03840","줄리아 카메론 지음, 임지호 옮김","경당","20031120","12,000","10,800","600점","3670","예술/대중문화"
"165","국내도서","이유 없이 행복하라","4167613","9788960170728","03840","마르시 쉬모프.캐럴 클라인 지음, 안진환 옮김","민음인","20140409","19,000","17,100","950점","1340","자기계발"
"166","국내도서","문학소녀와 신과 마주보는 작가 下","4206623","9788925817880","04830","노무라 미즈키 지음, 최고은 옮김, 타케오카 미호 그림","학산문화사(라이트노벨)","20090707","5,900","5,310","290점","576","소설/시/희곡"
"167","국내도서","너도 떠나보면 나를 알게 될 거야","989628","9788954603874","03940","김동영 지음","달","20070918","12,000","10,800","600점","7771","에세이"
"168","국내도서","행복한 종이오리기 2","4129154","9788972216100","13630","이마모리 미쓰히코 지음, 이수미 옮김","진선아트북","20090611","10,800","9,720","540점","1491","건강/취미"
"169","국내도서","콕지 3652 박성현 교육학 징검다리","3872985","9788993125160","13370","박성현 지음","에듀모어","20090525","29,000","27,550","1,450점","322","대학교재/전문서적"
"170","국내도서","난장이가 쏘아올린 작은 공","241650","9788995151204","03810","조세희 지음","이성과힘","20000710","13,000","11,700","650점","47602","소설/시/희곡"
"171","국내도서","박사가 사랑한 수식","502045","9788957090251","03830","오가와 요코 지음, 김난주 옮김","이레","20040705","12,800","11,520","640점","15112","소설/시/희곡"
"172","국내도서","국어시간에 소설읽기 1","616164","9788987402581","43810","김은형 엮음","나라말","20060105","6,500","5,850","320점","7225","청소년"
"173","국내도서","나의 라임 오렌지나무","431728","9788972975236","03890","J.M 바스콘셀로스 지음, 박동원 옮김","동녘","20030905","9,000","8,100","450점","16304","소설/시/희곡"
"174","국내도서","위저드 베이커리","3526257","9788936456160","43810","구병모 지음","창비","20090327","11,000","9,900","550점","7458","청소년"
"175","국내도서","호밀밭의 파수꾼","279711","9788937460470","04840","J.D. 샐린저 지음, 공경희 옮김","민음사","20010530","8,000","7,200","400점","55865","소설/시/희곡"
"176","국내도서","365 매일 읽는 긍정의 한 줄","2962919","9788995584194","00840","린다 피콘 지음, 유미성 옮김","책이있는풍경","20081228","10,000","9,000","500점","5063","에세이"
"177","국내도서","정재승의 과학 콘서트","440967","9788988165348","03400","정재승 지음","동아시아","20031107","8,000","7,200","400점","17724","과학"
"178","국내도서","살아있는 한국사 교과서 2","334446","9788958620228","03900","전국역사교사모임 엮음","휴머니스트","20120409","19,000","17,100","950점","19476","역사"
"179","국내도서","맹자집주","48322","9788985395991","04140","성백효 옮김","전통문화연구회","20050625","22,000","22,000","1,100점","1538","인문학"
"180","국내도서","손도끼","271971","9788971967867","43840","게리 폴슨 지음, 김민석 옮김","사계절","20010328","8,800","7,920","440점","19003","청소년"
"181","국내도서","헉hug! 아프리카","4184496","9788970859453","03810","김영희 지음","교보문고(단행본)","20090629","6,500","5,850","320점","605","여행"
"182","국내도서","3월의 라이온 2","4230029","9788925827025","07650","우미노 치카 지음","시리얼(학산문화사)","20090713","8,000","7,200","400점","1772","만화"
"183","국내도서","해커스 보카 (Hackers Vocabulary) (테이프 별매)","664769","9788990700315","18740","David Cho 지음","해커스어학연구소(Hackers)","20060620","15,900","14,310","790점","20318","외국어"
"184","국내도서","거꾸로 읽는 세계사","2227082","9788974140472","03900","유시민 지음","푸른나무","20080605","13,000","11,700","650점","8541","역사"
"185","국내도서","맞수기업열전","4213724","9788993905038","03320","정혁준 지음","에쎄","20090713","15,000","13,500","750점","635","경제경영"
"186","국내도서","E=mc2","550332","9788984984110","03400","데이비드 보더니스 지음, 김민희 옮김, 한창우 감수","생각의나무","20050321","13,000","11,700","650점","6476","과학"
"187","국내도서","해리 포터와 혼혈왕자 세트 - 전4권 (무선)","599660","9788983922007","04840","조앤 K. 롤링 지음, 최인자 옮김","문학수첩","20051122","34,000","30,600","1,700점","13097","소설/시/희곡"
"188","국내도서","문학의 숲을 거닐다","548144","9788946415041","03810","장영희 지음","샘터사","20050314","12,000","10,800","600점","14552","에세이"
"189","국내도서","자본주의를 의심하는 이들을 위한 경제학","4092407","9788992053273","03900","조지프 히스 지음, 노시내 옮김","마티","20090610","16,000","14,400","800점","1465","사회과학"
"190","국내도서","지식 e - 시즌 2","1021098","9788956052199","03810","EBS 지식채널ⓔ 엮음","북하우스","20071217","12,800","11,520","640점","10506","인문학"
"191","국내도서","9급 공무원 10급 기능직 사회","3175232","9788952610096","13300","임화성. 장혁 엮음","서울고시각","20090125","28,000","25,200","1,400점","246","수험서/자격증"
"192","국내도서","오두막","3288730","9788933830406","03840","윌리엄 폴 영 지음, 한은경 옮김","세계사","20090316","13,800","12,420","690점","10635","소설/시/희곡"
"193","국내도서","공중그네","536717","9788956601021","03830","오쿠다 히데오 지음, 이영미 옮김","은행나무","20050115","17,000","15,300","850점","47518","소설/시/희곡"
"194","국내도서","권능","4134290","9788960971202","03230","전병욱 지음","규장(규장문화사)","20090622","10,000","9,000","500점","647","종교/역학"
"195","국내도서","묵향 25","4187526","9788992133050","04810","전동조 지음","SKY미디어(스카이미디어)","20090701","9,000","8,100","450점","1009","소설/시/희곡"
"196","국내도서","3개월에 12kg 빼주는 살잡이 까망콩","3340249","9788974255398","13320","정주영 지음, 채기원 감수","국일미디어(국일출판사)","20090307","10,000","9,000","500점","3531","건강/취미"
"197","국내도서","해커스 텝스 Listening (테이프 별매)","2777342","9788990700643","18740","데이빗 조 (David Cho) 지음","해커스어학연구소(Hackers)","20081114","24,900","22,410","1,240점","7213","외국어"
"198","국내도서","졸업","4097757","9788972754367","03830","히가시노 게이고 지음, 양윤옥 옮김","현대문학","20090630","12,000","10,800","600점","2132","소설/시/희곡"
"199","국내도서","열일곱 살의 털","2478515","9788958283065","43810","김해원 지음","사계절","20080830","10,500","9,450","520점","7695","청소년"
"200","국내도서","인문의 숲에서 경영을 만나다","1009762","9788950912765","13320","정진홍 지음","21세기북스","20071119","15,000","13,500","750점","5349","경제경영"
"201","국내도서","탤런트 코드","4101734","9788901096414","03320","대니얼 코일 지음, 윤미나 옮김","웅진지식하우스","20090610","13,000","11,700","650점","4255","자기계발"
"202","국내도서","솔로몬 부자학 31장","2343407","9788950911157","13320","스티븐 K. 스코트 지음, 오윤성 옮김","21세기북스","20071207","12,000","10,800","600점","139","자기계발"
"203","국내도서","작은 소리로 아들을 위대하게 키우는 법","889659","9788950910877","03370","마츠나가 노부후미 지음, 이수경 옮김","21세기북스","20070226","10,000","9,000","500점","13079","좋은부모"
"204","국내도서","원형지정 주식실전매매 1 : 기본편","2780836","9788996142621","13320","황호철 지음","나눔터북스","20081101","20,000","18,000","1,000점","1328","경제경영"
"205","국내도서","부모와 아이 사이","429028","9788990220127","03180","하임 기너트 외 지음, 신홍민 옮김","양철북","20030816","13,000","11,700","650점","28460","좋은부모"
"206","국내도서","그레이브야드 북","4141289","9788901097503","03840","닐 게이먼 지음, 나중길 옮김, 데이브 매킨 그림","노블마인","20090620","12,000","10,800","600점","314","소설/시/희곡"
"207","국내도서","바르톨로메는 개가 아니다","598552","9788958281313","43850","라헐 판 코에이 지음, 박종대 옮김","사계절","20051125","11,500","10,350","570점","10766","청소년"
"208","국내도서","느림보 마음","4182210","9788992783194","03810","문태준 지음","마음의숲","20090706","12,000","10,800","600점","602","에세이"
"209","국내도서","해커스 토익 스타트 Listening (Hackers TOEIC Start Listening)","2620622","9788990700605","18740","데이빗 조 (David Cho) 지음","해커스어학연구소(Hackers)","20081010","12,900","11,610","640점","17832","외국어"
"210","국내도서","참 서툰 사람들","3066296","9788901091556","03810","박광수 지음","갤리온","20090112","13,800","12,420","690점","5619","에세이"
"211","국내도서","드림셀러","4139269","9788901097701","03890","아우구스토 쿠리 지음, 박원복 옮김","시작","20090626","10,000","9,000","500점","450","소설/시/희곡"
"212","국내도서","율리시스","889816","9788984986817","03840","제임스 조이스 지음, 김종건 옮김","생각의나무","20070313","38,000","34,200","1,900점","3139","소설/시/희곡"
"213","국내도서","안녕 피아노 소나타 3","4230076","9788926790007","04830","스기이 히카루 지음, 정효진 옮김, 우에다 료 그림","디앤씨미디어(주)(D&C미디어)","20090710","6,000","5,400","300점","613","소설/시/희곡"
"214","국내도서","가려 뽑은 삼국유사","536832","9788932312798","03810","최선경 지음, 안태성 그림","현암사","20050110","8,500","7,650","420점","3605","청소년"
"215","국내도서","토익이 가벼워지는 토마토 BASIC Reading","2714370","9788959972630","13740","이성룡 외 지음","능률교육","20081020","12,000","10,800","600점","11980","외국어"
"216","국내도서","앤토익 실전모의고사","2314519","9788991661103","14740","안광모 외 지음","(주)잉글리쉬앤(Engliah&북스)","20080627","18,800","16,920","940점","1364","외국어"
"217","국내도서","마지막 강의","2262172","9788952209245","03320","랜디 포시.제프리 재슬로 지음, 심은우 옮김","살림","20080616","16,000","14,400","800점","24998","자기계발"
"218","국내도서","자전거 여행","934695","9788984987272","03810","김훈 지음, 이강빈 사진","생각의나무","20070622","13,000","11,700","650점","4544","에세이"
"219","국내도서","캠퍼 5","4232565","9788926303795","04830","츠키지 토시히코 지음, 윤영의 옮김","서울미디어코믹스(서울문화사)","20090710","5,900","5,310","290점","337","소설/시/희곡"
"220","국내도서","다리 다이어트","3807299","9788991360815","13510","사이토 미에코 지음, 김하경 옮김","보누스","20090604","6,500","5,850","320점","2171","건강/취미"
"221","국내도서","닌자걸스","4182254","9788949120911","44810","김혜정 지음","비룡소","20090626","11,000","9,900","550점","1326","청소년"
"222","국내도서","간고등어 코치 王 자를 부탁해","940321","9788915057388","13690","최성조 지음","삼성출판사","20070701","13,800","12,420","690점","5690","건강/취미"
"223","국내도서","리버 보이","999466","9788992555487","03830","팀 보울러 지음, 정해영 옮김","놀(다산북스)","20071020","9,000","8,100","450점","19046","청소년"
"224","국내도서","퇴계 달중이를 만나다","532978","9788958510178","03150","김은미.김영우 지음","디딤돌(단행본)","20041215","8,000","7,200","400점","1590","청소년"
"225","국내도서","파피용 (양장)","2253337","9788932907741","04860","베르나르 베르베르 지음, 전미연 옮김, 뫼비우스 그림","열린책들","20080613","15,800","14,220","790점","7857","소설/시/희곡"
"226","국내도서","거꾸로, 희망이다","4141903","9788996268802","03810","김수행 외 지음","시사IN북","20090618","12,000","10,800","600점","1166","사회과학"
"227","국내도서","타나토노트 1 (양장)","248422","9788932903200","04860","베르나르 베르베르 지음, 이세욱 옮김","열린책들","20000915","15,800","14,220","790점","8708","소설/시/희곡"
"228","국내도서","장수경의 삼원소 영문법 - 전3권","3658042","9788996241614","13740","장수경 지음","삼원소어학연구소","20090417","34,000","32,300","1,700점","2662","외국어"
"229","국내도서","날아라, 잡상인","4185569","9788937482656","03810","우승미 지음","민음사","20090629","11,000","9,900","550점","295","소설/시/희곡"
"230","국내도서","프린세스 마법의 주문","858352","9788960860025","03810","아네스 안 지음","위즈덤하우스","20061122","9,800","8,820","490점","8027","자기계발"
"231","국내도서","한자능력검정시험 6급(6급2 포함)","1029303","9788996360353","13700","한국어문교육연구회 엮음","한국어문교육연구회","20090120","9,000","8,100","450점","1458","수험서/자격증"
"232","국내도서","픽션","4217053","9788990739780","03840","닉 혼비.조너선 샤프란 포어.닐 게이먼.레모니 스니켓 외 지음, 이현수 옮김","Media2.0(미디어 2.0)","20090715","12,000","10,800","600점","494","소설/시/희곡"
"233","국내도서","비키니야, 미안해!","3733702","9788996001065","13510","김준희 지음","엘컴퍼니","20090514","12,000","10,800","600점","930","건강/취미"
"234","국내도서","한비야의 중국견문록","292811","9788971844779","03810","한비야 지음","푸른숲","20010824","15,000","13,500","750점","15696","여행"
"235","국내도서","위대한 잠재력","4153358","9788984054721","13320","커트 모텐슨 지음, 안진환 옮김","더난출판사","20090709","14,000","12,600","700점","296","자기계발"
"236","국내도서","내 여동생이 이렇게 귀여울 리가 없어 1","4095705","9788925246857","07830","후시미 츠카사 지음, 유정한 옮김, 칸자키 히로 그림","대원씨아이(단행본)","20090610","6,000","5,400","300점","1041","소설/시/희곡"
"237","국내도서","타나토노트 2 (양장)","248423","9788932903217","04860","베르나르 베르베르","열린책들","20000915","15,800","14,220","790점","8360","소설/시/희곡"
"238","국내도서","한국사 능력 검정시험 4급","3587027","9788960980747","13900","역사교사모임 엮음","씨앤톡","20090410","17,000","15,300","850점","366","수험서/자격증"
"239","국내도서","시골의사의 주식투자란 무엇인가 1.2 세트 - 전2권","4165472","9788901088457","13320","박경철 지음","리더스북","20090623","35,000","31,500","1,750점","1025","경제경영"
"240","국내도서","상실의 시대","72797","9788970123691","03830","무라카미 하루키 지음, 유유정 옮김","문학사상사","20001002","15,000","13,500","750점","33990","소설/시/희곡"
"241","국내도서","바람의 딸, 우리 땅에 서다","211073","9788971844755","03810","한비야 지음","푸른숲","20060908","12,000","10,800","600점","11351","여행"
"242","국내도서","생각","4152345","9788984989603","13320","이어령 지음","생각의나무","20090701","12,000","10,800","600점","730","에세이"
"243","국내도서","해리 포터와 마법사의 돌 1 (무선)","210689","9788983920683","04840","조앤 K. 롤링 지음, 김혜원 옮김","문학수첩","19991119","8,000","7,200","400점","20442","소설/시/희곡"
"244","국내도서","당신도, 그림처럼","4222261","9788961960359","03600","이주은 지음","앨리스","20090712","13,000","11,700","650점","754","예술/대중문화"
"245","국내도서","춤추는 소매 바람을 따라 휘날리니","448507","9788987402338","44810","류수열 지음, 이승민 그림","나라말","20031211","8,500","7,650","420점","6662","청소년"
"246","국내도서","신도 버린 사람들","929175","9788934925798","03840","나렌드라 자다브 지음, 강수정 옮김","김영사","20070608","14,500","13,050","720점","15976","사회과학"
"247","국내도서","큰발 중국 아가씨","633743","9788990364982","74800","렌세이 나미오카 지음, 최인자 옮김","달리","20060310","9,500","8,550","470점","6701","청소년"
"248","국내도서","일본어 무작정 따라하기 (책 + mp3 CD 1장 + 휴대용 소책자)","2161528","9788960471269","03730","후지이 아사리 지음","길벗이지톡","20080520","16,500","14,850","820점","11066","외국어"
"249","국내도서","니시구치 선생의 수학독해","4134201","9788963700205","43410","니시구치 타다시 지음","다산에듀","20090617","10,000","9,000","500점","457","청소년"
"250","국내도서","혁명을 팝니다","644076","9788992053013","03900","조지프 히스.앤드류 포터 지음, 윤미경 옮김","마티","20060420","17,000","15,300","850점","1132","인문학"
"251","국내도서","과자, 내 아이를 해치는 달콤한 유혹","563180","9788974253998","13320","안병수 지음","국일미디어(국일출판사)","20050523","11,000","9,900","550점","16878","좋은부모"
"252","국내도서","모리와 함께한 화요일","2568375","9788984072916","03840","미치 앨봄 지음, 공경희 옮김","세종(세종서적)","20081001","10,000","9,000","500점","986","에세이"
"253","국내도서","드러커 100년의 철학","464676","9788935205509","03320","피터 드러커 지음, 남상진 옮김","청림출판","20040215","15,000","13,500","750점","1749","경제경영"
"254","국내도서","갈라파고스","423398","9788989938316","03840","커트 보네거트 지음, 박웅희 옮김","아이필드","20030722","8,000","7,200","400점","2429","소설/시/희곡"
"255","국내도서","모질게 토익 Economy LC 1000제 2 문제집 (해설집 별매)","2988047","9788950916541","13740","짐 리 지음","21세기북스","20090105","12,000","10,800","600점","2369","외국어"
"256","국내도서","당신 인생의 이야기","526075","9788989571308","03840","테드 창 지음, 김상훈 옮김","행복한책읽기","20041101","14,000","12,600","700점","5528","소설/시/희곡"
"257","국내도서","광장 / 구운몽","14058","9788932008486","03810","최인훈 지음","문학과지성사","19961110","10,000","9,000","500점","10333","소설/시/희곡"
"258","국내도서","한국사 능력 검정시험 3급 수험서","1995124","9788909140324","13900","류헌명 외 지음","교학사","20080415","15,000","13,500","750점","1953","수험서/자격증"
"259","국내도서","순종","344299","9788953101371","03230","존 비비어 지음, 윤종석 옮김","두란노","20020409","10,000","9,000","500점","10849","종교/역학"
"260","국내도서","타임퀘이크","624416","9788989938705","03840","커트 보네거트 지음, 박웅희 옮김","아이필드","20060210","10,000","9,000","500점","1281","소설/시/희곡"
"261","국내도서","미식견문록","4182450","9788960900585","03900","요네하라 마리 지음, 이현진 옮김","마음산책","20090701","12,000","10,800","600점","1894","인문학"
"262","국내도서","난세에 답하다","2947440","9788992525411","03900","김영수 지음","알마","20081217","19,800","17,820","990점","1938","역사"
"263","국내도서","해커스 그래머 스타트 (Hackers Grammar Start)","451651","9788990700056","13740","데이빗 조 (David Cho) 지음","해커스어학연구소(Hackers)","20040107","16,900","15,210","840점","24885","외국어"
"264","국내도서","종교 전쟁","4121982","9788983712356","03400","신재식 외 지음","사이언스북스","20090612","22,000","19,800","1,100점","1510","인문학"
"265","국내도서","마시멜로 이야기 선물세트","2973692","9788947526913","03320","호아킴 데 포사다.엘렌 싱어 지음, 공경희 옮김","한국경제신문","20071217","15,000","13,500","750점","890","자기계발"
"266","국내도서","영화로 만나는 치유의 심리학","4159136","9788984453623","03180","김준기 지음","시그마북스","20090701","13,800","12,420","690점","4075","인문학"
"267","국내도서","13계단","611497","9788982738654","03830","다카노 가즈아키 지음","황금가지","20051224","16,800","15,120","840점","12184","소설/시/희곡"
"268","국내도서","롤리타","197801","9788937460302","04840","블라디미르 나보코프 지음, 권택영 옮김","민음사","19990625","9,500","8,550","470점","3588","소설/시/희곡"
"269","국내도서","하나의 대한민국, 두 개의 현실","982315","9788959400812","03300","지승호 지음, 박노자 외","시대의창","20070915","13,500","12,150","670점","2452","사회과학"
"270","국내도서","무지개를 풀며","2061889","9788955614244","03400","리처드 도킨스 지음, 최재천.김산하 옮김","바다출판사","20080418","16,000","14,400","800점","1024","과학"
"271","국내도서","버전업 굿모닝 독학 일본어 첫걸음 (무료 동영상 강의, MP3 무료 다운로드, 워크북, 핸드북)","679124","9788983004925","03730","정선영 지음, 오현정 감수","동양북스(동양문고)","20140305","14,500","13,050","720점","18550","외국어"
"272","국내도서","모든 일은 결국 벌어진다 - 상","4153403","9788960172173","04840","스티븐 킹 지음, 조영학 옮김","황금가지","20090619","16,800","15,120","840점","791","소설/시/희곡"
"273","국내도서","인생 수업","659130","9788957090817","03840","엘리자베스 퀴블러-로스 외 지음, 류시화 옮김","이레","20060606","18,000","16,200","900점","57728","에세이"
"274","국내도서","궁宮 20","3996674","9788926316924","47810","박소희 지음","서울미디어코믹스(서울문화사)","20090528","4,500","4,050","220점","1267","만화"
"275","국내도서","십시일反","427677","9788936470838","07810","박재동 외 지음","창비","20030805","13,000","11,700","650점","14175","만화"
"276","국내도서","여행도 병이고 사랑도 병이다","3885433","9788954608176","03980","변종모 지음","달","20090609","14,500","13,050","720점","887","에세이"
"277","국내도서","철학자는 왜 거꾸로 생각할까?","609193","9788990987037","03160","요술피리 지음, 노현정 그림","올벼","20051230","10,900","9,810","540점","1053","청소년"
"278","국내도서","주께 하듯 하라","901787","9788971542903","03230","채의숭 지음","국민일보","20070329","12,000","10,800","600점","1546","종교/역학"
"279","국내도서","밀레니엄 3 - 상","4093261","9788993345056","04890","스티그 라르손 지음, 박현용 옮김","아르테","20090622","13,000","11,700","650점","573","소설/시/희곡"
"280","국내도서","열혈 수탉 분투기","2209344","9788971847763","44820","창신강 지음, 전수정 옮김, 션위엔위엔 그림","푸른숲주니어","20080605","13,000","11,700","650점","7509","청소년"
"281","국내도서","좋은 기업을 넘어... 위대한 기업으로","573138","9788934918288","03320","짐 콜린스 지음, 이무열 옮김","김영사","20050705","15,900","14,310","790점","7271","경제경영"
"282","국내도서","漢字 암기 박사","573539","9788983004338","03710","박원길 지음","동양북스(동양문고)","20050716","12,000","10,800","600점","9360","외국어"
"283","국내도서","고뇌의 원근법","4039931","9788971993385","03600","서경식 지음, 박소현 옮김","돌베개","20090525","16,000","14,400","800점","2163","역사"
"284","국내도서","땡큐~나물이네 매일밥상","3105252","9788961888097","13590","김용환 지음","중앙books(중앙북스)","20090115","12,000","10,800","600점","3352","요리/살림"
"285","국내도서","단장의 그림 9","4227657","9788925248387","07830","코다 가쿠토 지음, 유정한 옮김, 미카즈키 카케루 그림","대원씨아이(단행본)","20090710","6,000","5,400","300점","175","소설/시/희곡"
"286","국내도서","렛미인 1","4246802","9788954608459","04840","욘 아이비데 린드크비스트 지음, 최세희 옮김","문학동네","20090724","13,000","11,700","650점","2389","소설/시/희곡"
"287","국내도서","챌린지 주니어 영어학습사전","1719686","9788980992799","51740","종합출판범우(주) 편집부 엮음","종합출판(EnG)","20080220","21,000","18,900","1,050점","96","외국어"
"288","국내도서","꿈이 있는 아내는 늙지 않는다","978133","9788976772589","03810","김미경 지음","명진출판사","20070928","10,000","9,000","500점","11246","자기계발"
"289","국내도서","소리치지 않고 때리지 않고 아이를 변화시키는 비결","390979","9788976771445","03590","제리 위코프 외 지음, 서현정 옮김","명진출판사","20021205","9,800","8,820","490점","6057","좋은부모"
"290","국내도서","내가 죽인 소녀","4184089","9788992036894","03830","하라 료 지음, 권일영 옮김","비채","20090629","12,000","10,800","600점","819","소설/시/희곡"
"291","국내도서","멘사 논리 퍼즐","2362396","9788991360570","04410","필립 카터.켄 러셀 지음, 강미경 옮김","보누스","20070220","7,900","7,110","390점","3139","건강/취미"
"292","국내도서","수학 비타민","438589","9788957571200","43410","박경미 지음","랜덤하우스코리아","20031025","9,000","8,100","450점","8785","과학"
"293","국내도서","토익이 가벼워지는 토마토 BASIC Listening","2714428","9788959972654","18740","이성룡 외 지음","능률교육","20081020","12,000","10,800","600점","11187","외국어"
"294","국내도서","자녀를 위한 무릎 기도문","930067","9788931813623","03230","나침반사 편집부 엮음","나침반","20070703","4,000","3,600","200점","14187","종교/역학"
"295","국내도서","사다리 걷어차기","487944","9788985989695","03320","장하준 지음, 형성백 옮김","부키","20040510","12,000","10,800","600점","11076","경제경영"
"296","국내도서","외우지 않고 통으로 이해하는 통세계사 1","4168225","9788963700250","44900","김상훈 지음","다산에듀","20090625","15,000","13,500","750점","3652","역사"
"297","국내도서","마니아를 위한 세계 미스터리 걸작선","366928","9788972201229","03840","아서 코난 도일 외 지음, 정영목, 정태원 옮겨엮음","도솔","20020720","18,000","16,200","900점","4695","소설/시/희곡"
"298","국내도서","성경 파노라마","2008088","9788960970465","03230","테리 홀 지음, 배응준 옮김","규장(규장문화사)","20080407","15,000","13,500","750점","14168","종교/역학"
"299","국내도서","부동산과 세금 2009","3585465","","","국세청 편집부 엮음","국세청","20090409","1,000","1,000","30점","897","경제경영"
"300","국내도서","방송기획 제작의 기초","2503186","9788984993686","03300","설진아 지음","커뮤니케이션북스","20080801","8,500","7,650","420점","66","대학교재/전문서적"
"301","국내도서","아기 성장 보고서","3119023","9788959133642","03590","EBS 아기성장보고서 제작팀 지음","위즈덤하우스","20090125","16,800","15,120","840점","6794","좋은부모"
"302","국내도서","불안","591861","9788957090541","03840","알랭 드 보통 지음, 정영목 옮김","이레","20051015","13,000","11,700","650점","12530","에세이"
"303","국내도서","88만원 세대","965726","9788995995204","03300","우석훈.박권일 지음","레디앙","20070801","15,000","13,500","750점","14097","사회과학"
"304","국내도서","피츠버그의 마지막 여름","4116276","9788963700274","03840","마이클 셰이본 지음, 이선혜 옮김","다산책방","20090611","12,000","10,800","600점","354","소설/시/희곡"
"305","국내도서","대항해 시대","1909952","9788952108678","93920","주경철 지음","서울대학교출판부","20080310","23,000","23,000","1,150점","3672","대학교재/전문서적"
"306","국내도서","아버지의 가계부","883160","9788984986732","03320","제윤경 지음","Tb(티비)","20070206","10,000","9,000","500점","8228","경제경영"
"307","국내도서","청소년을 위한 세계사 : 동양편","514645","9788977151420","43900","우경윤 지음","두리미디어","20040825","15,000","13,500","750점","4516","청소년"
"308","국내도서","고산자","4096331","9788954608275","03810","박범신 지음","문학동네","20090612","11,000","9,900","550점","1780","소설/시/희곡"
"309","국내도서","경청","914782","9788960860193","03320","조신영 외 지음","위즈덤하우스","20070502","13,000","11,700","650점","20223","자기계발"
"310","국내도서","카타리나 블룸의 잃어버린 명예","2224440","9788937461804","04800","하인리히 뵐 지음, 김연수 옮김","민음사","20080530","9,000","8,100","450점","13566","소설/시/희곡"
"311","국내도서","하악하악","1914113","9788973379507","03810","이외수 지음, 정태련 그림","해냄","20080330","14,500","13,050","720점","21915","에세이"
"312","국내도서","아주 가벼운 깃털 하나","3175627","9788984313170","03810","공지영 지음","한겨레출판","20090216","12,000","10,800","600점","6397","에세이"
"313","국내도서","고민하는 힘","3442976","9788958283560","03300","강상중 지음, 이경덕 옮김","사계절","20090327","11,000","9,900","550점","7396","인문학"
"314","국내도서","사랑하라 한번도 상처받지 않은 것처럼","549492","9788995501474","03810","류시화 엮음","오래된미래","20050326","10,000","9,000","500점","41055","소설/시/희곡"
"315","국내도서","십자군 이야기 1","444191","9788990230362","07920","김태권 지음","길찾기","20031210","9,800","8,820","490점","3922","역사"
"316","국내도서","모질게 토익 Economy RC 1000제 제2탄 : 정답과 해석까지 있는 문제집","2993820","9788950916558","13740","강진오.강원기 지음","21세기북스","20090105","12,000","10,800","600점","2532","외국어"
"317","국내도서","소리치지 않고 때리지 않고 아이를 변화시키는 비결 2","589567","9788976772183","03590","제리 위코프.바바라 우넬 지음, 장여경 옮김","명진출판사","20051006","9,800","8,820","490점","2267","좋은부모"
"318","국내도서","된다 된다 나는 된다","2910389","9788990872524","03320","니시다 후미오 지음, 하연수 옮김","흐름출판","20081205","16,800","15,120","840점","3356","자기계발"
"319","국내도서","잇츠 캠핑 it's camping","3732634","9788991995574","13980","성연재 외 지음","이밥차(그리고책)","20100615","12,000","10,800","600점","667","여행"
"320","국내도서","피플 오브 더 북","4121970","9788954608305","03840","제럴딘 브룩스 지음, 이나경 옮김","문학동네","20090710","13,000","11,700","650점","338","소설/시/희곡"
"321","국내도서","워렌 버핏처럼 적정주가 구하는 법","4222430","9788996032038","13320","이은원 지음","부크온(부크홀릭)","20090708","16,000","14,400","800점","612","경제경영"
"322","국내도서","살아 있는 것은 다 행복하라","623174","9788995757703","03810","법정(法頂) 지음, 류시화 엮음","조화로운삶(위즈덤하우스)","20060215","9,800","8,820","490점","21229","종교/역학"
"323","국내도서","지식 e - 시즌 4","3203543","9788956053271","03810","EBS 지식채널ⓔ 지음","북하우스","20090223","12,800","11,520","640점","6437","인문학"
"324","국내도서","오렌지비치","4074676","9788901095806","03840","앤디 앤드루스 지음, 강주헌 옮김","웅진지식하우스","20090530","12,000","10,800","600점","574","에세이"
"325","국내도서","젊은 베르테르의 기쁨","564559","9788984984387","03840","알랭 드 보통 지음, 정명진 옮김","생각의나무","20050531","12,000","10,800","600점","4875","인문학"
"326","국내도서","지리산 둘레길 걷기여행","4137406","9788972002420","13980","이혜영 지음","한국방송출판","20090612","15,000","13,500","750점","874","여행"
"327","국내도서","오토 마호 2","4232620","9788926303832","04830","시라세 슈 지음, 야스 그림, 곽형준 옮김","서울미디어코믹스(서울문화사)","20090710","6,000","5,400","300점","195","소설/시/희곡"
"328","국내도서","아홉살 인생","265067","9788972782285","03810","위기철 지음","청년사","20010126","9,800","8,820","490점","18717","소설/시/희곡"
"329","국내도서","희망을 여행하라","4092985","9788971398166","03980","이매진피스.임영신.이혜영 지음","소나무","20090610","16,000","14,400","800점","2149","사회과학"
"330","국내도서","쌍둥이 형제의 3Step 학습법","4168182","9788991731394","13000","박현준.박현성 지음","예담Friend","20090629","12,000","10,800","600점","360","청소년"
"331","국내도서","잠자는 숲","4097780","9788972754374","03830","히가시노 게이고 지음, 양윤옥 옮김","현대문학","20090630","12,000","10,800","600점","1863","소설/시/희곡"
"332","국내도서","종이인형","3817296","9788954608008","03810","황경신 지음","달","20090525","13,000","11,700","650점","366","에세이"
"333","국내도서","위대한 개츠비","417997","9788937460753","04840","F. 스콧 피츠제럴드 지음, 김욱동 옮김","민음사","20101208","9,000","8,100","450점","35807","소설/시/희곡"
"334","국내도서","삼대","530331","9788932015552","04810","염상섭 지음, 정호웅 편집","문학과지성사","20041203","15,000","13,500","750점","8334","소설/시/희곡"
"335","국내도서","기적의 사과","4233165","9788934935186","03810","기무라 아키노리, 이시카와 다쿠지 지음, 이영미 옮김, NHK '프로페셔널-프로의 방식'","김영사","20090716","11,000","9,900","550점","4247","에세이"
"336","국내도서","꼴 1~5권 세트 - 전5권","4175080","9788960861886","17810","허영만 지음, 신기원 감수","위즈덤하우스","20090630","45,000","40,500","2,250점","522","만화"
"337","국내도서","아직도 가야 할 길","452764","9788974272227","03180","M.스캇 펙 지음, 신승철 외 옮김","열음사","20070320","13,000","11,700","650점","9896","인문학"
"338","국내도서","우리들의 행복한 시간","553004","9788971844298","03810","공지영 지음","푸른숲","20050418","9,500","8,550","470점","30113","소설/시/희곡"
"339","국내도서","아버지의 편지","2746852","9788934931942","03810","정민.박동욱 엮음","김영사","20081028","13,000","11,700","650점","1092","역사"
"340","국내도서","생활의 참견","4165532","9788973819874","07810","김양수 지음","(주)태일소담출판사","20090625","10,000","9,000","500점","472","만화"
"341","국내도서","코드 그린","2923995","9788950916428","13320","토머스 L. 프리드만 지음, 이영민 외 옮김, 왕윤종 감수","21세기북스","20081215","29,800","26,820","1,490점","1908","사회과학"
"342","국내도서","2009 마음의 소리 Ver.2","4152336","9788993769081","07810","조석 글.그림","이미지앤노블(코리아하우스콘텐츠)","20090630","10,000","9,000","500점","679","만화"
"343","국내도서","우리는 천사의 눈물을 보았다","2003705","9788952751829","03810","박종인 외 지음","시공사","20080410","11,000","9,900","550점","1109","에세이"
"344","국내도서","엄마 학교","688116","9788990611291","03370","서형숙 지음","큰솔","20060915","12,000","10,800","600점","13176","좋은부모"
"345","국내도서","효과적 커뮤니케이션","3007471","9788950916503","13320","크리스 아지리스 지음, 심영우 옮김","21세기북스","20090102","15,000","13,500","750점","96","자기계발"
"346","국내도서","거꾸로 생각해 봐!","2616509","9788989646518","43300","홍세화 외 지음","낮은산","20081005","10,500","9,450","520점","7979","청소년"
"347","국내도서","수상한 사람들","4226879","9788925533308","03830","히가시노 게이고 지음, 윤성원 옮김","랜덤하우스코리아","20090713","10,000","9,000","500점","507","소설/시/희곡"
"348","국내도서","고도를 기다리며","256532","9788937460432","04860","사무엘 베케트 지음, 오증자 옮김","민음사","20001120","9,000","8,100","450점","28020","소설/시/희곡"
"349","국내도서","어느 날 내가 죽었습니다 (반양장)","484133","9788990878052","43810","이경혜 지음","바람의아이들","20040428","14,000","12,600","700점","21251","청소년"
"350","국내도서","연어","189060","9788985712682","03810","안도현 지음","문학동네","19960301","10,000","9,000","500점","30182","소설/시/희곡"
"351","국내도서","천사와 악마 1","2950301","9788983923042","04840","댄 브라운 지음, 홍성영 옮김","문학수첩","20081220","9,800","8,820","490점","3828","소설/시/희곡"
"352","국내도서","서른살 직장인, 책읽기를 배우다","4141591","9788960861831","03320","구본준.김미영 지음","위즈덤하우스","20090628","12,000","10,800","600점","1333","인문학"
"353","국내도서","블링크","595202","9788950908003","13320","말콤 글래드웰 지음, 이무열 옮김, 황상민 감수","21세기북스","20051120","13,000","11,700","650점","8067","경제경영"
"354","국내도서","잠수네 아이들의 소문난 영어공부법","2270754","9788925519685","14740","이신애 지음","랜덤하우스코리아","20080619","10,500","9,450","520점","7078","좋은부모"
"355","국내도서","타워","3823829","9788901096438","03810","배명훈 지음","오멜라스(웅진)","20090605","10,000","9,000","500점","2121","소설/시/희곡"
"356","국내도서","끌리는 사람은 1%가 다르다","596539","9788984053229","13320","이민규 지음","더난출판사","20051117","12,000","10,800","600점","36062","자기계발"
"357","국내도서","생명과 약의 연결고리","1031658","9788901074627","14080","김성훈 지음","프로네시스(웅진)","20070121","10,000","9,000","500점","120","과학"
"358","국내도서","르몽드 세계사","2825857","9788958622628","03900","르몽드 디플로마티크 지음, 권지현 옮김","휴머니스트","20081117","25,000","22,500","1,250점","3934","역사"
"359","국내도서","외딴방","214605","9788982812460","03810","신경숙 지음","문학동네","19991206","14,500","13,050","720점","8407","소설/시/희곡"
"360","국내도서","일본어능력시험 3급 한권으로 끝내기 (교재 + 모의테스트 문제집 + 스피드 체크북 + 테이프 2개)","586263","9788972552291","18730","이치우 외 지음","다락원","20050913","23,000","20,700","1,150점","3209","외국어"
"361","국내도서","내가 그를 죽였다","4097812","9788972754398","03830","히가시노 게이고 지음, 양윤옥 옮김","현대문학","20090630","12,000","10,800","600점","1969","소설/시/희곡"
"362","국내도서","생일","639291","9788992036078","03810","장영희 지음, 김점선 그림","비채","20060401","12,000","10,800","600점","6233","에세이"
"363","국내도서","키스하기 전에 우리가 하는 말들","564538","9788984984165","03840","알랭 드 보통 지음, 이강룡 옮김","생각의나무","20050530","10,000","9,000","500점","4966","소설/시/희곡"
"364","국내도서","English Re-Start 세트 - 전3권 (Basic + Advanced 1 + Advanced 2 + 끝장노트)","2599733","9788901083346","14740","Christine Gibson 외 지음","NEWRUN(뉴런)","20080707","29,000","26,100","1,450점","10164","외국어"
"365","국내도서","크로스파이어 1","4165543","9788925533155","03830","미야베 미유키 지음, 권일영 옮김","랜덤하우스코리아","20090625","12,000","10,800","600점","571","소설/시/희곡"
"366","국내도서","로드","2188422","9788954605908","03840","코맥 매카시 지음, 정영목 옮김","문학동네","20080610","13,000","11,700","650점","15884","소설/시/희곡"
"367","국내도서","운전면허 학과시험문제","3104222","9788940686959","130009","대한교통안전연구회 엮음","크라운출판사","20100110","10,000","9,000","500점","533","수험서/자격증"
"368","국내도서","인생사용설명서","4126438","9788973370634","03810","김홍신 지음","해냄","20090620","16,800","15,120","840점","4902","에세이"
"369","국내도서","나무","1951458","9788932907871","03860","베르나르 베르베르 지음, 이세욱 옮김, 뫼비우스 그림","열린책들","20080301","15,800","14,220","790점","12896","소설/시/희곡"
"370","국내도서","함께하는 교육학 -하","2947162","","","전태련 지음","마이쌤","20081220","37,000","33,300","1,850점","1122","수험서/자격증"
"371","국내도서","10억의 세일즈 강의","4111628","9788991435186","13320","이정훈 지음","리더북스","20090625","12,000","10,800","600점","634","경제경영"
"372","국내도서","머리가 좋아지는 하루 습관","4174135","9788995584835","13320","요네야마 기미히로 지음, 이근아 옮김","예인(플루토북)","20090710","12,000","10,800","600점","474","자기계발"
"373","국내도서","효재처럼 살아요","3527201","9788954607803","03810","이효재 지음","문학동네","20090406","16,000","14,400","800점","2484","에세이"
"374","국내도서","이즘과 올로지","4161710","9788925532967","03300","아서 골드워그 지음, 이경아 옮김, 남경태 감수","랜덤하우스코리아","20090630","18,000","16,200","900점","540","인문학"
"375","국내도서","밥줄이야기","4231694","9788993916003","03800","이동권 지음","알다","20090622","13,000","11,700","650점","350","에세이"
"376","국내도서","당신, 거기 있어 줄래요?","905982","9788984370791","03860","기욤 뮈소 지음, 전미연 옮김","밝은세상","20070410","9,800","8,820","490점","15163","소설/시/희곡"
"377","국내도서","재미사수 효과만점 일본어 첫걸음","4152418","9788960491274","13730","야마노우치 타스쿠.커뮤니케이션 일본어 연구회 지음, 커뮤니케이션 일본어 연구회 엮음, 오이","사람in","20090727","14,500","13,050","720점","278","외국어"
"378","국내도서","원형지정 주식실전매매 2 : 기법편","2781314","9788996142638","13320","황호철 지음","나눔터북스","20081101","20,000","18,000","1,000점","1193","경제경영"
"379","국내도서","고양이 요람","504731","9788989938507","03840","커트 보네거트 지음, 박웅희 옮김","아이필드","20040707","9,000","8,100","450점","1399","소설/시/희곡"
"380","국내도서","장마","592823","9788937420078","04810","윤흥길 지음","민음사","20051001","11,000","9,900","550점","7447","소설/시/희곡"
"381","국내도서","노빈손 이순신의 거북선을 수호하라","3243411","9788958072515","03810","강용범, 선희영 지음, 이우일 일러스트","뜨인돌","20090218","9,500","8,550","470점","3473","청소년"
"382","국내도서","스키너의 심리상자 열기","571460","9788995688908","03180","로렌 슬레이터 지음, 조증열 옮김","에코의서재","20050720","15,000","13,500","750점","20414","인문학"
"383","국내도서","왼손에는 사기, 오른손에는 삼국지를 들어라","4255565","9788996279501","03320","밍더 지음, 홍순도 옮김, 김영수 감수","더숲","20090713","22,000","19,800","1,100점","1287","자기계발"
"384","국내도서","실패하는 사람들의 10가지 습관","4104980","9788984054738","13320","도널드 R. 키오 지음, 김원옥 옮김","더난출판사","20090622","12,000","10,800","600점","293","자기계발"
"385","국내도서","열혈강의 C 프로그래밍","464599","9788989345701","93000","윤성우 지음","프리렉","20031215","22,000","19,800","1,100점","5928","컴퓨터/모바일"
"386","국내도서","블랙 스완","2708822","9788990247414","03320","나심 니콜라스 탈레브 지음, 차익종 옮김","동녘사이언스","20081024","25,000","22,500","1,250점","2479","경제경영"
"387","국내도서","청소년 경제 수첩","967716","9788990220677","43320","크리스티아네 오퍼만.한대희 지음, 신홍민 옮김","양철북","20070814","9,000","8,100","450점","2138","청소년"
"388","국내도서","함께하는 교육학 -상","2947156","","","전태련 지음","마이쌤","20081220","35,000","31,500","1,750점","1247","수험서/자격증"
"389","국내도서","천사들의 제국 - 상","428739","9788932905266","04860","베르나르 베르베르 지음, 이세욱 옮김","열린책들","20030830","15,800","14,220","790점","5637","소설/시/희곡"
"390","국내도서","가슴 뛰는 삶","2462935","9788992647335","03320","강헌구 지음","쌤앤파커스","20080910","13,000","11,700","650점","7424","자기계발"
"391","국내도서","듀이 : 세계를 감동시킨 도서관 고양이","3085980","9788901091693","03840","비키 마이런.브렛 위터 지음, 배유정 옮김","갤리온","20090202","13,000","11,700","650점","9429","에세이"
"392","국내도서","국어시간에 소설읽기 2","290040","9788987402178","43810","성하성 외 엮음","나라말","20010727","6,500","5,850","320점","8333","청소년"
"393","국내도서","오만과 편견","436838","9788937460883","04840","제인 오스틴 지음","민음사","20030920","13,000","11,700","650점","45873","소설/시/희곡"
"394","국내도서","회사가 붙잡는 사람들의 1% 비밀","3273931","9788960861626","03320","신현만 지음","위즈덤하우스","20090213","17,000","15,300","850점","5327","자기계발"
"395","국내도서","청소년을 위한 세계사 : 서양편","380954","9788977151192","43900","이강무 지음","두리미디어","20020925","15,000","13,500","750점","7030","청소년"
"396","국내도서","동물농장","40674","9788937460050","04840","조지 오웰 지음, 도정일 옮김","민음사","19980805","8,000","7,200","400점","70696","소설/시/희곡"
"397","국내도서","대한민국 원주민","2256401","9788936471453","07840","최규석 지음","창비","20080530","11,000","10,450","550점","4513","만화"
"398","국내도서","2,000원으로 밥상차리기","4215569","9788931438277","13590","김용환 지음","영진.com(영진닷컴)","20090701","9,800","8,820","490점","3134","요리/살림"
"399","국내도서","나는 빠리의 택시운전사","859378","9788936471187","03810","홍세화 지음","창비","20061107","18,000","16,200","180점","7129","에세이"
"400","국내도서","만들어진 신","946590","9788934926184","03400","리처드 도킨스 지음, 이한음 옮김","김영사","20070720","29,000","26,100","1,450점","21929","과학"
"401","국내도서","네 꿈에 미쳐라","884844","9788995898208","03810","김상훈 지음","엠에스디미디어(미래를소유한사람들)","20070215","9,800","8,820","490점","2575","경제경영"
"402","국내도서","화성에서 온 남자 금성에서 온 여자","668139","9788990514400","03840","존 그레이 지음, 김경숙 옮김","동녘라이프(친구미디어)","20060630","13,000","11,700","650점","18466","요리/살림"
"403","국내도서","남자아이 심리백과","3578592","9788952211224","13370","마이클 거리언 지음, 도희진 옮김","살림","20090408","15,000","13,500","750점","2471","좋은부모"
"404","국내도서","섬기러 오신 예수님","539085","9788989108337","","기독대학인회 엮음","한국기독대학인회출판사(ESP)","20050110","3,200","2,880","160점","0",""
"405","국내도서","통세계사 2","4168254","9788963700267","44900","김상훈 지음","다산에듀","20090625","15,000","13,500","750점","2668","역사"
"406","국내도서","수업이 바뀌면 학교가 바뀐다","874874","9788995592823","03370","사토 마나부 지음, 손우정 옮김","에듀케어","20061215","8,500","7,650","420점","5454","사회과학"
"407","국내도서","불황의 경제학","3707634","9788984073036","03320","폴 크루그먼 지음, 안진환 옮김","세종(세종서적)","20090518","14,000","12,600","700점","2176","경제경영"
"408","국내도서","광장 / 구운몽","2814706","9788932019154","04810","최인훈 지음","문학과지성사","20081113","13,000","11,700","650점","10915","소설/시/희곡"
"409","국내도서","It's TEPS G/V/R (본책 + 정답 및 해설)","4073069","9788958481508","18740","에듀조선 텝스연구소 지음","에듀조선(단행본)","20090605","22,000","20,900","1,100점","1681","외국어"
"410","국내도서","청소년을 위한 삼국유사","4072957","9788977152038","43900","일연 원저, 김봉주 글","두리미디어","20090530","15,000","13,500","750점","955","청소년"
"411","국내도서","십자군 이야기 2","577130","9788990230850","07920","김태권 지음","길찾기","20050810","9,800","8,820","490점","2666","역사"
"412","국내도서","EBS 60분 부모","1008075","9788990991546","03370","김미라.정재은.최정금 지음","경향미디어","20071119","12,000","10,800","600점","10136","좋은부모"
"413","국내도서","티핑 포인트","516800","9788950906436","13320","말콤 글래드웰 지음, 임옥희 옮김","21세기북스","20040914","12,000","10,800","600점","6213","경제경영"
"414","국내도서","타로의 주인님 3","4232572","9788926303870","04830","나나에 히로타카 지음, Yukirin 그림, 권미량 옮김","서울미디어코믹스(서울문화사)","20090710","6,000","5,400","300점","106","소설/시/희곡"
"415","국내도서","필립 코틀러 카오틱스","3642237","9788962601121","03320","필립 코틀러 외 지음, 김명철.방영호 옮김, 채서일 감수","비즈니스맵","20090430","13,000","11,700","650점","1042","경제경영"
"416","국내도서","철학과 굴뚝청소부","323739","9788976829429","03100","이진경 지음","그린비","20050225","18,000","16,200","900점","11507","인문학"
"417","국내도서","열외인종 잔혹사","4255277","9788984313415","03810","주원규 지음","한겨레출판","20090716","13,800","12,420","690점","996","소설/시/희곡"
"418","국내도서","2009 시나공 워드프로세서 1급 필기 + 기출문제집","2818332","9788975607905","13000","강윤석 외 지음","길벗","20081110","14,000","12,600","700점","1081","수험서/자격증"
"419","국내도서","무지개 원리","2032222","9788992825238","03320","차동엽 지음, 김복태 그림","동이(위즈앤비즈)","20080414","10,000","9,000","500점","9161","자기계발"
"420","국내도서","우연성, 헤게모니, 보편성","4171653","9788991706187","03300","주디스 버틀러 외 지음, 박대진.박미선 옮김","비(도서출판b)","20090630","18,000","16,200","900점","626","인문학"
"421","국내도서","사진과 그림으로 보는 한국현대사","554701","9788901049595","04910","서중석 지음, 역사문제연구소 기획","웅진지식하우스","20050408","18,000","16,200","900점","3720","역사"
"422","국내도서","유시민의 경제학 카페","327897","9788971991367","03320","유시민 지음","돌베개","20020128","12,000","10,800","600점","14076","경제경영"
"423","국내도서","생각의 오류","1016666","9788974271862","03180","토머스 키다 지음, 박윤정 옮김","열음사","20071130","13,000","11,700","650점","2110","인문학"
"424","국내도서","끌림","573624","9788959245475","03810","이병률 지음","랜덤하우스코리아","20050701","12,000","10,800","600점","9623","에세이"
"425","국내도서","시비를 던지다","4182733","9788984313385","03810","강명관 지음","한겨레출판","20090630","12,000","10,800","600점","382","역사"
"426","국내도서","브로크백 마운틴","629935","9788990739353","03840","애니 프루 지음, 조동섭 옮김","Media2.0(미디어 2.0)","20060310","12,000","10,800","600점","2624","소설/시/희곡"
"427","국내도서","물은 답을 알고 있다","1943340","9788984054356","13320","에모토 마사루 지음, 홍성민 옮김","더난출판사","20080327","13,000","11,700","650점","5611","과학"
"428","국내도서","이기는 습관 2","3527478","9788992647656","03320","김진동 지음","쌤앤파커스","20090402","12,000","10,800","600점","2848","자기계발"
"429","국내도서","천사들의 제국 - 하","428742","9788932905273","04860","베르나르 베르베르 지음, 이세욱 옮김","열린책들","20030830","15,800","14,220","790점","5629","소설/시/희곡"
"430","국내도서","삼국지 세트 - 전10권","334573","9788937450501","04820","나관중 지음, 이문열 엮음","민음사","20020310","80,000","72,000","4,000점","17941","소설/시/희곡"
"431","국내도서","아름다운 마무리","2811362","9788995904961","03810","법정(法頂) 지음","문학의숲","20081115","11,500","10,350","570점","27068","에세이"
"432","국내도서","그림과 눈물","1023990","9788961960038","03600","제임스 엘킨스 지음, 정지인 옮김","아트북스","20071219","17,000","16,150","510점","1232","예술/대중문화"
"433","국내도서","나의 삼촌 오스왈드","4134594","9788982181320","03840","로알드 달 지음, 정영목 옮김","강","20090619","10,000","9,000","500점","413","소설/시/희곡"
"434","국내도서","침묵의 봄","342580","9788995218792","03330","레이첼 카슨 지음, 김은령 옮김","에코리브르","20020410","15,000","13,500","750점","4747","사회과학"
"435","국내도서","모든 그리스도인을 위한 영적전쟁","361171","9788955361193","03230","딘 셔만 지음, 이상신 옮김","예수전도단","20020525","7,000","6,300","350점","3027","종교/역학"
"436","국내도서","야구 교과서","3564367","9788991360792","03690","잭 햄플 지음, 문은실 옮김","보누스","20090418","12,000","10,800","600점","3044","건강/취미"
"437","국내도서","고릴라는 핸드폰을 미워해","614359","9788995677216","03800","박경화 지음","북센스","20060116","12,000","10,800","600점","5262","사회과학"
"438","국내도서","개미 1 (양장)","265429","9788932903507","7889329035","베르나르 베르베르 지음, 이세욱 옮김","열린책들","20010130","15,800","14,220","790점","13592","소설/시/희곡"
"439","국내도서","네이티브는 쉬운 영어로 말한다 : 일상회화 편","1005084","9788960471030","03740","박수진 지음","길벗이지톡","20071129","9,800","8,820","490점","8734","외국어"
"440","국내도서","술 취한 코끼리 길들이기","1026896","9788957091128","03840","아잔 브라흐마 지음, 류시화 옮김","이레","20080110","11,000","9,900","550점","7729","에세이"
"441","국내도서","한자능력검정시험 2급","1027583","9788993032000","13700","한국어문교육연구회 엮음","한국어문교육연구회","20090115","20,000","18,000","1,000점","1758","외국어"
"442","국내도서","국사 시간에 세계사 공부하기","914522","9788901064819","44900","김정 지음","웅진주니어","20070411","15,000","13,500","750점","13713","청소년"
"443","국내도서","이우학교 이야기","2849422","9788901090276","23370","정광필 지음","갤리온","20081124","13,500","12,150","670점","1409","사회과학"
"444","국내도서","골드미스 푸페의 남친 사수기","989037","9788990978615","02850","일디코 폰 퀴르티 지음, 임정희 옮김","해토","20070930","9,500","8,550","470점","555","소설/시/희곡"
"445","국내도서","긍정의 힘","560688","9788996210429","03230","조엘 오스틴 지음, 정성묵 옮김","두란노","20050511","14,000","12,600","700점","34481","종교/역학"
"446","국내도서","3월의 라이온 1","4074952","9788925827001","07650","우미노 치카 지음","시리얼(학산문화사)","20090612","8,000","7,200","400점","1885","만화"
"447","국내도서","바람의 딸 걸어서 지구 세 바퀴 반 세트 - 전4권","990699","9788971847466","04810","한비야 지음","푸른숲","20071018","48,000","43,200","2,400점","6188","여행"
"448","국내도서","지식 e 1~4권 세트","4153700","9788956053707","03810","EBS 지식채널ⓔ 엮음","북하우스","20090623","51,200","46,080","2,560점","657","인문학"
"449","국내도서","삼봉이발소 1","2190144","9788973819409","07810","하일권 글.그림","(주)태일소담출판사","20080611","10,000","9,000","500점","1049","만화"
"450","국내도서","한 달 후, 일 년 후","1019933","9788973819195","03860","프랑수아즈 사강 지음, 최정수 옮김","(주)태일소담출판사","20071207","9,000","8,100","450점","1238","소설/시/희곡"
"451","국내도서","종말의 크로니클 3 (하)","4227389","9788925215853","07650","카와카미 미노루 지음, 박용국 옮김, 사도야스 그림","대원씨아이(단행본)","20090710","6,500","5,850","320점","149","소설/시/희곡"
"452","국내도서","슬럼독 밀리어네어","3274178","9788954607667","03840","비카스 스와루프 지음, 강주헌 옮김","문학동네","20071227","13,500","12,150","670점","2892","소설/시/희곡"
"453","국내도서","엄마 매니저","3007552","9788991010567","03370","조남호 지음","글로세움","20090101","12,000","10,800","600점","2989","청소년"
"454","국내도서","멋진 신세계","2394981","9788934410041","03840","올더스 헉슬리 지음, 정승섭 옮김, 바나나몽스 그림","혜원출판사","20080825","14,000","12,600","700점","1399","소설/시/희곡"
"455","국내도서","한국단편소설 35 (책 + MP3 다운로드)","577953","9788991759015","43810","계용묵 외 지음, 박찬영 외 엮음","리베르","20110523","15,800","14,220","790점","4189","청소년"
"456","국내도서","둘 중 누군가 그녀를 죽였다","4097793","9788972754381","03830","히가시노 게이고 지음, 양윤옥 옮김","현대문학","20090630","12,000","10,800","600점","2344","소설/시/희곡"
"457","국내도서","구덩이","967830","9788936456023","43840","루이스 새커 지음, 김영선 옮김","창비","20070810","14,000","12,600","700점","23448","청소년"
"458","국내도서","인사평가와 코칭 기술","518422","9788989566120","03320","도널드 L. 커크패트릭 지음, 이석재 외 옮김","김앤김북스","20041020","13,500","12,150","670점","217","경제경영"
"459","국내도서","청소년을 위한 경제의 역사","658622","9788949190723","43850","니콜라우스 피퍼 지음, 알요샤 블라우 그림, 유혜자 옮김","비룡소","20060529","14,000","12,600","700점","11949","청소년"
"460","국내도서","신의 물방울 20","3668645","9788925830407","07650","아기 타다시 지음, 오키모토 슈 그림","학산문화사(만화)","20090429","4,500","4,050","220점","1298","만화"
"461","국내도서","내가 가장 예뻤을 때","3714845","9788954608114","03810","공선옥 지음","문학동네","20090526","10,000","9,000","500점","2121","소설/시/희곡"
"462","국내도서","도시 심리학","4010379","9788973370245","03180","하지현 지음","해냄","20090530","13,800","12,420","690점","1126","인문학"
"463","국내도서","선덕여왕 1","3756703","9788996047896","04810","김영현.박상연 극본, 류은경 소설","MBC C&I(MBC프로덕션)","20090525","12,000","10,800","600점","510","소설/시/희곡"
"464","국내도서","예수전","3617230","9788971993354","03810","김규항 지음","돌베개","20090413","13,000","11,700","650점","4889","종교/역학"
"465","국내도서","발로 차 주고 싶은 등짝","469809","9788990462428","03830","와타야 리사 지음, 정유리 옮김","황매(푸른바람)","20040228","8,500","7,650","420점","3545","소설/시/희곡"
"466","국내도서","해커스 토플 리딩 (Hackers TOEFL Reading) (iBT)","668609","9788990700179","13740","데이빗 조 (David Cho) 지음","해커스어학연구소(Hackers)","20060626","19,500","17,550","970점","7424","외국어"
"467","국내도서","베비로즈의 2,000원으로 밥상차리기","3710142","9788991995567","13590","베비로즈 지음","이밥차(그리고책)","20090518","8,800","7,920","440점","2138","요리/살림"
"468","국내도서","세상에서 가장 쉬운 철학책","4152357","9788949187068","44160","우에무라 미츠오 지음, 고선윤 옮김, 박이문 추천","비룡소","20090619","12,000","10,800","600점","3821","청소년"
"469","국내도서","사이시옷","619006","9788936471125","07810","손문상.오영진.유승하.이애림.장차현실.정훈이.최규석.홍윤표 지음","창비","20060201","13,000","11,700","650점","4186","만화"
"470","국내도서","월든","275466","9788957090121","03840","헨리 데이빗 소로우 지음, 강승영 옮김","이레","20040105","9,800","8,820","490점","13911","에세이"
"471","국내도서","시크릿 하우스","677403","9788984986046","03500","데이비드 보더니스 지음, 김명남 옮김","생각의나무","20060801","14,000","12,600","700점","5133","과학"
"472","국내도서","남한산성","906173","9788956250595","03810","김훈 지음","학고재","20070414","13,000","11,700","650점","25034","소설/시/희곡"
"473","국내도서","녹색성장주 금맥을 캐라","4186220","9788974425883","03320","매일경제 증권부, 신영증권 리서치센터 지음","매일경제신문사","20090710","15,000","13,500","750점","290","경제경영"
"474","국내도서","해리 포터와 비밀의 방 1 (무선)","216131","9788983920706","04840","조앤 K. 롤링 지음, 김혜원 옮김","문학수첩","19991220","8,000","7,200","400점","16978","소설/시/희곡"
"475","국내도서","국어시간에 시 읽기 1","231643","9788987402109","43810","배창환 엮음","나라말","20000401","6,500","5,850","320점","7517","청소년"
"476","국내도서","체 게바라 평전","564758","9788939205109","03860","장 코르미에 지음, 김미선 옮김","실천문학사","20050525","18,000","16,200","900점","9906","역사"
"477","국내도서","중앙성가 17","3243919","9788960570757","13670","박신화.구천 엮음","중앙아트","20090202","13,000","11,700","650점","552","종교/역학"
"478","국내도서","평생감사","900126","9788904156955","03230","전광 지음","생명의말씀사","20070320","14,000","12,600","700점","15939","종교/역학"
"479","국내도서","조선공주실록","4065448","9788993119091","03900","신명호 지음","역사의아침(위즈덤하우스)","20090530","15,000","13,500","750점","864","역사"
"480","국내도서","데미안","260084","9788937460449","04850","헤르만 헤세 지음, 전영애 옮김","민음사","20001220","8,000","7,200","400점","96269","소설/시/희곡"
"481","국내도서","실버 다이아몬드 Silver Diamond 16","4258105","9788926307113","47830","스기우라 시호 지음","서울미디어코믹스(서울문화사)","20090715","4,200","3,780","210점","231","만화"
"482","국내도서","체 게바라의 홀쭉한 배낭","4156471","9788939206168","03810","구광렬 지음","실천문학사","20090626","12,900","11,610","640점","834","에세이"
"483","국내도서","축복","666048","9788992036085","03810","장영희 지음, 김점선 그림","비채","20060710","12,000","10,800","600점","6428","에세이"
"484","국내도서","감옥으로부터의 사색","4551","9788971991060","03810","신영복 지음","돌베개","19980801","13,000","11,700","650점","22118","에세이"
"485","국내도서","몰입 : 인생을 바꾸는 자기 혁명","1020939","9788925514826","03320","황농문 지음","랜덤하우스코리아","20071210","18,000","16,200","900점","40576","자기계발"
"486","국내도서","행복의 정복","535908","9788956025513","03330","버트란트 러셀 지음, 이순희 옮김","사회평론","20050105","9,800","8,820","490점","15647","인문학"
"487","국내도서","스타일","1971611","9788959132959","03810","백영옥 지음","위즈덤하우스","20080401","10,000","9,000","500점","4153","소설/시/희곡"
"488","국내도서","리더여, 사자의 심장을 가져라!","473020","9788953103948","03230","한홍 지음","두란노","20040308","16,000","14,400","800점","1121","종교/역학"
"489","국내도서","어쩌다 우리 사이가 이렇게 됐지","3395246","9788992114400","03800","이성호 지음","말글빛냄","20090310","12,000","10,800","600점","702","인문학"
"490","국내도서","하리하라의 과학고전 카페 1","2275349","9788954605984","04400","이은희 지음","글항아리","20080624","12,000","10,800","600점","1710","과학"
"491","국내도서","협상의 법칙 세트 (전2권)","597800","9788958610366","03320","허브 코헨 지음, 안진환 옮김","청년정신","20051130","30,000","27,000","1,500점","1965","자기계발"
"492","국내도서","10미터만 더 뛰어봐!","2314272","9788961885539","03320","김영식 지음","중앙books(중앙북스)","20080701","12,000","10,800","600점","5689","경제경영"
"493","국내도서","고마워요 미안해요 일어나요","4222025","9788962030303","03810","정희성 외 261인 지음","화남출판사","20090708","10,000","9,000","500점","171","소설/시/희곡"
"494","국내도서","꿈이 있다면 멈추지 않는다","3670376","9788956602981","03810","김찬영","은행나무","20090515","12,000","10,800","600점","1168","청소년"
"495","국내도서","내려놓음","630571","9788970463766","03230","이용규 지음","규장(규장문화사)","20060307","12,000","10,800","600점","25971","종교/역학"
"496","국내도서","잠들면 안 돼, 거기 뱀이 있어","4244560","9788996217565","03900","다니엘 에버렛 지음, 윤영삼 옮김","꾸리에","20090713","18,000","16,200","900점","404","인문학"
"497","국내도서","사신의 발라드 언노운 스타즈 1","4227454","9788925248479","07830","하세가와 케이스케 지음, 김애란 옮김, 야마모토 케이지 그림","대원씨아이(단행본)","20090710","6,000","5,400","300점","132","소설/시/희곡"
"498","국내도서","창조자들","3526145","9788960170681","03900","폴 존슨 지음, 이창신 옮김","황금가지","20090327","19,000","17,100","950점","584","인문학"
"499","국내도서","난장이가 쏘아올린 작은 공 뫼비우스의 띠 장마 외","602202","9788936462383","03810","조세희.윤흥길 지음","창비","20051125","12,000","10,800","600점","4588","소설/시/희곡"
"500","국내도서","청소년을 위한 한국 근현대사","634768","9788977151499","43950","조왕호.김인기 지음","두리미디어","20060317","15,000","13,500","750점","3822","청소년"
"501","국내도서","성공하는 사람들의 7가지 습관","435069","9788934913252","03320","스티븐 코비 지음, 김경섭 옮김","김영사","20030930","17,900","16,110","890점","16104","자기계발"
"502","국내도서","배려","612023","9788989313694","03320","한상복 지음","위즈덤하우스","20060110","13,000","11,700","650점","45312","자기계발"
"503","국내도서","우리말 한자어 속뜻 사전","1000835","9788995935903","04720","전광진 엮음","속뜻사전교육출판사","20071031","55,000","49,500","2,750점","2994","외국어"
"504","국내도서","순례자의 책","4128181","9788990024947","03810","김이경 지음","뿌리와이파리","20090620","12,000","10,800","600점","247","소설/시/희곡"
"505","국내도서","오바마 이야기","2713471","9788976776075","03840","헤더 레어 와그너 지음, 유수경 옮김","명진출판사","20081024","6,500","5,850","320점","10109","청소년"
"506","국내도서","마법 수학","4184766","9788959791392","73840","카를라 체더바움 지음, 강희진 옮김","작은책방(해든아침)","20090710","13,500","12,150","670점","775","청소년"
"507","국내도서","말랑하고 쫀득~한 세계 지리 이야기","437695","9788971847152","43980","케네스 C. 데이비스 지음, 최달수 그림, 노태영 옮김","푸른숲주니어","20031027","9,000","8,100","450점","6684","청소년"
"508","국내도서","프레임","927890","9788950911546","03320","최인철 지음","21세기북스","20070608","10,000","9,000","500점","16176","자기계발"
"509","국내도서","나는 희망을 세일즈한다","4181834","9788935207909","03320","김민우 지음","청림출판","20090705","12,000","10,800","600점","418","자기계발"
"510","국내도서","코스모스","870950","9788983711892","03400","칼 세이건 지음, 홍승수 옮김","사이언스북스","20061220","19,900","17,910","990점","136174","과학"
"511","국내도서","돈 걱정 없는 노후 30년","621751","9788991147515","03320","고득성.정성진.최병희 지음","다산북스","20060210","11,000","9,900","550점","18017","경제경영"
"512","국내도서","흐르는 강물처럼","2610076","9788954606837","03890","파울로 코엘료 지음, 박경희 옮김","문학동네","20081014","14,000","12,600","700점","10096","에세이"
"513","국내도서","강도의 과학과 잠재성의 철학","4214206","9788976823267","04100","마누엘 데란다 지음, 김영범.이정우 옮김","그린비","20090630","20,000","18,000","1,000점","770","인문학"
"514","국내도서","원형지정 주식실전매매 3 : 심리편","2781431","9788996142645","13320","황호철 지음","나눔터북스","20081101","20,000","18,000","1,000점","903","경제경영"
"515","국내도서","나나 NANA 21","4083910","9788925823478","","야자와 아이 지음, 박세라 옮김","학산문화사(만화)","20090605","4,200","3,780","210점","665","만화"
"516","국내도서","신의진의 아이심리백과","1014210","9788901074061","13590","신의진 지음","갤리온","20071126","20,000","18,000","1,000점","9562","좋은부모"
"517","국내도서","제주 자전거여행","3872131","9788992158176","03980","지오마케팅(비틀맵)편집부 엮음","지오마케팅(비틀맵)","20090501","4,000","3,600","200점","302","여행"
"518","국내도서","이혜영의 뷰티 바이블 The Beauty Bible","3295905","9788952210951","13590","이혜영 지음","살림Life","20090320","15,000","13,500","750점","2374","요리/살림"
"519","국내도서","개미 5 (양장)","265424","9788932903545","04860","베르나르 베르베르 지음, 이세욱 옮김","열린책들","20010215","15,800","14,220","790점","8859","소설/시/희곡"
"520","국내도서","앵무새 죽이기","375563","9788931001990","03840","하퍼 리 지음, 김욱동 옮김","문예출판사","20100925","12,000","10,800","600점","12716","소설/시/희곡"
"521","국내도서","국경 없는 마을","527668","9788974832315","03810","박채란 글 사진, 한성원 그림","서해문집","20041120","10,900","9,810","540점","6751","사회과학"
"522","국내도서","일본어 필수 단어 무작정 따라하기","4139897","9788960471733","03730","후지이 아사리 지음","길벗이지톡","20090620","10,800","9,720","540점","5504","외국어"
"523","국내도서","오래된 미래","1011162","9788961880848","03810","헬레나 노르베리-호지 지음, 양희승 옮김","중앙books(중앙북스)","20071115","12,000","10,800","600점","10981","사회과학"
"524","국내도서","한국사 능력 검정시험 1.2급 수험서","2167714","9788909140317","13900","류헌명 외 지음","교학사","20080415","18,000","16,200","900점","1656","수험서/자격증"
"525","국내도서","거의 모든 것의 역사","446055","9788972913641","03400","빌 브라이슨 지음, 이덕환 옮김","까치","20031130","23,000","20,700","1,150점","17293","과학"
"526","국내도서","바카노! 8","4227197","9788925248417","07830","나리타 료우고 지음, 민유선 옮김, 에나미 카츠미 그림","대원씨아이(단행본)","20090710","6,000","5,400","300점","250","소설/시/희곡"
"527","국내도서","손석희 스타일","3688701","9788992060936","13320","진희정 지음","토네이도","20090511","12,000","10,800","600점","1662","자기계발"
"528","국내도서","살아있는 세계사 교과서 1","589982","9788958620709","03900","전국역사교사모임 지음","휴머니스트","20051024","24,000","21,600","1,200점","24487","역사"
"529","국내도서","2009 시나공 워드프로세서 1급 실기","2620983","9788975607776","13000","강윤석 외 지음","길벗","20080922","14,500","13,050","720점","774","수험서/자격증"
"530","국내도서","경영의 미래","3355972","9788984072985","03320","게리 해멀, 빌 브린 지음, 권영설 외 옮김","세종(세종서적)","20090225","16,000","14,400","800점","1415","경제경영"
"531","국내도서","보물지도","469120","9788970340500","13320","모치즈키 도시타카 지음, 은영미 옮김","나라원","20040220","9,500","8,550","470점","2944","자기계발"
"532","국내도서","흑설공주 이야기","370603","9788986183733","03840","바바라 G. 워커 지음, 박혜란 옮김","뜨인돌","20020812","9,000","8,100","450점","11189","소설/시/희곡"
"533","국내도서","한자능력검정시험 5급","1029302","9788993032024","13700","한국어문교육연구회 엮음","한국어문교육연구회","20090210","10,000","9,000","500점","1408","외국어"
"534","국내도서","살인자들의 섬","507205","9788982738326","03840","데니스 루헤인 지음, 김승욱 옮김","황금가지","20040722","17,000","15,300","850점","5878","소설/시/희곡"
"535","국내도서","지금 사랑하지 않는 자, 모두 유죄","2880733","9788995816769","03810","노희경 지음","김영사on","20081215","10,000","9,000","500점","12595","에세이"
"536","국내도서","마시멜로 이야기","593297","9788947525473","7889475254","호아킴 데 포사다 외 지음, 정지영 외 옮김","한국경제신문","20051030","10,000","9,000","500점","60566","자기계발"
"537","국내도서","해리 포터 시리즈 1~4편 세트 - 전10권","385626","9788983920676","04840","조앤 K. 롤링 지음, 김혜원 외 옮김","문학수첩","20021101","83,000","74,700","4,150점","5787","소설/시/희곡"
"538","국내도서","군인은 축음기를 어떻게 수리하는가","4254451","9788992997010","03850","사샤 스타니시치 지음, 정지인 옮김","낭기열라","20090715","13,000","11,700","650점","410","소설/시/희곡"
"539","국내도서","지구 위의 작업실","4153298","9788971848166","03810","김갑수 지음, 김상민 그림, 김선규 사진","푸른숲","20090625","15,000","13,500","750점","524","에세이"
"540","국내도서","해커스 토플 액츄얼 테스트 리딩 (Hackers iBT TOEFL Actual Test Reading) (모의고사 CD, 단어 암기&지문 녹음 MP3 무료제공)","2287995","9788990700544","13740","해커스어학연구소 편집부 엮음","해커스어학연구소(Hackers)","20080626","19,500","17,550","970점","4560","외국어"
"541","국내도서","경선식의 Word Sponge","2146272","9788960004412","13740","경선식 지음","넥서스","20080505","27,500","24,750","1,370점","3284","외국어"
"542","국내도서","쎄느강은 좌우를 나누고 한강은 남북을 가른다","195199","9788984310070","","홍세화 지음","한겨레출판","19990531","8,500","7,650","420점","3554","사회과학"
"543","국내도서","또 다른 예수","3710196","9788959133789","03200","오강남 지음","예담","20090510","16,000","14,400","800점","1806","종교/역학"
"544","국내도서","Hackers TOEFL Listening (해커스 토플 리스닝) (iBT) (책 + CD 1장)","3683747","9788990700674","18740","데이빗 조 (David Cho) 지음","해커스어학연구소(Hackers)","20090504","29,500","26,550","1,470점","6782","외국어"
"545","국내도서","English Re-Start Advanced 1 : 잉글리시 리스타트","2312535","9788901083360","14740","I.A. Richards.Christine Gibson 지음","NEWRUN(뉴런)","20080707","10,000","9,000","500점","6807","외국어"
"546","국내도서","안네의 일기","95494","9788970121536","03850","안네 프랑크 지음, 홍경호 옮김","문학사상","19950501","12,000","10,800","600점","6703","소설/시/희곡"
"547","국내도서","이기는 습관 1","908671","9788995881606","03320","전옥표 지음","쌤앤파커스","20070417","12,000","10,800","600점","29175","자기계발"
"548","국내도서","뇌, 생각의 출현","2716544","9788958622598","03400","박문호 지음","휴머니스트","20081027","25,000","22,500","1,250점","4815","과학"
"549","국내도서","꼴찌들이 떴다!","2918178","9788949120843","43810","양호문 지음","비룡소","20081205","12,000","10,800","600점","3539","청소년"
"550","국내도서","아이를 잘 키운다는 것","942940","9788991731189","13000","노경선 지음","위즈덤하우스","20170227","12,000","10,800","600점","13233","좋은부모"
"551","국내도서","아지트 인 서울 Agit in Seoul","4192410","9788925533254","13980","민은실 외 지음, 백경호 사진","랜덤하우스코리아","20090701","15,800","14,220","790점","390","여행"
"552","국내도서","VOCA Bible 보카바이블 (본서 + 꼭지북)","888416","9788960870055","13740","이재훈 지음","넥서스","20070225","28,500","25,650","1,420점","4500","외국어"
"553","국내도서","2010 9급 선행정학개론 - 전2권 (상.하)","4101427","9788986918342","14350","김중규 지음","에드민(성지각)","20090612","43,000","40,850","2,150점","799","수험서/자격증"
"554","국내도서","수레바퀴 아래서","292110","9788937460500","04850","헤르만 헤세 지음, 김이섭 옮김","민음사","20010810","8,000","7,200","400점","30549","소설/시/희곡"
"555","국내도서","샘에게 보내는 편지","981536","9788954603829","03840","대니얼 고틀립 지음, 이문재.김명희 옮김","문학동네","20070918","13,000","11,700","650점","10842","에세이"
"556","국내도서","전 세계적 자본주의인가, 지역적 계획경제인가 외","368791","9788970133294","04320","칼 폴라니 지음, 홍기빈 옮김","책세상","20020730","7,900","7,110","390점","2155","경제경영"
"557","국내도서","파리대왕","344077","9788937460197","04840","윌리엄 골딩 지음, 유종호 옮김","민음사","20020325","9,000","8,100","450점","24993","소설/시/희곡"
"558","국내도서","팔견전 10","4228273","9788926306192","47830","아베 미유키 지음","서울미디어코믹스(서울문화사)","20090709","4,000","3,600","200점","127","만화"
"559","국내도서","노무현은 왜 조선일보와 싸우는가","372782","9788985548854","03300","유시민 지음","개마고원","20020829","13,000","11,700","650점","2472","사회과학"
"560","국내도서","나는 선생님이 좋아요","1941277","9788990220776","03830","하이타니 겐지로 지음, 햇살과나무꾼 옮김, 윤정주 그림","양철북","20080314","12,000","10,800","600점","9037","청소년"
"561","국내도서","저스트 고 도쿄 (2009~2010)","4154030","9788952755186","14980","시공사 편집부 지음","시공사","20090616","16,000","14,400","800점","896","여행"
"562","국내도서","경제기사 궁금증 300문 300답","4081701","9788970907161","03320","곽해선 지음","동아일보사","20090605","16,000","14,400","800점","614","경제경영"
"563","국내도서","현근이의 자기주도 학습법","936522","9788991731196","13000","김현근 지음","예담","20070716","12,000","10,800","600점","8272","청소년"
"564","국내도서","뇌 2","364913","9788932906737","04860","베르나르 베르베르 지음, 이세욱 옮김","열린책들","20020715","14,800","13,320","740점","11547","소설/시/희곡"
"565","국내도서","생각하는 힘을 키워주는 역사논술","409464","9788989968054","63370","정성현 지음","아이북","20030412","9,500","8,550","470점","2386","청소년"
"566","국내도서","맑은 바람 드는 집","4217802","9788993629200","03800","흥선 지음","아름다운인연","20090720","13,500","12,150","670점","162","종교/역학"
"567","국내도서","노무현과 함께 만든 대한민국","4012512","9788956710723","03300","제16대 대통령 비서실 엮음","지식공작소","20090529","9,000","9,000","270점","1076","사회과학"
"568","국내도서","행성 이야기","616347","9788984985124","03440","데이바 소벨 지음, 김옥진 옮김","생각의나무","20060112","12,500","11,250","620점","2940","과학"
"569","국내도서","부처님이 깨친 연기를 이야기하다","3545901","9788959180318","03220","김성규 지음","자우출판사","20090325","20,000","18,000","1,000점","330","종교/역학"
"570","국내도서","스터디 코드","672794","9788959868704","03000","조남호 지음","랜덤하우스코리아","20060728","12,000","10,800","600점","4085","청소년"
"571","국내도서","지식 e - 시즌 3","2334416","9788956052854","03810","EBS 지식채널ⓔ 지음","북하우스","20080730","12,800","11,520","640점","7859","인문학"
"572","국내도서","감동의 도시락","3272095","9788915067516","13590","용동희 지음","삼성출판사","20090215","6,900","6,210","340점","1180","요리/살림"
"573","국내도서","평생 살 안찌는 몸 만들기","3946080","9788970907116","13510","신현대 지음","동아일보사","20090525","10,000","9,000","500점","5111","건강/취미"
"574","국내도서","부모가 아이에게 물려주어야 할 최고의 유산","3744841","9788901095738","13590","문용린 지음","리더스북","20090515","12,000","10,800","600점","795","좋은부모"
"575","국내도서","강의","528624","9788971992029","03820","신영복 지음","돌베개","20041213","18,000","16,200","900점","29153","인문학"
"576","국내도서","2009 시나공 컴퓨터활용능력 1급 필기 + 특별부록 : 기출문제집","2818259","9788975607936","13000","강윤석 외 지음","길벗","20081110","23,000","20,700","1,150점","740","컴퓨터/모바일"
"577","국내도서","마시멜로 이야기 2","1017785","9788947526623","03320","호아킴 데 포사다.엘렌 싱어 지음, 공경희 옮김","한국경제신문","20071217","12,000","10,800","600점","18712","자기계발"
"578","국내도서","사람을 얻는 기술","929945","9788992060233","13320","레일 라운즈 지음, 임정재 옮김","토네이도","20070620","12,000","10,800","600점","8137","자기계발"
"579","국내도서","첨가물 걱정없는 홈메이드 아이스크림","4073164","9788992119122","13590","박지영 지음","청출판","20090603","12,800","11,520","640점","1311","요리/살림"
"580","국내도서","Hi, 마르크스 Bye, 자본주의","4244304","9788995995259","03300","강상구 지음, 손문상 그림","레디앙","20090713","15,000","13,500","750점","954","사회과학"
"581","국내도서","나는 오늘 고흐의 구두를 신는다","4219750","9788950919474","03810","이명옥 지음","21세기북스","20090716","15,000","13,500","750점","385","에세이"
"582","국내도서","해변의 카프카 (상)","424167","9788970124988","04830","무라카미 하루키 지음, 김춘미 옮김","문학사상사","20030725","9,000","8,100","450점","6700","소설/시/희곡"
"583","국내도서","하이킹 걸즈","2213904","9788949120805","43810","김혜정 지음","비룡소","20080530","13,000","11,700","650점","4652","청소년"
"584","국내도서","해커스 토익 중급 Reading","4012649","9788990700735","13740","데이빗 조 (David Cho) 지음","해커스어학연구소(Hackers)","20090605","14,900","13,410","740점","6280","외국어"
"585","국내도서","수만휘 공부법 사전","3049474","9788934933137","03810","육창현 외 지음","김영사","20081231","15,000","13,500","750점","1735","청소년"
"586","국내도서","세계 최고의 지식","3662242","9788976776105","43300","잰 페인 글, 마이크 필립스 그림, 오윤성 옮김","명진출판사","20090512","13,000","11,700","650점","464","청소년"
"587","국내도서","참 맛있는 채식요리 만들기","4081500","9788990784926","13590","더디쉬 지음","미디어윌","20090615","10,800","9,720","540점","445","요리/살림"
"588","국내도서","삼봉이발소 3","2443353","9788973819423","07810","하일권 글.그림","(주)태일소담출판사","20080814","10,000","9,000","500점","944","만화"
"589","국내도서","왜 그녀는 다리를 꼬았을까?","3442575","9788950917661","03180","토니야 레이맨 지음, 박지숙 옮김","21세기북스","20090301","13,000","11,700","650점","1673","인문학"
"590","국내도서","꿈꾸는 다락방 2 - 실천편","2358421","9788974255282","03320","이지성 지음","국일미디어(국일출판사)","20080728","13,500","12,150","670점","11257","자기계발"
"591","국내도서","천 개의 공감","858562","9788984312067","03180","김형경 지음","한겨레출판","20061211","11,000","9,900","550점","13589","에세이"
"592","국내도서","나는 죽고 예수로 사는 사람","2561289","9788960970649","03230","유기성 지음","규장(규장문화사)","20080916","11,000","9,900","550점","12723","종교/역학"
"593","국내도서","2009 시나공 컴퓨터활용능력 2급 필기 + 특별부록 : 기출문제집","2818088","9788975607943","13000","강윤석 외 지음","길벗","20081110","15,000","13,500","750점","728","수험서/자격증"
"594","국내도서","인연 이야기","4171215","9788993838008","03810","법정(法頂) 지음","문학의숲","20090705","11,500","10,350","570점","6205","에세이"
"595","국내도서","대한민국 중고생을 위한 공부 몰입법","4154207","9788952755360","43410","이명경 외 지음","시공사","20090617","10,000","9,000","500점","134","청소년"
"596","국내도서","산타벨라처럼 쉽게 화초 키우기","3701619","9788961888806","13590","산타벨라 성금미 지음","중앙books(중앙북스)","20090430","13,000","11,700","650점","2361","건강/취미"
"597","국내도서","토라도라 9","4084959","9788925829395","04830","타케미야 유유코 지음, 야스 그림, 김지현 옮김","학산문화사(라이트노벨)","20090607","5,900","5,310","290점","663","소설/시/희곡"
"598","국내도서","내가 쓰고 싶은 말이 다 있는 영어일기 표현사전","574479","9788982205903","93740","하명옥 지음, Merrilee Brinegar 감수","넥서스","20050720","21,500","19,350","1,070점","8644","외국어"
"599","국내도서","다산선생 지식경영법","859911","9788934923503","03810","정민 지음","김영사","20061125","28,000","25,200","1,400점","10523","인문학"
"600","국내도서","내 마음의 명시","607223","9788990790354","03810","헤르만 헤세 외 지음","꿈과희망","20051123","2,500","2,250","120점","1540","소설/시/희곡"
"601","국내도서","시골의사의 아름다운 동행 1","551651","9788901049205","04810","박경철 지음","리더스북","20050401","10,000","9,000","500점","8453","에세이"
"602","국내도서","달과 6펜스","237763","9788937460388","04840","서머셋 몸 지음, 송무 옮김","민음사","20000620","10,000","9,000","500점","41163","소설/시/희곡"
"603","국내도서","딸은 세상의 중심으로 키워라","917833","9788950911485","03370","마츠나가 노부후미 지음, 이수경 옮김","21세기북스","20070511","10,000","9,000","500점","5312","좋은부모"
"604","국내도서","유럽에 빠지는 즐거운 유혹 1","678987","9788995843536","03920","베니야만 지음, 서상원 옮김","스타북스","20071025","12,000","10,800","600점","856","역사"
"605","국내도서","책읽기의 달인, 호모 부커스","2480108","9788976828064","44800","이권우 지음","그린비","20080825","11,900","10,710","590점","3558","인문학"
"606","국내도서","한국에서 유일한 기초영문법 세트 - 전3권","963377","9788992334273","14740","한일 지음","아이엠북스","20080924","33,000","29,700","1,650점","5033","외국어"
"607","국내도서","오기사, 행복을 찾아 바르셀로나로 떠나다","676871","9788959131686","03810","오영욱 지음","예담","20060725","12,000","10,800","600점","2455","여행"
"608","국내도서","자본시장법 유권해석","4237594","9788979331776","93320","홍영만 지음","세경사(세법)","20090710","50,000","50,000","2,500점","63","대학교재/전문서적"
"609","국내도서","디테일의 힘","594551","9788995170458","03320","왕중추 지음, 허유영 옮김","올림","20051102","12,000","10,800","600점","10835","경제경영"
"610","국내도서","당신도 최고의 네트워커가 될 수 있다 - 테이프 1개","3080164","8809125901085","","우종철 강의","아름다운사회","20090101","3,500","3,150","160점","34","달력/기타"
"611","국내도서","노트필기 1등급 공부법","2841533","9788901089942","63370","이주연 외 지음","웅진웰북","20081120","10,800","9,720","540점","3342","청소년"
"612","국내도서","해리 포터와 아즈카반의 죄수 1 (무선)","221820","9788983920720","04840","조앤 K. 롤링 지음, 김혜원 옮김","문학수첩","20000221","8,500","7,650","420점","16176","소설/시/희곡"
"613","국내도서","죽은 왕녀를 위한 파반느","4259824","9788959133918","03810","박민규 지음","위즈덤하우스","20090720","17,000","15,300","850점","15170","소설/시/희곡"
"614","국내도서","킬러브 0","4232625","9788926303825","04830","카자미 메구루 지음, Riky 그림, 김해용 옮김","서울미디어코믹스(서울문화사)","20090710","6,000","5,400","300점","175","소설/시/희곡"
"615","국내도서","생각하는 영어사전 ing","3605021","9788959061099","03740","EBS 3분 영어 제작팀 지음","인물과사상사","20090415","13,000","11,700","650점","2070","외국어"
"616","국내도서","꼴찌에게 보내는 갈채","343285","9788933840559","03810","박완서 지음","세계사","20020329","11,000","9,900","550점","3761","에세이"
"617","국내도서","뇌 1","364908","9788932906720","04860","베르나르 베르베르 지음, 이세욱 옮김","열린책들","20020715","14,800","13,320","740점","11791","소설/시/희곡"
"618","국내도서","믿음의 기초를 새롭게 하라","3093515","9788957313077","03230","국제제자훈련원 편집부 엮음","국제제자훈련원(DMI.디엠출판유통)","20081217","5,000","5,000","50점","5047","종교/역학"
"619","국내도서","+1시의 신세계 2","4232585","9788926303849","04810","송승근 지음, Riky 그림","서울미디어코믹스(서울문화사)","20090710","6,500","5,850","320점","120","소설/시/희곡"
"620","국내도서","채운국 이야기 17","4262540","9788926307045","04830","유키노 사이 지음","서울문화사","20090720","6,500","5,850","320점","378","소설/시/희곡"
"621","국내도서","나무","991121","9788901071893","03810","이순원 지음","뿔(웅진)","20071012","9,000","8,100","450점","1520","청소년"
"622","국내도서","그리스인 조르바","2027981","9788932908069","04890","니코스 카잔차키스 지음, 이윤기 옮김","열린책들","20080407","14,800","13,320","740점","4263","소설/시/희곡"
"623","국내도서","도덕을 위한 철학통조림 매콤한 맛","616711","9788934920908","43100","김용규 지음, 이우일 그림","주니어김영사","20060128","9,500","8,550","470점","6245","청소년"
"624","국내도서","미디어아트","4084981","9788958622826","03600","진중권 엮음","휴머니스트","20090608","18,000","16,200","900점","772","예술/대중문화"
"625","국내도서","하룻밤에 읽는 한국사","873602","9788995826638","03900","최용범 지음","페이퍼로드","20070115","13,500","12,150","670점","2711","역사"
"626","국내도서","딱 한번 읽고 끝내는 기적 같은 영문법","580599","9788979599657","07740","김영훈 외 지음","기탄출판","20050815","9,800","8,820","490점","6380","외국어"
"627","국내도서","It's TEPS 청해 L/C","4073037","9788958481492","18740","에듀조선 텝스연구소 지음","에듀조선(단행본)","20090605","20,000","19,000","1,000점","1001","외국어"
"628","국내도서","동행이인","3219705","9788950917111","03320","기타 야스토시 지음, 박현석 옮김","21세기북스","20090130","15,000","13,500","750점","488","경제경영"
"629","국내도서","우동 한 그릇","192124","9788973223121","03830","구리 료헤이 지음, 최영혁 옮김","청조사","20100520","9,800","8,820","490점","9032","소설/시/희곡"
"630","국내도서","좌안 1","3673232","9788973819768","04830","에쿠니 가오리 지음, 김난주 옮김","(주)태일소담출판사","20090512","10,000","9,000","500점","1445","소설/시/희곡"
"631","국내도서","수난 이대 (외)","381308","9788973814954","03810","하근찬 외 지음","(주)태일소담출판사","20021010","5,500","4,950","270점","1598","소설/시/희곡"
"632","국내도서","손자병법","896169","9898988601891","03340","손무 지음, 유재주 옮김","돋을새김","20070315","8,500","7,650","420점","1343","청소년"
"633","국내도서","안동림의 불멸의 지휘자","4186240","9788901097718","03670","안동림 지음","웅진지식하우스","20090629","25,000","22,500","1,250점","374","예술/대중문화"
"634","국내도서","中國이 뒤흔드는 세계","940960","9788992100168","03320","제임스 킹 지음, 최규민 옮김","베리타스북스","20070701","17,700","16,810","880점","354","경제경영"
"635","국내도서","바리데기","935745","9788936433581","03810","황석영 지음","창비","20070713","17,000","15,300","850점","21603","소설/시/희곡"
"636","국내도서","강아지가 기가 막혀","4154564","9788960510524","13490","스티브 더노 지음, 정숙영 옮김, 박대곤 감수","부키","20090624","11,000","9,900","550점","301","건강/취미"
"637","국내도서","영어 천재가 된 홍 대리","3235740","9788993285673","03320","박정원 지음","다산라이프","20090216","15,000","13,500","750점","6664","자기계발"
"638","국내도서","죽은 경제학자의 살아있는 아이디어","134845","9788934918295","03320","토드 부크홀츠 지음, 이승환 옮김","김영사","20050601","13,900","12,510","690점","6407","경제경영"
"639","국내도서","SP","4217858","9788937832574","03830","가네시로 카즈키 지음, 김난주 옮김","북폴리오","20090715","14,000","12,600","700점","499","소설/시/희곡"
"640","국내도서","그리스인 조르바","626568","9788932906379","03890","니코스 카잔차키스 지음","열린책들","20060225","7,800","7,020","390점","1980","소설/시/희곡"
"641","국내도서","맛있게 읽는 독서요리 중등 1","4231612","9788989432937","54370","김윤아 외 지음","정인출판사","20090715","12,000","10,800","600점","536","청소년"
"642","국내도서","문학소녀와 신과 마주보는 작가 上","4084857","9788925817873","04830","노무라 미즈키 지음, 최고은 옮김, 타케오카 미호 그림","학산문화사(라이트노벨)","20090607","5,900","5,310","290점","563","소설/시/희곡"
"643","국내도서","5 Star Service","3584180","9788993132069","03320","마이클 헤펠 지음, 정아은 옮김","호이테북스","20090406","11,000","9,900","550점","189","경제경영"
"644","국내도서","유럽 100배 즐기기","3670629","9788925532523","14980","홍연주 외 지음","랜덤하우스코리아","20090429","21,000","18,900","1,050점","628","여행"
"645","국내도서","프로방스의 집","4222149","9788952755643","13590","권은순 지음, 최연돈 사진","시공사","20090706","12,000","10,800","600점","264","요리/살림"
"646","국내도서","이방인","116800","9788970131092","04860","알베르 카뮈 지음, 김화영 옮김","책세상","19871201","9,000","8,100","450점","4489","소설/시/희곡"
"647","국내도서","하백의 신부 9","4122315","9788926306994","47810","윤미경 지음","서울미디어코믹스(서울문화사)","20090615","4,500","4,050","220점","614","만화"
"648","국내도서","다영이의 이슬람 여행","398525","9788936470807","03810","정다영 지음","창비","20030125","12,000","11,400","600점","5278","역사"
"649","국내도서","식객 23","3497476","9788934933205","07810","허영만 글.그림","김영사","20090323","10,000","9,000","500점","2735","만화"
"650","국내도서","해커스 토익 실전 Listening (문제집 + 해설집 + 영국발음 핵심 300문장 부록)","933956","9788990700445","18740","해커스어학연구소 편집부 엮음","해커스어학연구소(Hackers)","20070625","17,900","16,110","890점","4733","외국어"
"651","국내도서","밑줄 긋는 여자","4191610","9788901097848","03810","성수선 지음","엘도라도","20090701","12,000","10,800","600점","933","에세이"
"652","국내도서","자본주의 역사 바로 알기","229355","9788989056003","03300","리오 휴버먼 지음","책벌레","20000415","13,000","11,700","650점","9449","사회과학"
"653","국내도서","작은 씨앗을 심는 사람들","273720","9788995075388","03840","폴 플라이쉬만 지음, 김희정 옮김","청어람미디어","20010420","10,000","9,000","500점","2704","소설/시/희곡"
"654","국내도서","생명이 있는 것은 다 아름답다","262445","9788986361438","03810","최재천 지음","효형출판","20010120","12,000","10,800","600점","16341","과학"
"655","국내도서","세계명화 비밀","851956","9788984986145","03600","모니카 봄 두첸 지음, 김현우 옮김","생각의나무","20100211","20,000","18,000","1,000점","5443","예술/대중문화"
"656","국내도서","해커스 토익 실전 Reading (문제집 + 해설집 + 어휘정리)","884491","9788990700360","13740","해커스어학연구소 편집부 엮음","해커스어학연구소(Hackers)","20070210","19,500","17,550","970점","6352","외국어"
"657","국내도서","노년의 즐거움","4154259","9788993642063","03800","김열규 지음","비아북","20090626","12,000","10,800","600점","580","인문학"
"658","국내도서","한 푼도 못 되는 그놈의 양반","929526","9788987402864","43810","김수업 지음, 최선경 그림","나라말","20060611","9,000","8,100","450점","3376","청소년"
"659","국내도서","맛있게 읽는 독서요리 중등 2","4231634","9788989432944","54370","김윤아 외 지음","정인출판사","20090715","12,000","10,800","600점","308","청소년"
"660","국내도서","인간 실격","491611","9788937461033","04830","다자이 오사무 지음, 김춘미 옮김","민음사","20040515","9,000","8,100","450점","81267","소설/시/희곡"
"661","국내도서","Hackers TOEFL Writing (해커스 토플 라이팅) (iBT) (책 + 실전 CD + 음성파일 CD)","660719","9788990700216","13740","데이빗 조 (David Cho) 지음","해커스어학연구소(Hackers)","20060610","19,500","17,550","970점","5960","외국어"
"662","국내도서","길은 학교다","3872230","9788984313309","03810","이보라 지음","한겨레출판","20090522","10,000","9,000","500점","973","에세이"
"663","국내도서","청소년의 법과 생활","1920049","9788995492987","03360","법무부 엮음","법무부","20130301","11,000","11,000","550점","2008","대학교재/전문서적"
"664","국내도서","간고등어 코치 S라인 부탁해","989148","9788915058859","13510","최성조 지음","삼성출판사","20071001","13,800","12,420","690점","3576","건강/취미"
"665","국내도서","박시백의 조선왕조실록 13","3055635","9788958622666","07910","박시백 지음","휴머니스트","20090121","11,000","9,900","550점","2642","역사"
"666","국내도서","비밀 6","4162116","9788926306949","47830","시미즈 레이코 지음","서울미디어코믹스(서울문화사)","20090624","6,000","5,400","300점","694","만화"
"667","국내도서","외로움이 외로움에게","4171221","9788901097824","03810","김남희 지음","웅진지식하우스","20090625","13,000","11,700","650점","346","에세이"
"668","국내도서","나카자와 신이치의 예술인류학","4223149","9788962620115","03210","나카자와 신이치 지음, 김옥희 옮김","동아시아","20090710","12,000","10,800","600점","574","인문학"
"669","국내도서","철학 콘서트 1","668212","9788901058405","03100","황광우 지음","웅진지식하우스","20060628","15,000","13,500","750점","16294","인문학"
"670","국내도서","비폭력 대화","524119","9788991428003","03180","마셜 로젠버그 지음, 캐서린 한 옮김","바오","20041101","12,000","10,800","600점","6110","인문학"
"671","국내도서","아웃 1","918980","9788960171084","04830","기리노 나쓰오 지음","황금가지","20070515","14,000","12,600","700점","2554","소설/시/희곡"
"672","국내도서","주말이 기다려지는 행복한 걷기여행","2043460","9788992914055","03980","박미경.김영록 지음","터치아트","20080415","12,000","10,800","600점","1617","여행"
"673","국내도서","고양이가 기가 막혀","4154574","9788960510517","13490","베스 아델맨 지음, 정숙영 옮김, 박대곤 감수","부키","20090624","11,000","9,900","550점","446","건강/취미"
"674","국내도서","작가","4191849","9788901097855","03810","박상우 지음","시작","20090706","10,000","9,000","500점","389","인문학"
"675","국내도서","기탄 수학 F단계 2집","199590","9788989425762","74410","기탄교육연구소 엮음","기탄교육","20020220","5,000","4,500","250점","17183",""
"676","국내도서","TEPS 청해 어휘 달인이 되는 법","2182977","9788960490796","18740","죠셉킴 지음","사람in","20080523","19,800","17,820","990점","293","외국어"
"677","국내도서","스즈키 바이올린 교본 1","85899","9788903411116","93670","세광음악 편집부 엮음","세광음악출판사","20091217","12,000","10,800","600점","36589","예술/대중문화"
"678","국내도서","파인만 씨, 농담도 잘하시네! 1","234260","9788983710444","04990","리처드 파인만 지음, 김희봉 옮김","사이언스북스","20000519","9,000","8,100","450점","14424","과학"
"679","국내도서","꿈을 이루는 6일간의 수업","3024530","9788955965032","43370","조우석.김현정 지음","한언출판사","20080105","11,000","9,900","550점","1901","청소년"
"680","국내도서","직해직해 TEPS 영단어","2062265","9788957510742","93740","황성희 지음","스쿨타운(school Town)","20080421","11,000","9,900","550점","90","외국어"
"681","국내도서","셜록 홈즈 전집 양장 세트 - 전9권 (2판)","383268","9788982734083","04840","아서 코난 도일 지음, 백영미 옮김","황금가지","20021010","60,000","54,000","3,000점","15058","소설/시/희곡"
"682","국내도서","ENGLISH ICEBREAK VISUAL VOCA 333","4156910","9788970636269","14740","영춘선생 지음, Icebreak Contents Lab 기획","Watermelon(워터메론)","20090622","10,000","9,000","500점","346","외국어"
"683","국내도서","15조원의 육체산업","4194540","9788993208399","03300","이노우에 세쓰코 지음, 임경화 옮김","씨네21북스","20090625","12,000","10,800","600점","255","예술/대중문화"


,,좋은 책을 고르는 방법, 알라딘!! www.aladin.co.kr,,,,,,,,,,,