ItemId,used_idx,delivery_fee,price,quality,store,url
118305353,1,2500,3700,중,중고매장인천계산홈플러스점,https://www.aladin.co.kr/shop/wproduct.aspx?ItemId=342307270
118305353,2,2500,3700,중,중고매장분당야탑점,https://www.aladin.co.kr/shop/wproduct.aspx?ItemId=339161299
118305353,3,2500,3800,상,중고매장수원시청역점,https://www.aladin.co.kr/shop/wproduct.aspx?ItemId=341102951
118305353,4,2500,3800,상,중고매장부산서면동보점,https://www.aladin.co.kr/shop/wproduct.aspx?ItemId=340863886
118305353,5,2500,3900,상,중고매장분당서현점,https://www.aladin.co.kr/shop/wproduct.aspx?ItemId=342869901
118305353,6,2500,3900,상,중고매장강서홈플러스점,https://www.aladin.co.kr/shop/wproduct.aspx?ItemId=342712879
118305353,7,2500,3900,상,중고매장마산합성점,https://www.aladin.co.kr/shop/wproduct.aspx?ItemId=342264277
118305353,8,2500,5100,상,중고매장건대점,https://www.aladin.co.kr/shop/wproduct.aspx?ItemId=342885683
118305353,9,2500,5100,상,중고매장대전은행점,https://www.aladin.co.kr/shop/wproduct.aspx?ItemId=341916638
13076347,1,2500,7200,중,중고매장천호점,https://www.aladin.co.kr/shop/wproduct.aspx?ItemId=312504626
13076347,10,2500,8000,최상,중고매장인천계산홈플러스점,https://www.aladin.co.kr/shop/wproduct.aspx?ItemId=297174978
13076347,11,2500,8000,최상,중고매장수원점,https://www.aladin.co.kr/shop/wproduct.aspx?ItemId=294252524
13076347,12,2500,8000,최상,중고매장신림점,https://www.aladin.co.kr/shop/wproduct.aspx?ItemId=292735422
13076347,13,2500,8000,상,중고매장동탄점,https://www.aladin.co.kr/shop/wproduct.aspx?ItemId=317420527
13076347,14,2500,8000,상,중고매장천안신불당점,https://www.aladin.co.kr/shop/wproduct.aspx?ItemId=313738218
13076347,15,2500,8400,중,중고매장창원상남점,https://www.aladin.co.kr/shop/wproduct.aspx?ItemId=215689744
13076347,2,2500,7200,중,중고매장인천청라점,https://www.aladin.co.kr/shop/wproduct.aspx?ItemId=312049076
13076347,3,2500,7200,중,중고매장부산덕천점,https://www.aladin.co.kr/shop/wproduct.aspx?ItemId=298700787
13076347,4,2500,7600,상,중고매장인천구월점,https://www.aladin.co.kr/shop/wproduct.aspx?ItemId=312590423
13076347,5,2500,7600,상,중고매장인천송도점,https://www.aladin.co.kr/shop/wproduct.aspx?ItemId=312544937
13076347,6,2500,7600,상,중고매장대구상인점,https://www.aladin.co.kr/shop/wproduct.aspx?ItemId=304075379
13076347,7,2500,7600,중,중고매장부산센텀점,https://www.aladin.co.kr/shop/wproduct.aspx?ItemId=312993993
13076347,8,2500,8000,최상,중고매장마산합성점,https://www.aladin.co.kr/shop/wproduct.aspx?ItemId=303689355
13076347,9,2500,8000,최상,중고매장신림점,https://www.aladin.co.kr/shop/wproduct.aspx?ItemId=298468973
13612707,1,2500,4900,중,중고매장천호점,https://www.aladin.co.kr/shop/wproduct.aspx?ItemId=297468162
13612707,10,2500,7000,최상,중고매장잠실롯데월드타워점,https://www.aladin.co.kr/shop/wproduct.aspx?ItemId=314007890
13612707,11,2500,7200,중,중고매장노원역점,https://www.aladin.co.kr/shop/wproduct.aspx?ItemId=342006031
13612707,12,2500,7300,최상,중고매장수원시청역점,https://www.aladin.co.kr/shop/wproduct.aspx?ItemId=301269860
13612707,13,2500,7500,상,중고매장이수역점,https://www.aladin.co.kr/shop/wproduct.aspx?ItemId=339304148
13612707,14,2500,7800,최상,중고매장일산점,https://www.aladin.co.kr/shop/wproduct.aspx?ItemId=315565280
13612707,2,2500,5400,중,중고매장영등포점,https://www.aladin.co.kr/shop/wproduct.aspx?ItemId=340722308
13612707,3,2500,5800,최상,중고매장동탄점,https://www.aladin.co.kr/shop/wproduct.aspx?ItemId=322556259
13612707,4,2500,5800,최상,중고매장신촌점,https://www.aladin.co.kr/shop/wproduct.aspx?ItemId=291716774
13612707,5,2500,5900,최상,중고매장수원시청역점,https://www.aladin.co.kr/shop/wproduct.aspx?ItemId=341914227
13612707,6,2500,6500,중,중고매장분당서현점,https://www.aladin.co.kr/shop/wproduct.aspx?ItemId=338304749
13612707,7,2500,6900,상,중고매장광주상무점,https://www.aladin.co.kr/shop/wproduct.aspx?ItemId=312596396
13612707,8,2500,7000,최상,중고매장부산덕천점,https://www.aladin.co.kr/shop/wproduct.aspx?ItemId=322872959
13612707,9,2500,7000,최상,중고매장잠실새내역점,https://www.aladin.co.kr/shop/wproduct.aspx?ItemId=319080539
14313699,1,2500,4500,중,중고매장동탄2하나로마트점,https://www.aladin.co.kr/shop/wproduct.aspx?ItemId=276510819
14313699,10,2500,5200,상,중고매장영등포점,https://www.aladin.co.kr/shop/wproduct.aspx?ItemId=308176459
14313699,11,2500,5300,상,중고매장인천송도점,https://www.aladin.co.kr/shop/wproduct.aspx?ItemId=318714338
14313699,12,2500,5300,상,중고매장대학로점,https://www.aladin.co.kr/shop/wproduct.aspx?ItemId=316069751
14313699,13,2500,5300,상,중고매장수유점,https://www.aladin.co.kr/shop/wproduct.aspx?ItemId=315688041
14313699,14,2500,5300,상,중고매장강서홈플러스점,https://www.aladin.co.kr/shop/wproduct.aspx?ItemId=313900007
14313699,15,2500,5500,최상,중고매장화정점,https://www.aladin.co.kr/shop/wproduct.aspx?ItemId=318991124
14313699,2,2500,4700,중,중고매장의정부홈플러스점,https://www.aladin.co.kr/shop/wproduct.aspx?ItemId=302789336
14313699,3,2500,4700,중,중고매장의정부홈플러스점,https://www.aladin.co.kr/shop/wproduct.aspx?ItemId=295296390
14313699,4,2500,4900,상,중고매장노원역점,https://www.aladin.co.kr/shop/wproduct.aspx?ItemId=307641129
14313699,5,2500,4900,상,중고매장합정점,https://www.aladin.co.kr/shop/wproduct.aspx?ItemId=301791149
14313699,6,2500,4900,상,중고매장노원역점,https://www.aladin.co.kr/shop/wproduct.aspx?ItemId=301633235
14313699,7,2500,5100,최상,중고매장천호점,https://www.aladin.co.kr/shop/wproduct.aspx?ItemId=291573164
14313699,8,2500,5100,중,중고매장분당야탑점,https://www.aladin.co.kr/shop/wproduct.aspx?ItemId=316381045
14313699,9,2500,5100,중,중고매장목동점,https://www.aladin.co.kr/shop/wproduct.aspx?ItemId=314867019
14389419,1,2500,500,균일가,중고매장천안신불당점,https://www.aladin.co.kr/shop/wproduct.aspx?ItemId=252396563
14389419,2,2500,3300,상,중고매장동탄2하나로마트점,https://www.aladin.co.kr/shop/wproduct.aspx?ItemId=281551616
14389419,3,2500,3600,최상,중고매장수유점,https://www.aladin.co.kr/shop/wproduct.aspx?ItemId=302364137
156744,1,2500,6100,중,중고매장대구동성로점,https://www.aladin.co.kr/shop/wproduct.aspx?ItemId=324207824
156744,2,2500,6200,중,중고매장대구동성로점,https://www.aladin.co.kr/shop/wproduct.aspx?ItemId=342710678
156744,3,2500,6200,중,중고매장천호점,https://www.aladin.co.kr/shop/wproduct.aspx?ItemId=338330227
156744,4,2500,6200,중,중고매장광주상무점,https://www.aladin.co.kr/shop/wproduct.aspx?ItemId=338146323
156744,5,2500,6200,중,중고매장화정점,https://www.aladin.co.kr/shop/wproduct.aspx?ItemId=337649225
156744,6,2500,6300,중,중고매장분당서현점,https://www.aladin.co.kr/shop/wproduct.aspx?ItemId=336385692
156744,7,2500,6500,상,중고매장대전시청역점,https://www.aladin.co.kr/shop/wproduct.aspx?ItemId=337258471
174026093,1,2500,9000,중,중고매장부산서면역점,https://www.aladin.co.kr/shop/wproduct.aspx?ItemId=309930468
174026093,2,2500,10000,상,중고매장범계점,https://www.aladin.co.kr/shop/wproduct.aspx?ItemId=325398354
174026093,3,2500,10100,상,중고매장신촌점,https://www.aladin.co.kr/shop/wproduct.aspx?ItemId=336582320
175830533,1,2500,6400,중,중고매장분당서현점,https://www.aladin.co.kr/shop/wproduct.aspx?ItemId=332196568
175830533,2,2500,6500,중,중고매장부산 경성대.부경대역점,https://www.aladin.co.kr/shop/wproduct.aspx?ItemId=341087602
175830533,3,2500,6500,중,중고매장부산서면역점,https://www.aladin.co.kr/shop/wproduct.aspx?ItemId=339397810
175830533,4,2500,6500,중,중고매장범계점,https://www.aladin.co.kr/shop/wproduct.aspx?ItemId=338321091
175830533,5,2500,6900,상,중고매장인천청라점,https://www.aladin.co.kr/shop/wproduct.aspx?ItemId=318558610
175830533,6,2500,7100,최상,중고매장울산점,https://www.aladin.co.kr/shop/wproduct.aspx?ItemId=341424892
175830533,7,2500,7100,최상,중고매장인천청라점,https://www.aladin.co.kr/shop/wproduct.aspx?ItemId=340885724
175830533,8,2500,7100,최상,중고매장범계점,https://www.aladin.co.kr/shop/wproduct.aspx?ItemId=333370724
176814072,1,2500,3000,중,중고매장부산서면동보점,https://www.aladin.co.kr/shop/wproduct.aspx?ItemId=342850525
176814072,2,2500,3200,상,중고매장대구상인점,https://www.aladin.co.kr/shop/wproduct.aspx?ItemId=340673028
177235430,1,2500,7200,중,중고매장범계점,https://www.aladin.co.kr/shop/wproduct.aspx?ItemId=310572667
177235430,10,2500,8300,최상,중고매장영등포점,https://www.aladin.co.kr/shop/wproduct.aspx?ItemId=320200704
177235430,11,2500,8400,중,중고매장광주상무점,https://www.aladin.co.kr/shop/wproduct.aspx?ItemId=326128334
177235430,12,2500,8400,중,중고매장의정부홈플러스점,https://www.aladin.co.kr/shop/wproduct.aspx?ItemId=325821258
177235430,13,2500,8800,상,중고매장부산서면동보점,https://www.aladin.co.kr/shop/wproduct.aspx?ItemId=329225397
177235430,14,2500,8800,상,중고매장이수역점,https://www.aladin.co.kr/shop/wproduct.aspx?ItemId=328059823
177235430,15,2500,8800,상,중고매장인천계산홈플러스점,https://www.aladin.co.kr/shop/wproduct.aspx?ItemId=327686155
177235430,2,2500,7500,상,중고매장강서홈플러스점,https://www.aladin.co.kr/shop/wproduct.aspx?ItemId=284606609
177235430,3,2500,7600,상,중고매장부천점,https://www.aladin.co.kr/shop/wproduct.aspx?ItemId=301543753
177235430,4,2500,7900,상,중고매장청주점,https://www.aladin.co.kr/shop/wproduct.aspx?ItemId=313219526
177235430,5,2500,8000,상,중고매장인천청라점,https://www.aladin.co.kr/shop/wproduct.aspx?ItemId=322051337
177235430,6,2500,8000,상,중고매장수지점,https://www.aladin.co.kr/shop/wproduct.aspx?ItemId=319944580
177235430,7,2500,8000,상,중고매장대구동성로점,https://www.aladin.co.kr/shop/wproduct.aspx?ItemId=318773726
177235430,8,2500,8000,상,중고매장가로수길점,https://www.aladin.co.kr/shop/wproduct.aspx?ItemId=317685587
177235430,9,2500,8000,상,중고매장부산덕천점,https://www.aladin.co.kr/shop/wproduct.aspx?ItemId=314191739
178427662,1,2500,7000,상,중고매장산본점,https://www.aladin.co.kr/shop/wproduct.aspx?ItemId=330755265
178427662,2,2500,7100,상,중고매장부산 경성대.부경대역점,https://www.aladin.co.kr/shop/wproduct.aspx?ItemId=338198216
178427662,3,2500,7400,상,중고매장분당서현점,https://www.aladin.co.kr/shop/wproduct.aspx?ItemId=341263205
178427662,4,2500,7400,상,중고매장연신내점,https://www.aladin.co.kr/shop/wproduct.aspx?ItemId=341141478
178613434,1,2500,4900,상,중고매장수원시청역점,https://www.aladin.co.kr/shop/wproduct.aspx?ItemId=311152470
178613434,10,2500,5600,최상,중고매장동탄점,https://www.aladin.co.kr/shop/wproduct.aspx?ItemId=333083358
178613434,11,2500,5600,최상,중고매장건대점,https://www.aladin.co.kr/shop/wproduct.aspx?ItemId=332652028
178613434,2,2500,4900,상,중고매장대구동성로점,https://www.aladin.co.kr/shop/wproduct.aspx?ItemId=296532577
178613434,3,2500,5100,중,중고매장대전은행점,https://www.aladin.co.kr/shop/wproduct.aspx?ItemId=317647969
178613434,4,2500,5200,최상,중고매장가로수길점,https://www.aladin.co.kr/shop/wproduct.aspx?ItemId=308644897
178613434,5,2500,5200,중,중고매장대구상인점,https://www.aladin.co.kr/shop/wproduct.aspx?ItemId=335018605
178613434,6,2500,5300,상,중고매장신림점,https://www.aladin.co.kr/shop/wproduct.aspx?ItemId=326158159
178613434,7,2500,5400,상,중고매장인천구월점,https://www.aladin.co.kr/shop/wproduct.aspx?ItemId=336437748
178613434,8,2500,5400,상,중고매장일산점,https://www.aladin.co.kr/shop/wproduct.aspx?ItemId=333950460
178613434,9,2500,5500,최상,중고매장인천구월점,https://www.aladin.co.kr/shop/wproduct.aspx?ItemId=316215847
19609053,1,2500,5900,중,중고매장천안신불당점,https://www.aladin.co.kr/shop/wproduct.aspx?ItemId=338911008
19609053,10,2500,8300,중,중고매장분당서현점,https://www.aladin.co.kr/shop/wproduct.aspx?ItemId=341962837
19609053,11,2500,8300,중,중고매장평택점,https://www.aladin.co.kr/shop/wproduct.aspx?ItemId=333011150
19609053,12,2500,8400,최상,중고매장평택점,https://www.aladin.co.kr/shop/wproduct.aspx?ItemId=333168167
19609053,13,2500,8400,상,중고매장부산서면역점,https://www.aladin.co.kr/shop/wproduct.aspx?ItemId=341638266
19609053,14,2500,8400,중,중고매장부산서면역점,https://www.aladin.co.kr/shop/wproduct.aspx?ItemId=341371388
19609053,15,2500,9000,최상,중고매장대구상인점,https://www.aladin.co.kr/shop/wproduct.aspx?ItemId=339223514
19609053,2,2500,6100,상,중고매장동탄점,https://www.aladin.co.kr/shop/wproduct.aspx?ItemId=341776057
19609053,3,2500,6700,중,중고매장일산점,https://www.aladin.co.kr/shop/wproduct.aspx?ItemId=340686697
19609053,4,2500,6700,중,중고매장대구상인점,https://www.aladin.co.kr/shop/wproduct.aspx?ItemId=338908859
19609053,5,2500,7200,중,중고매장건대점,https://www.aladin.co.kr/shop/wproduct.aspx?ItemId=341100425
19609053,6,2500,7400,상,중고매장신림점,https://www.aladin.co.kr/shop/wproduct.aspx?ItemId=341194193
19609053,7,2500,7400,중,중고매장목동점,https://www.aladin.co.kr/shop/wproduct.aspx?ItemId=340172708
19609053,8,2500,7400,중,중고매장대구상인점,https://www.aladin.co.kr/shop/wproduct.aspx?ItemId=339696156
19609053,9,2500,7600,상,중고매장대전시청역점,https://www.aladin.co.kr/shop/wproduct.aspx?ItemId=339503293
197125,1,2500,4100,중,중고매장동탄점,https://www.aladin.co.kr/shop/wproduct.aspx?ItemId=331880626
197125,10,2500,4400,중,중고매장대전은행점,https://www.aladin.co.kr/shop/wproduct.aspx?ItemId=322361053
197125,11,2500,4500,중,중고매장창원상남점,https://www.aladin.co.kr/shop/wproduct.aspx?ItemId=335013413
197125,12,2500,4500,중,중고매장천안신불당점,https://www.aladin.co.kr/shop/wproduct.aspx?ItemId=334769722
197125,13,2500,4600,상,중고매장마산합성점,https://www.aladin.co.kr/shop/wproduct.aspx?ItemId=330030220
197125,14,2500,5000,중,중고매장대구동성로점,https://www.aladin.co.kr/shop/wproduct.aspx?ItemId=335279889
197125,15,2500,5000,중,중고매장화정점,https://www.aladin.co.kr/shop/wproduct.aspx?ItemId=333783517
197125,2,2500,4100,중,중고매장동탄점,https://www.aladin.co.kr/shop/wproduct.aspx?ItemId=331496789
197125,3,2500,4200,중,중고매장강서홈플러스점,https://www.aladin.co.kr/shop/wproduct.aspx?ItemId=336114257
197125,4,2500,4200,중,중고매장부천점,https://www.aladin.co.kr/shop/wproduct.aspx?ItemId=334718729
197125,5,2500,4200,중,중고매장인천구월점,https://www.aladin.co.kr/shop/wproduct.aspx?ItemId=333956770
197125,6,2500,4300,상,중고매장인천청라점,https://www.aladin.co.kr/shop/wproduct.aspx?ItemId=329736603
197125,7,2500,4300,상,중고매장평택점,https://www.aladin.co.kr/shop/wproduct.aspx?ItemId=316883314
197125,8,2500,4400,상,중고매장창원상남점,https://www.aladin.co.kr/shop/wproduct.aspx?ItemId=336073401
197125,9,2500,4400,중,중고매장울산점,https://www.aladin.co.kr/shop/wproduct.aspx?ItemId=331643692
209457983,1,2500,7500,중,중고매장부산서면동보점,https://www.aladin.co.kr/shop/wproduct.aspx?ItemId=342804326
209457983,10,2500,8100,최상,중고매장노원역점,https://www.aladin.co.kr/shop/wproduct.aspx?ItemId=342711200
209457983,11,2500,8100,최상,중고매장천호점,https://www.aladin.co.kr/shop/wproduct.aspx?ItemId=342696545
209457983,12,2500,8100,최상,중고매장동탄2하나로마트점,https://www.aladin.co.kr/shop/wproduct.aspx?ItemId=342662769
209457983,13,2500,8100,최상,중고매장인천청라점,https://www.aladin.co.kr/shop/wproduct.aspx?ItemId=342463194
209457983,14,2500,8100,최상,중고매장수지점,https://www.aladin.co.kr/shop/wproduct.aspx?ItemId=342375948
209457983,15,2500,8100,최상,중고매장인천청라점,https://www.aladin.co.kr/shop/wproduct.aspx?ItemId=342042388
209457983,2,2500,7800,상,중고매장분당야탑점,https://www.aladin.co.kr/shop/wproduct.aspx?ItemId=342881565
209457983,3,2500,7800,상,중고매장강서홈플러스점,https://www.aladin.co.kr/shop/wproduct.aspx?ItemId=342874761
209457983,4,2500,7800,상,중고매장청주점,https://www.aladin.co.kr/shop/wproduct.aspx?ItemId=342677347
209457983,5,2500,7800,상,중고매장인천청라점,https://www.aladin.co.kr/shop/wproduct.aspx?ItemId=341827860
209457983,6,2500,8100,최상,중고매장분당야탑점,https://www.aladin.co.kr/shop/wproduct.aspx?ItemId=342884443
209457983,7,2500,8100,최상,중고매장합정점,https://www.aladin.co.kr/shop/wproduct.aspx?ItemId=342876949
209457983,8,2500,8100,최상,중고매장대학로점,https://www.aladin.co.kr/shop/wproduct.aspx?ItemId=342845842
209457983,9,2500,8100,최상,중고매장울산점,https://www.aladin.co.kr/shop/wproduct.aspx?ItemId=342747335
216744,1,2500,3200,중,중고매장동탄2하나로마트점,https://www.aladin.co.kr/shop/wproduct.aspx?ItemId=243432949
216744,10,2500,4200,중,중고매장잠실롯데월드타워점,https://www.aladin.co.kr/shop/wproduct.aspx?ItemId=315826933
216744,11,2500,4200,중,중고매장범계점,https://www.aladin.co.kr/shop/wproduct.aspx?ItemId=315565465
216744,12,2500,4200,중,중고매장목동점,https://www.aladin.co.kr/shop/wproduct.aspx?ItemId=315036682
216744,13,2500,4200,중,중고매장분당서현점,https://www.aladin.co.kr/shop/wproduct.aspx?ItemId=313430601
216744,14,2500,4300,상,중고매장수지점,https://www.aladin.co.kr/shop/wproduct.aspx?ItemId=316225050
216744,15,2500,4300,상,중고매장대구동성로점,https://www.aladin.co.kr/shop/wproduct.aspx?ItemId=313632588
216744,2,2500,3200,중,중고매장천안신불당점,https://www.aladin.co.kr/shop/wproduct.aspx?ItemId=207365484
216744,3,2500,3800,중,중고매장신림점,https://www.aladin.co.kr/shop/wproduct.aspx?ItemId=312125837
216744,4,2500,3800,중,중고매장대학로점,https://www.aladin.co.kr/shop/wproduct.aspx?ItemId=310861639
216744,5,2500,3800,중,중고매장부천점,https://www.aladin.co.kr/shop/wproduct.aspx?ItemId=309753796
216744,6,2500,3800,중,중고매장신림점,https://www.aladin.co.kr/shop/wproduct.aspx?ItemId=309206635
216744,7,2500,3800,중,중고매장동탄2하나로마트점,https://www.aladin.co.kr/shop/wproduct.aspx?ItemId=307565195
216744,8,2500,3800,중,중고매장강서홈플러스점,https://www.aladin.co.kr/shop/wproduct.aspx?ItemId=302379995
216744,9,2500,4000,상,중고매장대구동성로점,https://www.aladin.co.kr/shop/wproduct.aspx?ItemId=302202878
21869720,1,2500,6100,중,중고매장대구상인점,https://www.aladin.co.kr/shop/wproduct.aspx?ItemId=285414907
21869720,10,2500,6400,상,중고매장목동점,https://www.aladin.co.kr/shop/wproduct.aspx?ItemId=292066052
21869720,11,2500,6400,상,중고매장부산덕천점,https://www.aladin.co.kr/shop/wproduct.aspx?ItemId=291154854
21869720,12,2500,6500,상,중고매장동탄2하나로마트점,https://www.aladin.co.kr/shop/wproduct.aspx?ItemId=309465836
21869720,13,2500,6500,상,중고매장천안신불당점,https://www.aladin.co.kr/shop/wproduct.aspx?ItemId=305829260
21869720,14,2500,6500,상,중고매장대구동성로점,https://www.aladin.co.kr/shop/wproduct.aspx?ItemId=304500805
21869720,15,2500,6900,최상,중고매장영등포점,https://www.aladin.co.kr/shop/wproduct.aspx?ItemId=308868499
21869720,2,2500,6100,중,중고매장평택점,https://www.aladin.co.kr/shop/wproduct.aspx?ItemId=284365115
21869720,3,2500,6200,중,중고매장부산 경성대.부경대역점,https://www.aladin.co.kr/shop/wproduct.aspx?ItemId=309019719
21869720,4,2500,6200,중,중고매장범계점,https://www.aladin.co.kr/shop/wproduct.aspx?ItemId=305700102
21869720,5,2500,6200,중,중고매장대구동성로점,https://www.aladin.co.kr/shop/wproduct.aspx?ItemId=304625444
21869720,6,2500,6200,중,중고매장천호점,https://www.aladin.co.kr/shop/wproduct.aspx?ItemId=299287497
21869720,7,2500,6200,중,중고매장범계점,https://www.aladin.co.kr/shop/wproduct.aspx?ItemId=298258994
21869720,8,2500,6200,중,중고매장강서홈플러스점,https://www.aladin.co.kr/shop/wproduct.aspx?ItemId=294202722
21869720,9,2500,6200,중,중고매장광주충장로점,https://www.aladin.co.kr/shop/wproduct.aspx?ItemId=292702367
2217939,1,2500,4600,상,중고매장인천구월점,https://www.aladin.co.kr/shop/wproduct.aspx?ItemId=285960580
2217939,10,2500,5200,상,중고매장광주충장로점,https://www.aladin.co.kr/shop/wproduct.aspx?ItemId=339406807
2217939,11,2500,5200,상,중고매장범계점,https://www.aladin.co.kr/shop/wproduct.aspx?ItemId=339220105
2217939,12,2500,5200,상,중고매장신림점,https://www.aladin.co.kr/shop/wproduct.aspx?ItemId=338659225
2217939,13,2500,5400,최상,중고매장가로수길점,https://www.aladin.co.kr/shop/wproduct.aspx?ItemId=339744416
2217939,14,2500,6200,중,중고매장천호점,https://www.aladin.co.kr/shop/wproduct.aspx?ItemId=338310105
2217939,15,2500,6700,최상,중고매장합정점,https://www.aladin.co.kr/shop/wproduct.aspx?ItemId=339473906
2217939,2,2500,4600,상,중고매장연신내점,https://www.aladin.co.kr/shop/wproduct.aspx?ItemId=283930012
2217939,3,2500,4700,상,중고매장잠실새내역점,https://www.aladin.co.kr/shop/wproduct.aspx?ItemId=306602441
2217939,4,2500,5000,중,중고매장잠실롯데월드타워점,https://www.aladin.co.kr/shop/wproduct.aspx?ItemId=339901374
2217939,5,2500,5000,중,중고매장대전시청역점,https://www.aladin.co.kr/shop/wproduct.aspx?ItemId=339452846
2217939,6,2500,5000,중,중고매장대전은행점,https://www.aladin.co.kr/shop/wproduct.aspx?ItemId=338475124
2217939,7,2500,5100,상,중고매장전주점,https://www.aladin.co.kr/shop/wproduct.aspx?ItemId=312114173
2217939,8,2500,5200,상,중고매장대전시청역점,https://www.aladin.co.kr/shop/wproduct.aspx?ItemId=339819770
2217939,9,2500,5200,상,중고매장수원시청역점,https://www.aladin.co.kr/shop/wproduct.aspx?ItemId=339448199
232164,1,2500,4200,중,중고매장창원상남점,https://www.aladin.co.kr/shop/wproduct.aspx?ItemId=262541142
232164,10,2500,5000,중,중고매장인천구월점,https://www.aladin.co.kr/shop/wproduct.aspx?ItemId=320471109
232164,11,2500,5100,중,중고매장천호점,https://www.aladin.co.kr/shop/wproduct.aspx?ItemId=336453844
232164,12,2500,5200,상,중고매장광주충장로점,https://www.aladin.co.kr/shop/wproduct.aspx?ItemId=327725397
232164,13,2500,5200,상,중고매장목동점,https://www.aladin.co.kr/shop/wproduct.aspx?ItemId=324203777
232164,14,2500,5200,상,중고매장부산센텀점,https://www.aladin.co.kr/shop/wproduct.aspx?ItemId=321892678
232164,15,2500,5200,상,중고매장이수역점,https://www.aladin.co.kr/shop/wproduct.aspx?ItemId=320194734
232164,2,2500,4500,중,중고매장광주충장로점,https://www.aladin.co.kr/shop/wproduct.aspx?ItemId=308382785
232164,3,2500,4500,중,중고매장마산합성점,https://www.aladin.co.kr/shop/wproduct.aspx?ItemId=302258445
232164,4,2500,4500,중,중고매장마산합성점,https://www.aladin.co.kr/shop/wproduct.aspx?ItemId=299700115
232164,5,2500,4500,중,중고매장수원점,https://www.aladin.co.kr/shop/wproduct.aspx?ItemId=296533280
232164,6,2500,4900,중,중고매장수지점,https://www.aladin.co.kr/shop/wproduct.aspx?ItemId=315470028
232164,7,2500,5000,중,중고매장부천점,https://www.aladin.co.kr/shop/wproduct.aspx?ItemId=332319916
232164,8,2500,5000,중,중고매장대구상인점,https://www.aladin.co.kr/shop/wproduct.aspx?ItemId=332175781
232164,9,2500,5000,중,중고매장신림점,https://www.aladin.co.kr/shop/wproduct.aspx?ItemId=322087899
241484589,1,2500,12000,상,중고매장대전시청역점,https://www.aladin.co.kr/shop/wproduct.aspx?ItemId=341996270
241484589,2,2500,12000,상,중고매장인천구월점,https://www.aladin.co.kr/shop/wproduct.aspx?ItemId=341473020
243551,1,2500,2200,최상,중고매장광주충장로점,https://www.aladin.co.kr/shop/wproduct.aspx?ItemId=342564598
243551,2,2500,2200,상,중고매장인천송도점,https://www.aladin.co.kr/shop/wproduct.aspx?ItemId=339137134
252329,1,2500,800,균일가,중고매장광주충장로점,https://www.aladin.co.kr/shop/wproduct.aspx?ItemId=241259415
252329,2,2500,3500,중,중고매장영등포점,https://www.aladin.co.kr/shop/wproduct.aspx?ItemId=312364915
252329,3,2500,3500,중,중고매장수유점,https://www.aladin.co.kr/shop/wproduct.aspx?ItemId=310030363
252329,4,2500,3900,중,중고매장신림점,https://www.aladin.co.kr/shop/wproduct.aspx?ItemId=328707586
252329,5,2500,4000,중,중고매장산본점,https://www.aladin.co.kr/shop/wproduct.aspx?ItemId=304413504
252329,6,2500,4200,상,중고매장강남점,https://www.aladin.co.kr/shop/wproduct.aspx?ItemId=310378476
252329,7,2500,4400,중,중고매장부산 경성대.부경대역점,https://www.aladin.co.kr/shop/wproduct.aspx?ItemId=319354790
252329,8,2500,4400,중,중고매장이수역점,https://www.aladin.co.kr/shop/wproduct.aspx?ItemId=319158199
25235014,1,2500,1500,균일가,중고매장인천청라점,https://www.aladin.co.kr/shop/wproduct.aspx?ItemId=241783596
25235014,2,2500,6500,중,중고매장화정점,https://www.aladin.co.kr/shop/wproduct.aspx?ItemId=283359956
25235014,3,2500,6700,중,중고매장부산서면동보점,https://www.aladin.co.kr/shop/wproduct.aspx?ItemId=298169505
25235014,4,2500,7300,중,중고매장연신내점,https://www.aladin.co.kr/shop/wproduct.aspx?ItemId=323974074
25235014,5,2500,7300,중,중고매장대전은행점,https://www.aladin.co.kr/shop/wproduct.aspx?ItemId=317924126
25235014,6,2500,7300,중,중고매장건대점,https://www.aladin.co.kr/shop/wproduct.aspx?ItemId=315329344
25235014,7,2500,7600,상,중고매장마산합성점,https://www.aladin.co.kr/shop/wproduct.aspx?ItemId=318351740
252712578,1,2500,19800,상,중고매장대전시청역점,https://www.aladin.co.kr/shop/wproduct.aspx?ItemId=297775792
252712578,2,2500,22600,최상,중고매장인천계산홈플러스점,https://www.aladin.co.kr/shop/wproduct.aspx?ItemId=281328643
25630154,1,2500,500,균일가,중고매장동탄2하나로마트점,https://www.aladin.co.kr/shop/wproduct.aspx?ItemId=256130967
25630154,2,2500,500,균일가,중고매장부산서면동보점,https://www.aladin.co.kr/shop/wproduct.aspx?ItemId=233800664
25630154,3,2500,3300,최상,중고매장창원상남점,https://www.aladin.co.kr/shop/wproduct.aspx?ItemId=270780466
25630154,4,2500,3400,중,중고매장부산서면역점,https://www.aladin.co.kr/shop/wproduct.aspx?ItemId=294461439
25630154,5,2500,3500,상,중고매장전주점,https://www.aladin.co.kr/shop/wproduct.aspx?ItemId=291932219
25630154,6,2500,3500,중,중고매장대전은행점,https://www.aladin.co.kr/shop/wproduct.aspx?ItemId=300237882
25630154,7,2500,3600,중,중고매장청주점,https://www.aladin.co.kr/shop/wproduct.aspx?ItemId=324211287
25630154,8,2500,3700,상,중고매장대구동성로점,https://www.aladin.co.kr/shop/wproduct.aspx?ItemId=324282719
25630154,9,2500,3700,상,중고매장부천점,https://www.aladin.co.kr/shop/wproduct.aspx?ItemId=324023129
258768,1,2500,7100,상,중고매장종로점,https://www.aladin.co.kr/shop/wproduct.aspx?ItemId=340355664
258768,2,2500,7100,상,중고매장천호점,https://www.aladin.co.kr/shop/wproduct.aspx?ItemId=338880193
25892377,1,2500,4800,상,중고매장수원시청역점,https://www.aladin.co.kr/shop/wproduct.aspx?ItemId=342345307
260210,1,2500,800,균일가,중고매장광주충장로점,https://www.aladin.co.kr/shop/wproduct.aspx?ItemId=229069495
260210,2,2500,800,균일가,중고매장신촌점,https://www.aladin.co.kr/shop/wproduct.aspx?ItemId=225010528
260210,3,2500,800,균일가,중고매장대구동성로점,https://www.aladin.co.kr/shop/wproduct.aspx?ItemId=223404451
260210,4,2500,800,균일가,중고매장동대구역점,https://www.aladin.co.kr/shop/wproduct.aspx?ItemId=200284968
260210,5,2500,800,균일가,중고매장전주점,https://www.aladin.co.kr/shop/wproduct.aspx?ItemId=179498234
260210,6,2500,800,균일가,중고매장창원상남점,https://www.aladin.co.kr/shop/wproduct.aspx?ItemId=178897134
262074591,1,2500,13600,중,중고매장청주점,https://www.aladin.co.kr/shop/wproduct.aspx?ItemId=326219573
262074591,10,2500,14700,최상,중고매장신림점,https://www.aladin.co.kr/shop/wproduct.aspx?ItemId=325796228
262074591,11,2500,14700,최상,중고매장대전시청역점,https://www.aladin.co.kr/shop/wproduct.aspx?ItemId=324985820
262074591,12,2500,15400,최상,중고매장잠실새내역점,https://www.aladin.co.kr/shop/wproduct.aspx?ItemId=308809373
262074591,13,2500,15800,최상,중고매장대구상인점,https://www.aladin.co.kr/shop/wproduct.aspx?ItemId=304392099
262074591,2,2500,14100,상,중고매장부산서면역점,https://www.aladin.co.kr/shop/wproduct.aspx?ItemId=326266566
262074591,3,2500,14100,상,중고매장청주점,https://www.aladin.co.kr/shop/wproduct.aspx?ItemId=323917006
262074591,4,2500,14100,상,중고매장광주충장로점,https://www.aladin.co.kr/shop/wproduct.aspx?ItemId=319348365
262074591,5,2500,14700,최상,중고매장분당야탑점,https://www.aladin.co.kr/shop/wproduct.aspx?ItemId=329907514
262074591,6,2500,14700,최상,중고매장분당야탑점,https://www.aladin.co.kr/shop/wproduct.aspx?ItemId=329082937
262074591,7,2500,14700,최상,중고매장인천구월점,https://www.aladin.co.kr/shop/wproduct.aspx?ItemId=328286081
262074591,8,2500,14700,최상,중고매장동탄2하나로마트점,https://www.aladin.co.kr/shop/wproduct.aspx?ItemId=327737858
262074591,9,2500,14700,최상,중고매장동탄2하나로마트점,https://www.aladin.co.kr/shop/wproduct.aspx?ItemId=326243249
267255559,1,2500,7000,중,중고매장합정점,https://www.aladin.co.kr/shop/wproduct.aspx?ItemId=340432173
267255559,10,2500,7500,상,중고매장범계점,https://www.aladin.co.kr/shop/wproduct.aspx?ItemId=335020544
267255559,11,2500,7500,상,중고매장동탄2하나로마트점,https://www.aladin.co.kr/shop/wproduct.aspx?ItemId=334053478
267255559,12,2500,7600,최상,중고매장연신내점,https://www.aladin.co.kr/shop/wproduct.aspx?ItemId=342750367
267255559,13,2500,7600,최상,중고매장범계점,https://www.aladin.co.kr/shop/wproduct.aspx?ItemId=342172611
267255559,14,2500,7600,최상,중고매장동탄점,https://www.aladin.co.kr/shop/wproduct.aspx?ItemId=338509186
267255559,15,2500,7800,최상,중고매장의정부홈플러스점,https://www.aladin.co.kr/shop/wproduct.aspx?ItemId=335871289
267255559,2,2500,7000,중,중고매장범계점,https://www.aladin.co.kr/shop/wproduct.aspx?ItemId=337973995
267255559,3,2500,7300,상,중고매장일산점,https://www.aladin.co.kr/shop/wproduct.aspx?ItemId=342615889
267255559,4,2500,7300,상,중고매장부산서면동보점,https://www.aladin.co.kr/shop/wproduct.aspx?ItemId=342527126
267255559,5,2500,7300,상,중고매장부산 경성대.부경대역점,https://www.aladin.co.kr/shop/wproduct.aspx?ItemId=342406975
267255559,6,2500,7300,상,중고매장대학로점,https://www.aladin.co.kr/shop/wproduct.aspx?ItemId=342315621
267255559,7,2500,7300,상,중고매장범계점,https://www.aladin.co.kr/shop/wproduct.aspx?ItemId=341573005
267255559,8,2500,7300,상,중고매장동탄2하나로마트점,https://www.aladin.co.kr/shop/wproduct.aspx?ItemId=340778757
267255559,9,2500,7300,상,중고매장대구상인점,https://www.aladin.co.kr/shop/wproduct.aspx?ItemId=338998809
269971951,1,2500,7900,상,중고매장일산점,https://www.aladin.co.kr/shop/wproduct.aspx?ItemId=323900428
269971951,10,2500,8600,최상,중고매장부산센텀점,https://www.aladin.co.kr/shop/wproduct.aspx?ItemId=310674115
269971951,11,2500,8600,최상,중고매장가로수길점,https://www.aladin.co.kr/shop/wproduct.aspx?ItemId=305294202
269971951,12,2500,9200,최상,중고매장화정점,https://www.aladin.co.kr/shop/wproduct.aspx?ItemId=290980661
269971951,13,2500,9900,최상,중고매장부천점,https://www.aladin.co.kr/shop/wproduct.aspx?ItemId=279798936
269971951,14,2500,10500,최상,중고매장청주점,https://www.aladin.co.kr/shop/wproduct.aspx?ItemId=276381680
269971951,15,2500,10500,최상,중고매장대구동성로점,https://www.aladin.co.kr/shop/wproduct.aspx?ItemId=274855365
269971951,2,2500,7900,상,중고매장부천점,https://www.aladin.co.kr/shop/wproduct.aspx?ItemId=318229262
269971951,3,2500,8200,최상,중고매장수원시청역점,https://www.aladin.co.kr/shop/wproduct.aspx?ItemId=324804804
269971951,4,2500,8200,최상,중고매장신림점,https://www.aladin.co.kr/shop/wproduct.aspx?ItemId=322974768
269971951,5,2500,8200,최상,중고매장범계점,https://www.aladin.co.kr/shop/wproduct.aspx?ItemId=321698174
269971951,6,2500,8200,최상,중고매장청주점,https://www.aladin.co.kr/shop/wproduct.aspx?ItemId=316131705
269971951,7,2500,8200,상,중고매장합정점,https://www.aladin.co.kr/shop/wproduct.aspx?ItemId=313280372
269971951,8,2500,8300,상,중고매장대구동성로점,https://www.aladin.co.kr/shop/wproduct.aspx?ItemId=313532209
269971951,9,2500,8600,최상,중고매장노원역점,https://www.aladin.co.kr/shop/wproduct.aspx?ItemId=313232009
270740769,1,2500,3800,중,중고매장목동점,https://www.aladin.co.kr/shop/wproduct.aspx?ItemId=337600462
270740769,10,2500,5100,최상,중고매장신림점,https://www.aladin.co.kr/shop/wproduct.aspx?ItemId=338917209
270740769,11,2500,5100,최상,중고매장가로수길점,https://www.aladin.co.kr/shop/wproduct.aspx?ItemId=338704964
270740769,12,2500,5100,최상,중고매장목동점,https://www.aladin.co.kr/shop/wproduct.aspx?ItemId=338642871
270740769,13,2500,5100,최상,중고매장화정점,https://www.aladin.co.kr/shop/wproduct.aspx?ItemId=338511338
270740769,14,2500,5100,최상,중고매장전주점,https://www.aladin.co.kr/shop/wproduct.aspx?ItemId=338444513
270740769,15,2500,5100,상,중고매장청주점,https://www.aladin.co.kr/shop/wproduct.aspx?ItemId=338529785
270740769,2,2500,3800,중,중고매장건대점,https://www.aladin.co.kr/shop/wproduct.aspx?ItemId=337285706
270740769,3,2500,4000,상,중고매장강서홈플러스점,https://www.aladin.co.kr/shop/wproduct.aspx?ItemId=336332896
270740769,4,2500,4100,최상,중고매장대전시청역점,https://www.aladin.co.kr/shop/wproduct.aspx?ItemId=337755038
270740769,5,2500,4100,최상,중고매장마산합성점,https://www.aladin.co.kr/shop/wproduct.aspx?ItemId=337311238
270740769,6,2500,4100,최상,중고매장잠실새내역점,https://www.aladin.co.kr/shop/wproduct.aspx?ItemId=336699158
270740769,7,2500,4100,최상,중고매장인천청라점,https://www.aladin.co.kr/shop/wproduct.aspx?ItemId=336238077
270740769,8,2500,4100,최상,중고매장연신내점,https://www.aladin.co.kr/shop/wproduct.aspx?ItemId=334818365
270740769,9,2500,4100,최상,중고매장연신내점,https://www.aladin.co.kr/shop/wproduct.aspx?ItemId=334186485
271348380,1,2500,9500,중,중고매장화정점,https://www.aladin.co.kr/shop/wproduct.aspx?ItemId=333991495
271348380,10,2500,10300,최상,중고매장동탄2하나로마트점,https://www.aladin.co.kr/shop/wproduct.aspx?ItemId=336360869
271348380,11,2500,10300,최상,중고매장인천구월점,https://www.aladin.co.kr/shop/wproduct.aspx?ItemId=336300936
271348380,12,2500,10300,최상,중고매장수지점,https://www.aladin.co.kr/shop/wproduct.aspx?ItemId=336204382
271348380,13,2500,10300,최상,중고매장잠실새내역점,https://www.aladin.co.kr/shop/wproduct.aspx?ItemId=336159678
271348380,14,2500,10300,최상,중고매장화정점,https://www.aladin.co.kr/shop/wproduct.aspx?ItemId=335467947
271348380,15,2500,10400,최상,중고매장종로점,https://www.aladin.co.kr/shop/wproduct.aspx?ItemId=335434292
271348380,2,2500,9500,중,중고매장마산합성점,https://www.aladin.co.kr/shop/wproduct.aspx?ItemId=333629645
271348380,3,2500,9900,상,중고매장종로점,https://www.aladin.co.kr/shop/wproduct.aspx?ItemId=336817822
271348380,4,2500,9900,상,중고매장창원상남점,https://www.aladin.co.kr/shop/wproduct.aspx?ItemId=335763003
271348380,5,2500,9900,상,중고매장청주점,https://www.aladin.co.kr/shop/wproduct.aspx?ItemId=334202895
271348380,6,2500,9900,상,중고매장청주점,https://www.aladin.co.kr/shop/wproduct.aspx?ItemId=332845078
271348380,7,2500,10200,최상,중고매장대전시청역점,https://www.aladin.co.kr/shop/wproduct.aspx?ItemId=331366818
271348380,8,2500,10200,최상,중고매장부산 경성대.부경대역점,https://www.aladin.co.kr/shop/wproduct.aspx?ItemId=326504236
271348380,9,2500,10300,최상,중고매장창원상남점,https://www.aladin.co.kr/shop/wproduct.aspx?ItemId=337134905
272722081,1,2500,6500,중,중고매장평택점,https://www.aladin.co.kr/shop/wproduct.aspx?ItemId=318581373
272722081,10,2500,7100,최상,중고매장신림점,https://www.aladin.co.kr/shop/wproduct.aspx?ItemId=321729510
272722081,11,2500,7200,최상,중고매장수유점,https://www.aladin.co.kr/shop/wproduct.aspx?ItemId=336569248
272722081,12,2500,7200,최상,중고매장마산합성점,https://www.aladin.co.kr/shop/wproduct.aspx?ItemId=335138241
272722081,13,2500,7500,최상,중고매장천호점,https://www.aladin.co.kr/shop/wproduct.aspx?ItemId=298596949
272722081,14,2500,7600,중,중고매장천호점,https://www.aladin.co.kr/shop/wproduct.aspx?ItemId=292467187
272722081,15,2500,8000,최상,중고매장인천구월점,https://www.aladin.co.kr/shop/wproduct.aspx?ItemId=301979900
272722081,2,2500,6600,중,중고매장울산점,https://www.aladin.co.kr/shop/wproduct.aspx?ItemId=334941501
272722081,3,2500,6800,상,중고매장대구상인점,https://www.aladin.co.kr/shop/wproduct.aspx?ItemId=327941118
272722081,4,2500,6900,상,중고매장분당야탑점,https://www.aladin.co.kr/shop/wproduct.aspx?ItemId=335258595
272722081,5,2500,7000,중,중고매장부산덕천점,https://www.aladin.co.kr/shop/wproduct.aspx?ItemId=315407116
272722081,6,2500,7100,최상,중고매장영등포점,https://www.aladin.co.kr/shop/wproduct.aspx?ItemId=331603904
272722081,7,2500,7100,최상,중고매장신촌점,https://www.aladin.co.kr/shop/wproduct.aspx?ItemId=330717885
272722081,8,2500,7100,최상,중고매장수지점,https://www.aladin.co.kr/shop/wproduct.aspx?ItemId=330657416
272722081,9,2500,7100,최상,중고매장분당서현점,https://www.aladin.co.kr/shop/wproduct.aspx?ItemId=323477007
275467267,1,2500,6500,상,중고매장부산서면동보점,https://www.aladin.co.kr/shop/wproduct.aspx?ItemId=342610645
275467267,2,2500,6500,상,중고매장합정점,https://www.aladin.co.kr/shop/wproduct.aspx?ItemId=340598715
275467267,3,2500,6500,상,중고매장부산서면역점,https://www.aladin.co.kr/shop/wproduct.aspx?ItemId=338925353
275467267,4,2500,6500,상,중고매장수유점,https://www.aladin.co.kr/shop/wproduct.aspx?ItemId=335080618
275467267,5,2500,6700,최상,중고매장동탄점,https://www.aladin.co.kr/shop/wproduct.aspx?ItemId=338084793
275467267,6,2500,6700,최상,중고매장부천점,https://www.aladin.co.kr/shop/wproduct.aspx?ItemId=334844944
275467267,7,2500,6700,최상,중고매장부천점,https://www.aladin.co.kr/shop/wproduct.aspx?ItemId=334844941
275467267,8,2500,6700,최상,중고매장청주점,https://www.aladin.co.kr/shop/wproduct.aspx?ItemId=333385075
275467267,9,2500,6700,최상,중고매장분당서현점,https://www.aladin.co.kr/shop/wproduct.aspx?ItemId=332381050
284243232,1,2500,11400,중,중고매장수지점,https://www.aladin.co.kr/shop/wproduct.aspx?ItemId=335458475
284243232,10,2500,12300,최상,중고매장청주점,https://www.aladin.co.kr/shop/wproduct.aspx?ItemId=335762549
284243232,11,2500,12300,최상,중고매장분당야탑점,https://www.aladin.co.kr/shop/wproduct.aspx?ItemId=335552165
284243232,12,2500,12300,최상,중고매장대구상인점,https://www.aladin.co.kr/shop/wproduct.aspx?ItemId=335416590
284243232,13,2500,12300,최상,중고매장수지점,https://www.aladin.co.kr/shop/wproduct.aspx?ItemId=335155229
284243232,14,2500,12300,최상,중고매장마산합성점,https://www.aladin.co.kr/shop/wproduct.aspx?ItemId=335031168
284243232,15,2500,12300,최상,중고매장영등포점,https://www.aladin.co.kr/shop/wproduct.aspx?ItemId=329850029
284243232,2,2500,11500,중,중고매장강남점,https://www.aladin.co.kr/shop/wproduct.aspx?ItemId=336584183
284243232,3,2500,11800,상,중고매장수지점,https://www.aladin.co.kr/shop/wproduct.aspx?ItemId=336588073
284243232,4,2500,11800,상,중고매장목동점,https://www.aladin.co.kr/shop/wproduct.aspx?ItemId=335076381
284243232,5,2500,11800,상,중고매장연신내점,https://www.aladin.co.kr/shop/wproduct.aspx?ItemId=333655464
284243232,6,2500,11800,상,중고매장강서홈플러스점,https://www.aladin.co.kr/shop/wproduct.aspx?ItemId=332711068
284243232,7,2500,11900,상,중고매장신촌점,https://www.aladin.co.kr/shop/wproduct.aspx?ItemId=336945664
284243232,8,2500,12300,최상,중고매장수유점,https://www.aladin.co.kr/shop/wproduct.aspx?ItemId=336462173
284243232,9,2500,12300,최상,중고매장신촌점,https://www.aladin.co.kr/shop/wproduct.aspx?ItemId=335912621
291094970,1,2500,3700,최상,중고매장분당서현점,https://www.aladin.co.kr/shop/wproduct.aspx?ItemId=342710275
291094970,2,2500,3700,최상,중고매장대전시청역점,https://www.aladin.co.kr/shop/wproduct.aspx?ItemId=342677963
291094970,3,2500,3700,최상,중고매장수원시청역점,https://www.aladin.co.kr/shop/wproduct.aspx?ItemId=342567707
291094970,4,2500,3700,최상,중고매장대전시청역점,https://www.aladin.co.kr/shop/wproduct.aspx?ItemId=342470660
291094970,5,2500,3700,최상,중고매장목동점,https://www.aladin.co.kr/shop/wproduct.aspx?ItemId=341226133
291094970,6,2500,3700,최상,중고매장분당야탑점,https://www.aladin.co.kr/shop/wproduct.aspx?ItemId=341003102
291094970,7,2500,3700,최상,중고매장대구동성로점,https://www.aladin.co.kr/shop/wproduct.aspx?ItemId=338299541
291094970,8,2500,3700,최상,중고매장목동점,https://www.aladin.co.kr/shop/wproduct.aspx?ItemId=336764421
291094970,9,2500,4100,중,중고매장부산센텀점,https://www.aladin.co.kr/shop/wproduct.aspx?ItemId=327808769
292121704,1,2500,8700,중,중고매장인천송도점,https://www.aladin.co.kr/shop/wproduct.aspx?ItemId=340264717
292121704,2,2500,9500,상,중고매장부산서면동보점,https://www.aladin.co.kr/shop/wproduct.aspx?ItemId=335139633
292121704,3,2500,9800,최상,중고매장부산서면동보점,https://www.aladin.co.kr/shop/wproduct.aspx?ItemId=322568111
292873028,1,2500,3100,최상,중고매장범계점,https://www.aladin.co.kr/shop/wproduct.aspx?ItemId=342631993
292873028,2,2500,3100,최상,중고매장인천계산홈플러스점,https://www.aladin.co.kr/shop/wproduct.aspx?ItemId=342251098
292873028,3,2500,3100,최상,중고매장목동점,https://www.aladin.co.kr/shop/wproduct.aspx?ItemId=342211385
292873028,4,2500,3100,최상,중고매장부천점,https://www.aladin.co.kr/shop/wproduct.aspx?ItemId=340727060
292873028,5,2500,3100,최상,중고매장이수역점,https://www.aladin.co.kr/shop/wproduct.aspx?ItemId=339944639
292873028,6,2500,3200,최상,중고매장동대구역점,https://www.aladin.co.kr/shop/wproduct.aspx?ItemId=335465690
293433626,1,2500,22400,상,중고매장분당서현점,https://www.aladin.co.kr/shop/wproduct.aspx?ItemId=316763694
293433626,2,2500,23400,최상,중고매장부산서면동보점,https://www.aladin.co.kr/shop/wproduct.aspx?ItemId=316501567
293433626,3,2500,24300,상,중고매장연신내점,https://www.aladin.co.kr/shop/wproduct.aspx?ItemId=315589435
293433626,4,2500,25900,상,중고매장신림점,https://www.aladin.co.kr/shop/wproduct.aspx?ItemId=314036826
307993,1,2500,3800,상,중고매장부산서면역점,https://www.aladin.co.kr/shop/wproduct.aspx?ItemId=308541171
307993,10,2500,5000,중,중고매장수지점,https://www.aladin.co.kr/shop/wproduct.aspx?ItemId=319545752
307993,11,2500,5000,중,중고매장수지점,https://www.aladin.co.kr/shop/wproduct.aspx?ItemId=318188043
307993,12,2500,5000,중,중고매장천호점,https://www.aladin.co.kr/shop/wproduct.aspx?ItemId=317881636
307993,13,2500,5000,중,중고매장인천계산홈플러스점,https://www.aladin.co.kr/shop/wproduct.aspx?ItemId=317719930
307993,14,2500,5000,중,중고매장대학로점,https://www.aladin.co.kr/shop/wproduct.aspx?ItemId=316207360
307993,15,2500,5000,중,중고매장동탄2하나로마트점,https://www.aladin.co.kr/shop/wproduct.aspx?ItemId=314540966
307993,2,2500,4600,중,중고매장천안신불당점,https://www.aladin.co.kr/shop/wproduct.aspx?ItemId=291907832
307993,3,2500,4600,중,중고매장동탄2하나로마트점,https://www.aladin.co.kr/shop/wproduct.aspx?ItemId=287432175
307993,4,2500,4700,중,중고매장광주상무점,https://www.aladin.co.kr/shop/wproduct.aspx?ItemId=303334894
307993,5,2500,4700,중,중고매장대학로점,https://www.aladin.co.kr/shop/wproduct.aspx?ItemId=301296099
307993,6,2500,4700,중,중고매장신촌점,https://www.aladin.co.kr/shop/wproduct.aspx?ItemId=301283585
307993,7,2500,4700,중,중고매장가로수길점,https://www.aladin.co.kr/shop/wproduct.aspx?ItemId=299037445
307993,8,2500,4900,상,중고매장광주충장로점,https://www.aladin.co.kr/shop/wproduct.aspx?ItemId=302338885
307993,9,2500,4900,상,중고매장동탄2하나로마트점,https://www.aladin.co.kr/shop/wproduct.aspx?ItemId=286981875
330454866,1,2500,18400,상,중고매장청주점,https://www.aladin.co.kr/shop/wproduct.aspx?ItemId=337538449
330454866,10,2500,19100,최상,중고매장인천청라점,https://www.aladin.co.kr/shop/wproduct.aspx?ItemId=338667745
330454866,11,2500,19100,최상,중고매장연신내점,https://www.aladin.co.kr/shop/wproduct.aspx?ItemId=338305332
330454866,12,2500,19100,최상,중고매장산본점,https://www.aladin.co.kr/shop/wproduct.aspx?ItemId=337909279
330454866,13,2500,19100,최상,중고매장부산서면동보점,https://www.aladin.co.kr/shop/wproduct.aspx?ItemId=337345240
330454866,2,2500,19100,최상,중고매장일산점,https://www.aladin.co.kr/shop/wproduct.aspx?ItemId=342704501
330454866,3,2500,19100,최상,중고매장건대점,https://www.aladin.co.kr/shop/wproduct.aspx?ItemId=342265962
330454866,4,2500,19100,최상,중고매장건대점,https://www.aladin.co.kr/shop/wproduct.aspx?ItemId=341971004
330454866,5,2500,19100,최상,중고매장대구상인점,https://www.aladin.co.kr/shop/wproduct.aspx?ItemId=341662860
330454866,6,2500,19100,최상,중고매장일산점,https://www.aladin.co.kr/shop/wproduct.aspx?ItemId=341516122
330454866,7,2500,19100,최상,중고매장이수역점,https://www.aladin.co.kr/shop/wproduct.aspx?ItemId=341039428
330454866,8,2500,19100,최상,중고매장연신내점,https://www.aladin.co.kr/shop/wproduct.aspx?ItemId=339992757
330454866,9,2500,19100,최상,중고매장대구상인점,https://www.aladin.co.kr/shop/wproduct.aspx?ItemId=339163478
334192,1,2500,4500,중,중고매장동탄2하나로마트점,https://www.aladin.co.kr/shop/wproduct.aspx?ItemId=273816795
334192,10,2500,5200,중,중고매장강서홈플러스점,https://www.aladin.co.kr/shop/wproduct.aspx?ItemId=303045068
334192,11,2500,5200,중,중고매장부산센텀점,https://www.aladin.co.kr/shop/wproduct.aspx?ItemId=284341286
334192,12,2500,5500,상,중고매장수원점,https://www.aladin.co.kr/shop/wproduct.aspx?ItemId=312569213
334192,13,2500,5500,상,중고매장평택점,https://www.aladin.co.kr/shop/wproduct.aspx?ItemId=309335442
334192,14,2500,5500,상,중고매장신림점,https://www.aladin.co.kr/shop/wproduct.aspx?ItemId=309136260
334192,15,2500,5500,상,중고매장동탄2하나로마트점,https://www.aladin.co.kr/shop/wproduct.aspx?ItemId=303196485
334192,2,2500,5200,중,중고매장천호점,https://www.aladin.co.kr/shop/wproduct.aspx?ItemId=311236881
334192,3,2500,5200,중,중고매장동탄2하나로마트점,https://www.aladin.co.kr/shop/wproduct.aspx?ItemId=309696441
334192,4,2500,5200,중,중고매장부산 경성대.부경대역점,https://www.aladin.co.kr/shop/wproduct.aspx?ItemId=309622716
334192,5,2500,5200,중,중고매장대전시청역점,https://www.aladin.co.kr/shop/wproduct.aspx?ItemId=309034121
334192,6,2500,5200,중,중고매장수원점,https://www.aladin.co.kr/shop/wproduct.aspx?ItemId=307561124
334192,7,2500,5200,중,중고매장종로점,https://www.aladin.co.kr/shop/wproduct.aspx?ItemId=305612388
334192,8,2500,5200,중,중고매장인천계산홈플러스점,https://www.aladin.co.kr/shop/wproduct.aspx?ItemId=305261621
334192,9,2500,5200,중,중고매장김해점,https://www.aladin.co.kr/shop/wproduct.aspx?ItemId=305111985
347943,1,2500,1500,균일가,중고매장창원상남점,https://www.aladin.co.kr/shop/wproduct.aspx?ItemId=211146250
347943,2,2500,2000,중,중고매장부산서면동보점,https://www.aladin.co.kr/shop/wproduct.aspx?ItemId=160852820
347943,3,2500,3800,상,중고매장목동점,https://www.aladin.co.kr/shop/wproduct.aspx?ItemId=312689753
369993,1,2500,1400,중,중고매장동탄2하나로마트점,https://www.aladin.co.kr/shop/wproduct.aspx?ItemId=263168675
369993,2,2500,1800,상,중고매장동탄점,https://www.aladin.co.kr/shop/wproduct.aspx?ItemId=342660515
369993,3,2500,1900,상,중고매장분당야탑점,https://www.aladin.co.kr/shop/wproduct.aspx?ItemId=326929558
401878,1,2500,1000,균일가,중고매장부산서면동보점,https://www.aladin.co.kr/shop/wproduct.aspx?ItemId=207100982
401878,2,2500,1000,균일가,중고매장대전시청역점,https://www.aladin.co.kr/shop/wproduct.aspx?ItemId=176934933
401878,3,2500,4900,상,중고매장창원상남점,https://www.aladin.co.kr/shop/wproduct.aspx?ItemId=278814932
4166700,1,2500,5100,중,중고매장인천계산홈플러스점,https://www.aladin.co.kr/shop/wproduct.aspx?ItemId=318892435
4166700,10,2500,6200,중,중고매장일산점,https://www.aladin.co.kr/shop/wproduct.aspx?ItemId=334618137
4166700,11,2500,6200,중,중고매장대구상인점,https://www.aladin.co.kr/shop/wproduct.aspx?ItemId=333371415
4166700,12,2500,6200,중,중고매장수유점,https://www.aladin.co.kr/shop/wproduct.aspx?ItemId=333081346
4166700,13,2500,6400,상,중고매장강남점,https://www.aladin.co.kr/shop/wproduct.aspx?ItemId=342098850
4166700,2,2500,5600,중,중고매장대전시청역점,https://www.aladin.co.kr/shop/wproduct.aspx?ItemId=327229729
4166700,3,2500,5600,중,중고매장인천청라점,https://www.aladin.co.kr/shop/wproduct.aspx?ItemId=327066989
4166700,4,2500,6000,중,중고매장마산합성점,https://www.aladin.co.kr/shop/wproduct.aspx?ItemId=339006777
4166700,5,2500,6000,중,중고매장종로점,https://www.aladin.co.kr/shop/wproduct.aspx?ItemId=335473733
4166700,6,2500,6100,중,중고매장천안신불당점,https://www.aladin.co.kr/shop/wproduct.aspx?ItemId=330862099
4166700,7,2500,6200,상,중고매장신촌점,https://www.aladin.co.kr/shop/wproduct.aspx?ItemId=339203085
4166700,8,2500,6200,중,중고매장부산서면동보점,https://www.aladin.co.kr/shop/wproduct.aspx?ItemId=341869710
4166700,9,2500,6200,중,중고매장수유점,https://www.aladin.co.kr/shop/wproduct.aspx?ItemId=341638353
442225,1,2500,4600,중,중고매장천호점,https://www.aladin.co.kr/shop/wproduct.aspx?ItemId=309285614
442225,10,2500,6100,상,중고매장분당야탑점,https://www.aladin.co.kr/shop/wproduct.aspx?ItemId=320758990
442225,11,2500,6100,상,중고매장천호점,https://www.aladin.co.kr/shop/wproduct.aspx?ItemId=319284346
442225,12,2500,6100,상,중고매장인천구월점,https://www.aladin.co.kr/shop/wproduct.aspx?ItemId=317252913
442225,13,2500,6100,상,중고매장가로수길점,https://www.aladin.co.kr/shop/wproduct.aspx?ItemId=314911462
442225,14,2500,7000,상,중고매장동탄2하나로마트점,https://www.aladin.co.kr/shop/wproduct.aspx?ItemId=189632770
442225,15,2500,7500,최상,중고매장합정점,https://www.aladin.co.kr/shop/wproduct.aspx?ItemId=314778655
442225,2,2500,5200,상,중고매장천호점,https://www.aladin.co.kr/shop/wproduct.aspx?ItemId=322161674
442225,3,2500,5200,상,중고매장종로점,https://www.aladin.co.kr/shop/wproduct.aspx?ItemId=263291987
442225,4,2500,5300,중,중고매장합정점,https://www.aladin.co.kr/shop/wproduct.aspx?ItemId=318559009
442225,5,2500,5300,중,중고매장연신내점,https://www.aladin.co.kr/shop/wproduct.aspx?ItemId=318123591
442225,6,2500,6100,최상,중고매장동탄2하나로마트점,https://www.aladin.co.kr/shop/wproduct.aspx?ItemId=317893175
442225,7,2500,6100,상,중고매장수유점,https://www.aladin.co.kr/shop/wproduct.aspx?ItemId=322074460
442225,8,2500,6100,상,중고매장전주점,https://www.aladin.co.kr/shop/wproduct.aspx?ItemId=321921019
442225,9,2500,6100,상,중고매장이수역점,https://www.aladin.co.kr/shop/wproduct.aspx?ItemId=321908891
4551,1,2500,5000,중,중고매장천호점,https://www.aladin.co.kr/shop/wproduct.aspx?ItemId=292410241
4551,10,2500,6700,중,중고매장부산서면동보점,https://www.aladin.co.kr/shop/wproduct.aspx?ItemId=303734178
4551,11,2500,6900,중,중고매장광주상무점,https://www.aladin.co.kr/shop/wproduct.aspx?ItemId=309635310
4551,12,2500,7100,상,중고매장대구동성로점,https://www.aladin.co.kr/shop/wproduct.aspx?ItemId=312193364
4551,13,2500,7100,상,중고매장부산서면동보점,https://www.aladin.co.kr/shop/wproduct.aspx?ItemId=311832729
4551,14,2500,7100,상,중고매장목동점,https://www.aladin.co.kr/shop/wproduct.aspx?ItemId=311283202
4551,15,2500,7100,상,중고매장동탄2하나로마트점,https://www.aladin.co.kr/shop/wproduct.aspx?ItemId=311091195
4551,2,2500,5100,중,중고매장평택점,https://www.aladin.co.kr/shop/wproduct.aspx?ItemId=292824621
4551,3,2500,5800,중,중고매장청주점,https://www.aladin.co.kr/shop/wproduct.aspx?ItemId=237278640
4551,4,2500,6600,중,중고매장부산 경성대.부경대역점,https://www.aladin.co.kr/shop/wproduct.aspx?ItemId=288202678
4551,5,2500,6600,중,중고매장청주점,https://www.aladin.co.kr/shop/wproduct.aspx?ItemId=281221709
4551,6,2500,6600,중,중고매장청주점,https://www.aladin.co.kr/shop/wproduct.aspx?ItemId=278418378
4551,7,2500,6700,중,중고매장마산합성점,https://www.aladin.co.kr/shop/wproduct.aspx?ItemId=312450843
4551,8,2500,6700,중,중고매장부산 경성대.부경대역점,https://www.aladin.co.kr/shop/wproduct.aspx?ItemId=310735853
4551,9,2500,6700,중,중고매장평택점,https://www.aladin.co.kr/shop/wproduct.aspx?ItemId=310052739
490414,1,2500,4800,상,중고매장청주점,https://www.aladin.co.kr/shop/wproduct.aspx?ItemId=278836644
490414,2,2500,5400,상,중고매장목동점,https://www.aladin.co.kr/shop/wproduct.aspx?ItemId=313592364
51615925,1,2500,7700,중,중고매장잠실새내역점,https://www.aladin.co.kr/shop/wproduct.aspx?ItemId=338735094
51615925,10,2500,8000,상,중고매장평택점,https://www.aladin.co.kr/shop/wproduct.aspx?ItemId=332511714
51615925,11,2500,8200,최상,중고매장수유점,https://www.aladin.co.kr/shop/wproduct.aspx?ItemId=326327755
51615925,12,2500,8300,최상,중고매장수원시청역점,https://www.aladin.co.kr/shop/wproduct.aspx?ItemId=338715303
51615925,13,2500,8300,최상,중고매장창원상남점,https://www.aladin.co.kr/shop/wproduct.aspx?ItemId=337739531
51615925,14,2500,8300,최상,중고매장강남점,https://www.aladin.co.kr/shop/wproduct.aspx?ItemId=337475102
51615925,15,2500,8300,최상,중고매장잠실새내역점,https://www.aladin.co.kr/shop/wproduct.aspx?ItemId=336962429
51615925,2,2500,7700,중,중고매장이수역점,https://www.aladin.co.kr/shop/wproduct.aspx?ItemId=337888928
51615925,3,2500,7900,상,중고매장광주충장로점,https://www.aladin.co.kr/shop/wproduct.aspx?ItemId=330171164
51615925,4,2500,8000,상,중고매장광주충장로점,https://www.aladin.co.kr/shop/wproduct.aspx?ItemId=338111544
51615925,5,2500,8000,상,중고매장동탄2하나로마트점,https://www.aladin.co.kr/shop/wproduct.aspx?ItemId=337626294
51615925,6,2500,8000,상,중고매장청주점,https://www.aladin.co.kr/shop/wproduct.aspx?ItemId=337571056
51615925,7,2500,8000,상,중고매장광주충장로점,https://www.aladin.co.kr/shop/wproduct.aspx?ItemId=334598738
51615925,8,2500,8000,상,중고매장수유점,https://www.aladin.co.kr/shop/wproduct.aspx?ItemId=334350704
51615925,9,2500,8000,상,중고매장수지점,https://www.aladin.co.kr/shop/wproduct.aspx?ItemId=333490007
516843,1,2500,1500,균일가,중고매장광주충장로점,https://www.aladin.co.kr/shop/wproduct.aspx?ItemId=230336066
516843,10,2500,6400,상,중고매장잠실롯데월드타워점,https://www.aladin.co.kr/shop/wproduct.aspx?ItemId=329448468
516843,11,2500,6400,상,중고매장평택점,https://www.aladin.co.kr/shop/wproduct.aspx?ItemId=313685292
516843,12,2500,6500,상,중고매장인천구월점,https://www.aladin.co.kr/shop/wproduct.aspx?ItemId=334274110
516843,13,2500,6600,최상,중고매장잠실롯데월드타워점,https://www.aladin.co.kr/shop/wproduct.aspx?ItemId=328090740
516843,2,2500,1500,균일가,중고매장광주상무점,https://www.aladin.co.kr/shop/wproduct.aspx?ItemId=193543437
516843,3,2500,1500,균일가,중고매장강남점,https://www.aladin.co.kr/shop/wproduct.aspx?ItemId=137117726
516843,4,2500,5400,중,중고매장천안신불당점,https://www.aladin.co.kr/shop/wproduct.aspx?ItemId=271354968
516843,5,2500,5600,중,중고매장잠실새내역점,https://www.aladin.co.kr/shop/wproduct.aspx?ItemId=306565337
516843,6,2500,6100,중,중고매장부산서면역점,https://www.aladin.co.kr/shop/wproduct.aspx?ItemId=330601925
516843,7,2500,6100,중,중고매장신촌점,https://www.aladin.co.kr/shop/wproduct.aspx?ItemId=330041084
516843,8,2500,6400,상,중고매장강서홈플러스점,https://www.aladin.co.kr/shop/wproduct.aspx?ItemId=329847593
516843,9,2500,6400,상,중고매장합정점,https://www.aladin.co.kr/shop/wproduct.aspx?ItemId=329460604
530282,1,2500,10300,중,중고매장의정부홈플러스점,https://www.aladin.co.kr/shop/wproduct.aspx?ItemId=273578724
530282,2,2500,10300,중,중고매장김해점,https://www.aladin.co.kr/shop/wproduct.aspx?ItemId=260841459
536834,1,2500,3800,상,중고매장동탄2하나로마트점,https://www.aladin.co.kr/shop/wproduct.aspx?ItemId=333723416
536834,10,2500,5000,상,중고매장동탄2하나로마트점,https://www.aladin.co.kr/shop/wproduct.aspx?ItemId=338294335
536834,11,2500,5000,상,중고매장부산센텀점,https://www.aladin.co.kr/shop/wproduct.aspx?ItemId=338155076
536834,12,2500,5000,상,중고매장동탄2하나로마트점,https://www.aladin.co.kr/shop/wproduct.aspx?ItemId=336152887
536834,13,2500,5000,상,중고매장인천청라점,https://www.aladin.co.kr/shop/wproduct.aspx?ItemId=336098529
536834,14,2500,5000,상,중고매장인천송도점,https://www.aladin.co.kr/shop/wproduct.aspx?ItemId=336022406
536834,15,2500,5000,상,중고매장분당서현점,https://www.aladin.co.kr/shop/wproduct.aspx?ItemId=334350114
536834,2,2500,4200,중,중고매장일산점,https://www.aladin.co.kr/shop/wproduct.aspx?ItemId=336333464
536834,3,2500,4700,중,중고매장동탄2하나로마트점,https://www.aladin.co.kr/shop/wproduct.aspx?ItemId=332119174
536834,4,2500,4700,중,중고매장의정부홈플러스점,https://www.aladin.co.kr/shop/wproduct.aspx?ItemId=331888914
536834,5,2500,4700,중,중고매장평택점,https://www.aladin.co.kr/shop/wproduct.aspx?ItemId=319215188
536834,6,2500,4800,중,중고매장건대점,https://www.aladin.co.kr/shop/wproduct.aspx?ItemId=338387008
536834,7,2500,4800,중,중고매장부산덕천점,https://www.aladin.co.kr/shop/wproduct.aspx?ItemId=337971092
536834,8,2500,4800,중,중고매장전주점,https://www.aladin.co.kr/shop/wproduct.aspx?ItemId=337713632
536834,9,2500,4900,상,중고매장인천송도점,https://www.aladin.co.kr/shop/wproduct.aspx?ItemId=332175208
540203,1,2500,5500,상,중고매장목동점,https://www.aladin.co.kr/shop/wproduct.aspx?ItemId=262760840
540203,2,2500,5800,중,중고매장청주점,https://www.aladin.co.kr/shop/wproduct.aspx?ItemId=331644803
540203,3,2500,5800,중,중고매장이수역점,https://www.aladin.co.kr/shop/wproduct.aspx?ItemId=316777713
540203,4,2500,5900,중,중고매장부천점,https://www.aladin.co.kr/shop/wproduct.aspx?ItemId=334099185
540203,5,2500,6300,최상,중고매장분당야탑점,https://www.aladin.co.kr/shop/wproduct.aspx?ItemId=314977529
62837117,1,2500,6200,중,중고매장대구상인점,https://www.aladin.co.kr/shop/wproduct.aspx?ItemId=305885582
62837117,10,2500,6300,중,중고매장부산 경성대.부경대역점,https://www.aladin.co.kr/shop/wproduct.aspx?ItemId=284863226
62837117,11,2500,6300,중,중고매장인천구월점,https://www.aladin.co.kr/shop/wproduct.aspx?ItemId=276760921
62837117,12,2500,6500,상,중고매장평택점,https://www.aladin.co.kr/shop/wproduct.aspx?ItemId=305920231
62837117,13,2500,6500,상,중고매장강서홈플러스점,https://www.aladin.co.kr/shop/wproduct.aspx?ItemId=294990899
62837117,14,2500,6600,상,중고매장목동점,https://www.aladin.co.kr/shop/wproduct.aspx?ItemId=279716459
62837117,15,2500,6900,최상,중고매장목동점,https://www.aladin.co.kr/shop/wproduct.aspx?ItemId=294752281
62837117,2,2500,6200,중,중고매장동탄2하나로마트점,https://www.aladin.co.kr/shop/wproduct.aspx?ItemId=301775118
62837117,3,2500,6200,중,중고매장동탄2하나로마트점,https://www.aladin.co.kr/shop/wproduct.aspx?ItemId=301712179
62837117,4,2500,6200,중,중고매장대구동성로점,https://www.aladin.co.kr/shop/wproduct.aspx?ItemId=300903627
62837117,5,2500,6200,중,중고매장대전은행점,https://www.aladin.co.kr/shop/wproduct.aspx?ItemId=300275926
62837117,6,2500,6200,중,중고매장대구동성로점,https://www.aladin.co.kr/shop/wproduct.aspx?ItemId=298646325
62837117,7,2500,6200,중,중고매장수지점,https://www.aladin.co.kr/shop/wproduct.aspx?ItemId=297089986
62837117,8,2500,6200,중,중고매장대전은행점,https://www.aladin.co.kr/shop/wproduct.aspx?ItemId=296206137
62837117,9,2500,6200,중,중고매장천호점,https://www.aladin.co.kr/shop/wproduct.aspx?ItemId=295420527
6482606,1,2500,6100,상,중고매장동탄2하나로마트점,https://www.aladin.co.kr/shop/wproduct.aspx?ItemId=281379061
6482606,10,2500,6500,상,중고매장영등포점,https://www.aladin.co.kr/shop/wproduct.aspx?ItemId=307453772
6482606,11,2500,6600,중,중고매장잠실새내역점,https://www.aladin.co.kr/shop/wproduct.aspx?ItemId=315157185
6482606,12,2500,6600,중,중고매장대전시청역점,https://www.aladin.co.kr/shop/wproduct.aspx?ItemId=314342155
6482606,13,2500,6800,상,중고매장잠실롯데월드타워점,https://www.aladin.co.kr/shop/wproduct.aspx?ItemId=327660750
6482606,14,2500,6800,중,중고매장부산서면역점,https://www.aladin.co.kr/shop/wproduct.aspx?ItemId=328044440
6482606,15,2500,7100,최상,중고매장잠실롯데월드타워점,https://www.aladin.co.kr/shop/wproduct.aspx?ItemId=323297697
6482606,2,2500,6100,상,중고매장목동점,https://www.aladin.co.kr/shop/wproduct.aspx?ItemId=280867481
6482606,3,2500,6100,상,중고매장동탄2하나로마트점,https://www.aladin.co.kr/shop/wproduct.aspx?ItemId=278123749
6482606,4,2500,6100,중,중고매장천호점,https://www.aladin.co.kr/shop/wproduct.aspx?ItemId=311929348
6482606,5,2500,6100,중,중고매장수지점,https://www.aladin.co.kr/shop/wproduct.aspx?ItemId=310275198
6482606,6,2500,6100,중,중고매장영등포점,https://www.aladin.co.kr/shop/wproduct.aspx?ItemId=302447434
6482606,7,2500,6400,최상,중고매장신림점,https://www.aladin.co.kr/shop/wproduct.aspx?ItemId=291071252
6482606,8,2500,6500,상,중고매장대전시청역점,https://www.aladin.co.kr/shop/wproduct.aspx?ItemId=310699092
6482606,9,2500,6500,상,중고매장김해점,https://www.aladin.co.kr/shop/wproduct.aspx?ItemId=309444782
68084869,1,2500,10200,중,중고매장청주점,https://www.aladin.co.kr/shop/wproduct.aspx?ItemId=311330572
68084869,10,2500,11500,상,중고매장천안신불당점,https://www.aladin.co.kr/shop/wproduct.aspx?ItemId=324812125
68084869,11,2500,11500,상,중고매장마산합성점,https://www.aladin.co.kr/shop/wproduct.aspx?ItemId=322417595
68084869,12,2500,11500,상,중고매장부산센텀점,https://www.aladin.co.kr/shop/wproduct.aspx?ItemId=320002495
68084869,13,2500,12000,최상,중고매장대전시청역점,https://www.aladin.co.kr/shop/wproduct.aspx?ItemId=331775960
68084869,14,2500,12000,최상,중고매장울산점,https://www.aladin.co.kr/shop/wproduct.aspx?ItemId=331679372
68084869,15,2500,12000,최상,중고매장수지점,https://www.aladin.co.kr/shop/wproduct.aspx?ItemId=331372260
68084869,2,2500,10200,중,중고매장대전은행점,https://www.aladin.co.kr/shop/wproduct.aspx?ItemId=310933886
68084869,3,2500,10300,중,중고매장동탄2하나로마트점,https://www.aladin.co.kr/shop/wproduct.aspx?ItemId=275506099
68084869,4,2500,10500,상,중고매장마산합성점,https://www.aladin.co.kr/shop/wproduct.aspx?ItemId=280844954
68084869,5,2500,11000,중,중고매장대전은행점,https://www.aladin.co.kr/shop/wproduct.aspx?ItemId=314606110
68084869,6,2500,11300,최상,중고매장광주충장로점,https://www.aladin.co.kr/shop/wproduct.aspx?ItemId=306613352
68084869,7,2500,11500,상,중고매장연신내점,https://www.aladin.co.kr/shop/wproduct.aspx?ItemId=331234810
68084869,8,2500,11500,상,중고매장대전시청역점,https://www.aladin.co.kr/shop/wproduct.aspx?ItemId=329479070
68084869,9,2500,11500,상,중고매장신림점,https://www.aladin.co.kr/shop/wproduct.aspx?ItemId=326964565
6810710,1,2500,3100,상,중고매장인천계산홈플러스점,https://www.aladin.co.kr/shop/wproduct.aspx?ItemId=329962467
6810710,10,2500,3300,상,중고매장인천구월점,https://www.aladin.co.kr/shop/wproduct.aspx?ItemId=338756026
6810710,11,2500,3300,상,중고매장신림점,https://www.aladin.co.kr/shop/wproduct.aspx?ItemId=338078080
6810710,12,2500,3300,상,중고매장인천구월점,https://www.aladin.co.kr/shop/wproduct.aspx?ItemId=337901011
6810710,13,2500,3300,상,중고매장대학로점,https://www.aladin.co.kr/shop/wproduct.aspx?ItemId=335237414
6810710,14,2500,3300,상,중고매장천호점,https://www.aladin.co.kr/shop/wproduct.aspx?ItemId=334996289
6810710,15,2500,3300,상,중고매장이수역점,https://www.aladin.co.kr/shop/wproduct.aspx?ItemId=334714367
6810710,2,2500,3100,상,중고매장동탄2하나로마트점,https://www.aladin.co.kr/shop/wproduct.aspx?ItemId=320998603
6810710,3,2500,3200,최상,중고매장인천청라점,https://www.aladin.co.kr/shop/wproduct.aspx?ItemId=339278768
6810710,4,2500,3200,최상,중고매장부천점,https://www.aladin.co.kr/shop/wproduct.aspx?ItemId=337451588
6810710,5,2500,3200,최상,중고매장수지점,https://www.aladin.co.kr/shop/wproduct.aspx?ItemId=336186160
6810710,6,2500,3200,최상,중고매장인천청라점,https://www.aladin.co.kr/shop/wproduct.aspx?ItemId=330728972
6810710,7,2500,3200,상,중고매장신림점,https://www.aladin.co.kr/shop/wproduct.aspx?ItemId=334184026
6810710,8,2500,3200,상,중고매장영등포점,https://www.aladin.co.kr/shop/wproduct.aspx?ItemId=333168693
6810710,9,2500,3300,상,중고매장천호점,https://www.aladin.co.kr/shop/wproduct.aspx?ItemId=338944191
76074454,1,2500,5000,중,중고매장연신내점,https://www.aladin.co.kr/shop/wproduct.aspx?ItemId=233625118
77395800,1,2500,7100,중,중고매장영등포점,https://www.aladin.co.kr/shop/wproduct.aspx?ItemId=309263927
77395800,10,2500,8200,최상,중고매장대학로점,https://www.aladin.co.kr/shop/wproduct.aspx?ItemId=325203699
77395800,11,2500,8200,최상,중고매장연신내점,https://www.aladin.co.kr/shop/wproduct.aspx?ItemId=319493976
77395800,12,2500,8200,최상,중고매장전주점,https://www.aladin.co.kr/shop/wproduct.aspx?ItemId=318085571
77395800,13,2500,8200,최상,중고매장광주상무점,https://www.aladin.co.kr/shop/wproduct.aspx?ItemId=317623975
77395800,14,2500,8200,최상,중고매장동탄2하나로마트점,https://www.aladin.co.kr/shop/wproduct.aspx?ItemId=315589276
77395800,15,2500,8600,상,중고매장인천구월점,https://www.aladin.co.kr/shop/wproduct.aspx?ItemId=326036482
77395800,2,2500,7600,중,중고매장청주점,https://www.aladin.co.kr/shop/wproduct.aspx?ItemId=315514167
77395800,3,2500,7600,중,중고매장김해점,https://www.aladin.co.kr/shop/wproduct.aspx?ItemId=315513265
77395800,4,2500,7900,최상,중고매장부천점,https://www.aladin.co.kr/shop/wproduct.aspx?ItemId=306302526
77395800,5,2500,7900,상,중고매장가로수길점,https://www.aladin.co.kr/shop/wproduct.aspx?ItemId=324409788
77395800,6,2500,7900,상,중고매장영등포점,https://www.aladin.co.kr/shop/wproduct.aspx?ItemId=323753744
77395800,7,2500,7900,상,중고매장광주상무점,https://www.aladin.co.kr/shop/wproduct.aspx?ItemId=322617032
77395800,8,2500,8200,최상,중고매장수유점,https://www.aladin.co.kr/shop/wproduct.aspx?ItemId=326524360
77395800,9,2500,8200,최상,중고매장건대점,https://www.aladin.co.kr/shop/wproduct.aspx?ItemId=326379328
80206882,1,2500,2900,상,중고매장강서홈플러스점,https://www.aladin.co.kr/shop/wproduct.aspx?ItemId=309533349
80206882,10,2500,3000,중,중고매장부산센텀점,https://www.aladin.co.kr/shop/wproduct.aspx?ItemId=317160855
80206882,11,2500,3000,중,중고매장평택점,https://www.aladin.co.kr/shop/wproduct.aspx?ItemId=315663103
80206882,12,2500,3200,상,중고매장대전시청역점,https://www.aladin.co.kr/shop/wproduct.aspx?ItemId=320403654
80206882,13,2500,3200,상,중고매장신림점,https://www.aladin.co.kr/shop/wproduct.aspx?ItemId=313507325
80206882,14,2500,3300,최상,중고매장수유점,https://www.aladin.co.kr/shop/wproduct.aspx?ItemId=323531794
80206882,15,2500,3300,최상,중고매장연신내점,https://www.aladin.co.kr/shop/wproduct.aspx?ItemId=320214880
80206882,2,2500,2900,상,중고매장강서홈플러스점,https://www.aladin.co.kr/shop/wproduct.aspx?ItemId=289990117
80206882,3,2500,2900,중,중고매장이수역점,https://www.aladin.co.kr/shop/wproduct.aspx?ItemId=312985235
80206882,4,2500,3000,중,중고매장노원역점,https://www.aladin.co.kr/shop/wproduct.aspx?ItemId=324867473
80206882,5,2500,3000,중,중고매장부산 경성대.부경대역점,https://www.aladin.co.kr/shop/wproduct.aspx?ItemId=324365809
80206882,6,2500,3000,중,중고매장청주점,https://www.aladin.co.kr/shop/wproduct.aspx?ItemId=323585059
80206882,7,2500,3000,중,중고매장천안신불당점,https://www.aladin.co.kr/shop/wproduct.aspx?ItemId=323260725
80206882,8,2500,3000,중,중고매장대전은행점,https://www.aladin.co.kr/shop/wproduct.aspx?ItemId=320465505
80206882,9,2500,3000,중,중고매장천호점,https://www.aladin.co.kr/shop/wproduct.aspx?ItemId=317866279
8050922,1,2500,6700,중,중고매장강서홈플러스점,https://www.aladin.co.kr/shop/wproduct.aspx?ItemId=342793991
8050922,10,2500,7300,최상,중고매장범계점,https://www.aladin.co.kr/shop/wproduct.aspx?ItemId=342064867
8050922,2,2500,6700,중,중고매장광주충장로점,https://www.aladin.co.kr/shop/wproduct.aspx?ItemId=342460403
8050922,3,2500,6700,중,중고매장범계점,https://www.aladin.co.kr/shop/wproduct.aspx?ItemId=341713007
8050922,4,2500,6700,중,중고매장인천계산홈플러스점,https://www.aladin.co.kr/shop/wproduct.aspx?ItemId=341674442
8050922,5,2500,6700,중,중고매장연신내점,https://www.aladin.co.kr/shop/wproduct.aspx?ItemId=341117266
8050922,6,2500,6700,중,중고매장부산 경성대.부경대역점,https://www.aladin.co.kr/shop/wproduct.aspx?ItemId=340761174
8050922,7,2500,6800,중,중고매장영등포점,https://www.aladin.co.kr/shop/wproduct.aspx?ItemId=342527446
8050922,8,2500,7000,상,중고매장울산점,https://www.aladin.co.kr/shop/wproduct.aspx?ItemId=342768007
8050922,9,2500,7000,상,중고매장부산 경성대.부경대역점,https://www.aladin.co.kr/shop/wproduct.aspx?ItemId=342626800
81267538,1,2500,7800,중,중고매장분당서현점,https://www.aladin.co.kr/shop/wproduct.aspx?ItemId=342299547
81267538,10,2500,9300,중,중고매장수지점,https://www.aladin.co.kr/shop/wproduct.aspx?ItemId=342320390
81267538,11,2500,9300,중,중고매장부산 경성대.부경대역점,https://www.aladin.co.kr/shop/wproduct.aspx?ItemId=341744123
81267538,12,2500,9700,상,중고매장의정부홈플러스점,https://www.aladin.co.kr/shop/wproduct.aspx?ItemId=342352649
81267538,13,2500,9700,상,중고매장수유점,https://www.aladin.co.kr/shop/wproduct.aspx?ItemId=341157454
81267538,14,2500,9800,최상,중고매장수지점,https://www.aladin.co.kr/shop/wproduct.aspx?ItemId=342136252
81267538,15,2500,10100,최상,중고매장부천점,https://www.aladin.co.kr/shop/wproduct.aspx?ItemId=341967340
81267538,2,2500,7800,중,중고매장청주점,https://www.aladin.co.kr/shop/wproduct.aspx?ItemId=342239930
81267538,3,2500,7800,중,중고매장분당서현점,https://www.aladin.co.kr/shop/wproduct.aspx?ItemId=342166673
81267538,4,2500,7800,중,중고매장전주점,https://www.aladin.co.kr/shop/wproduct.aspx?ItemId=342083458
81267538,5,2500,8000,상,중고매장창원상남점,https://www.aladin.co.kr/shop/wproduct.aspx?ItemId=340613136
81267538,6,2500,8100,상,중고매장전주점,https://www.aladin.co.kr/shop/wproduct.aspx?ItemId=342003522
81267538,7,2500,8300,최상,중고매장부산센텀점,https://www.aladin.co.kr/shop/wproduct.aspx?ItemId=342519939
81267538,8,2500,8400,최상,중고매장서울대입구역점,https://www.aladin.co.kr/shop/wproduct.aspx?ItemId=342634720
81267538,9,2500,8400,최상,중고매장강서홈플러스점,https://www.aladin.co.kr/shop/wproduct.aspx?ItemId=342344514
83698367,1,2500,7300,중,중고매장인천계산홈플러스점,https://www.aladin.co.kr/shop/wproduct.aspx?ItemId=298880328
83698367,10,2500,7900,상,중고매장마산합성점,https://www.aladin.co.kr/shop/wproduct.aspx?ItemId=257838228
83698367,11,2500,8200,최상,중고매장전주점,https://www.aladin.co.kr/shop/wproduct.aspx?ItemId=300360181
83698367,12,2500,8200,최상,중고매장청주점,https://www.aladin.co.kr/shop/wproduct.aspx?ItemId=298193094
83698367,13,2500,8200,최상,중고매장천호점,https://www.aladin.co.kr/shop/wproduct.aspx?ItemId=298118521
83698367,14,2500,8200,최상,중고매장천안신불당점,https://www.aladin.co.kr/shop/wproduct.aspx?ItemId=294449519
83698367,15,2500,8300,최상,중고매장인천계산홈플러스점,https://www.aladin.co.kr/shop/wproduct.aspx?ItemId=248037269
83698367,2,2500,7300,중,중고매장평택점,https://www.aladin.co.kr/shop/wproduct.aspx?ItemId=295421204
83698367,3,2500,7500,상,중고매장마산합성점,https://www.aladin.co.kr/shop/wproduct.aspx?ItemId=244251556
83698367,4,2500,7500,중,중고매장창원상남점,https://www.aladin.co.kr/shop/wproduct.aspx?ItemId=276088271
83698367,5,2500,7600,상,중고매장평택점,https://www.aladin.co.kr/shop/wproduct.aspx?ItemId=291032657
83698367,6,2500,7800,상,중고매장부산센텀점,https://www.aladin.co.kr/shop/wproduct.aspx?ItemId=297703210
83698367,7,2500,7800,상,중고매장화정점,https://www.aladin.co.kr/shop/wproduct.aspx?ItemId=297201126
83698367,8,2500,7900,상,중고매장동탄2하나로마트점,https://www.aladin.co.kr/shop/wproduct.aspx?ItemId=275771497
83698367,9,2500,7900,상,중고매장부산센텀점,https://www.aladin.co.kr/shop/wproduct.aspx?ItemId=258087607
85698048,1,2500,9200,중,중고매장대전은행점,https://www.aladin.co.kr/shop/wproduct.aspx?ItemId=312804420
85698048,10,2500,10200,최상,중고매장인천청라점,https://www.aladin.co.kr/shop/wproduct.aspx?ItemId=299793205
85698048,11,2500,10200,최상,중고매장의정부홈플러스점,https://www.aladin.co.kr/shop/wproduct.aspx?ItemId=296867112
85698048,12,2500,10300,상,중고매장부산 경성대.부경대역점,https://www.aladin.co.kr/shop/wproduct.aspx?ItemId=313321497
85698048,13,2500,10400,상,중고매장신촌점,https://www.aladin.co.kr/shop/wproduct.aspx?ItemId=313519293
85698048,14,2500,11400,중,중고매장부산 경성대.부경대역점,https://www.aladin.co.kr/shop/wproduct.aspx?ItemId=229299225
85698048,15,2500,11500,상,중고매장잠실새내역점,https://www.aladin.co.kr/shop/wproduct.aspx?ItemId=210559959
85698048,2,2500,9200,중,중고매장강서홈플러스점,https://www.aladin.co.kr/shop/wproduct.aspx?ItemId=295398737
85698048,3,2500,9500,상,중고매장대구동성로점,https://www.aladin.co.kr/shop/wproduct.aspx?ItemId=287224912
85698048,4,2500,9700,상,중고매장분당야탑점,https://www.aladin.co.kr/shop/wproduct.aspx?ItemId=312859434
85698048,5,2500,9700,상,중고매장분당야탑점,https://www.aladin.co.kr/shop/wproduct.aspx?ItemId=311171139
85698048,6,2500,9700,상,중고매장인천청라점,https://www.aladin.co.kr/shop/wproduct.aspx?ItemId=295638110
85698048,7,2500,9700,상,중고매장부산서면동보점,https://www.aladin.co.kr/shop/wproduct.aspx?ItemId=294094095
85698048,8,2500,9900,중,중고매장창원상남점,https://www.aladin.co.kr/shop/wproduct.aspx?ItemId=203443165
85698048,9,2500,10200,최상,중고매장신림점,https://www.aladin.co.kr/shop/wproduct.aspx?ItemId=312637512
86502766,1,2500,8600,중,중고매장평택점,https://www.aladin.co.kr/shop/wproduct.aspx?ItemId=298413143
86502766,10,2500,9600,최상,중고매장울산점,https://www.aladin.co.kr/shop/wproduct.aspx?ItemId=301603493
86502766,11,2500,9600,상,중고매장천호점,https://www.aladin.co.kr/shop/wproduct.aspx?ItemId=317136903
86502766,12,2500,9600,상,중고매장청주점,https://www.aladin.co.kr/shop/wproduct.aspx?ItemId=316076444
86502766,13,2500,9600,상,중고매장목동점,https://www.aladin.co.kr/shop/wproduct.aspx?ItemId=314685531
86502766,14,2500,9600,상,중고매장목동점,https://www.aladin.co.kr/shop/wproduct.aspx?ItemId=313588566
86502766,15,2500,10000,최상,중고매장신촌점,https://www.aladin.co.kr/shop/wproduct.aspx?ItemId=318835985
86502766,2,2500,9100,상,중고매장강서홈플러스점,https://www.aladin.co.kr/shop/wproduct.aspx?ItemId=311196229
86502766,3,2500,9100,상,중고매장강서홈플러스점,https://www.aladin.co.kr/shop/wproduct.aspx?ItemId=308395523
86502766,4,2500,9100,상,중고매장건대점,https://www.aladin.co.kr/shop/wproduct.aspx?ItemId=307365553
86502766,5,2500,9100,상,중고매장울산점,https://www.aladin.co.kr/shop/wproduct.aspx?ItemId=306413999
86502766,6,2500,9100,상,중고매장강서홈플러스점,https://www.aladin.co.kr/shop/wproduct.aspx?ItemId=304584272
86502766,7,2500,9200,중,중고매장인천청라점,https://www.aladin.co.kr/shop/wproduct.aspx?ItemId=316800729
86502766,8,2500,9200,중,중고매장인천계산홈플러스점,https://www.aladin.co.kr/shop/wproduct.aspx?ItemId=315234705
86502766,9,2500,9200,중,중고매장종로점,https://www.aladin.co.kr/shop/wproduct.aspx?ItemId=313715702
86608073,1,2500,7600,최상,중고매장천안신불당점,https://www.aladin.co.kr/shop/wproduct.aspx?ItemId=342701929
881607,1,2500,7700,중,중고매장동탄2하나로마트점,https://www.aladin.co.kr/shop/wproduct.aspx?ItemId=307467325
881607,10,2500,9000,중,중고매장영등포점,https://www.aladin.co.kr/shop/wproduct.aspx?ItemId=315156283
881607,11,2500,9200,중,중고매장마산합성점,https://www.aladin.co.kr/shop/wproduct.aspx?ItemId=315810761
881607,12,2500,9300,중,중고매장수지점,https://www.aladin.co.kr/shop/wproduct.aspx?ItemId=288990117
881607,13,2500,9600,상,중고매장천안신불당점,https://www.aladin.co.kr/shop/wproduct.aspx?ItemId=317001228
881607,14,2500,9600,상,중고매장평택점,https://www.aladin.co.kr/shop/wproduct.aspx?ItemId=316431952
881607,15,2500,9900,상,중고매장대구동성로점,https://www.aladin.co.kr/shop/wproduct.aspx?ItemId=298521574
881607,2,2500,7800,중,중고매장영등포점,https://www.aladin.co.kr/shop/wproduct.aspx?ItemId=311138217
881607,3,2500,8200,중,중고매장동탄점,https://www.aladin.co.kr/shop/wproduct.aspx?ItemId=308381630
881607,4,2500,8200,중,중고매장청주점,https://www.aladin.co.kr/shop/wproduct.aspx?ItemId=307011008
881607,5,2500,8600,중,중고매장수유점,https://www.aladin.co.kr/shop/wproduct.aspx?ItemId=317017343
881607,6,2500,8600,중,중고매장인천구월점,https://www.aladin.co.kr/shop/wproduct.aspx?ItemId=315527830
881607,7,2500,8600,중,중고매장마산합성점,https://www.aladin.co.kr/shop/wproduct.aspx?ItemId=314414736
881607,8,2500,8600,중,중고매장영등포점,https://www.aladin.co.kr/shop/wproduct.aspx?ItemId=314321916
881607,9,2500,9000,상,중고매장인천계산홈플러스점,https://www.aladin.co.kr/shop/wproduct.aspx?ItemId=315950009
89928183,1,2500,7400,중,중고매장마산합성점,https://www.aladin.co.kr/shop/wproduct.aspx?ItemId=311980225
89928183,10,2500,7700,중,중고매장창원상남점,https://www.aladin.co.kr/shop/wproduct.aspx?ItemId=314039036
89928183,11,2500,7700,중,중고매장광주충장로점,https://www.aladin.co.kr/shop/wproduct.aspx?ItemId=313745208
89928183,12,2500,7800,중,중고매장대구상인점,https://www.aladin.co.kr/shop/wproduct.aspx?ItemId=311008426
89928183,13,2500,7800,중,중고매장대전시청역점,https://www.aladin.co.kr/shop/wproduct.aspx?ItemId=310055079
89928183,14,2500,8200,중,중고매장신촌점,https://www.aladin.co.kr/shop/wproduct.aspx?ItemId=313353457
89928183,15,2500,8600,상,중고매장건대점,https://www.aladin.co.kr/shop/wproduct.aspx?ItemId=313484437
89928183,2,2500,7400,중,중고매장인천구월점,https://www.aladin.co.kr/shop/wproduct.aspx?ItemId=310105382
89928183,3,2500,7400,중,중고매장산본점,https://www.aladin.co.kr/shop/wproduct.aspx?ItemId=309448700
89928183,4,2500,7400,중,중고매장광주충장로점,https://www.aladin.co.kr/shop/wproduct.aspx?ItemId=307262211
89928183,5,2500,7400,중,중고매장대전은행점,https://www.aladin.co.kr/shop/wproduct.aspx?ItemId=305674262
89928183,6,2500,7400,중,중고매장대구상인점,https://www.aladin.co.kr/shop/wproduct.aspx?ItemId=300466198
89928183,7,2500,7600,중,중고매장마산합성점,https://www.aladin.co.kr/shop/wproduct.aspx?ItemId=313297447
89928183,8,2500,7600,중,중고매장대구동성로점,https://www.aladin.co.kr/shop/wproduct.aspx?ItemId=313158953
89928183,9,2500,7600,중,중고매장연신내점,https://www.aladin.co.kr/shop/wproduct.aspx?ItemId=313121198
