순번/순위,구분,상품명,ItemId,ISBN13,부가기호,저자/아티스트,출판사/제작사,출간일,정가,판매가,마일리지,세일즈포인트,대표분류(대분류명)
1,국내도서,어떻게 원하는 것을 얻는가,14026579,9788933870181,3320,"스튜어트 다이아몬드 지음, 김태훈 옮김",8,20111130,"15,000","13,500",750점,32665,자기계발
2,국내도서,닥치고 정치,13214629,9788971848685,3340,"김어준 지음, 지승호 엮음",푸른숲,20111005,"13,500","12,150",670점,27919,사회과학
3,국내도서,달려라 정봉주,13805316,9788993949469,3340,정봉주 지음,왕의서재,20111125,"13,500","12,150",670점,7390,사회과학
4,국내도서,아프니까 청춘이다,8325070,9788965700036,3810,김난도 지음,쌤앤파커스,20101224,"14,000","12,600",700점,73345,에세이
5,국내도서,스티브 잡스 (양장본),13383606,9788937483943,3320,"월터 아이작슨 지음, 안진환 옮김",민음사,20111024,"25,000","22,500","1,250점",25136,경제경영
6,국내도서,시골의사 박경철의 자기혁명,13164506,9788901130460,3320,박경철 지음,리더스북,20110930,"18,500","16,650",920점,27342,자기계발
7,국내도서,웃음 1,13680670,9788932915371,4860,"베르나르 베르베르 지음, 이세욱 옮김",열린책들,20111123,"13,800","12,420",690점,7682,소설/시/희곡
8,국내도서,바보처럼 공부하고 천재처럼 꿈꿔라,869542,9788976772435,3810,신웅진 지음,명진출판사,20070103,"10,000","9,000",500점,42433,청소년
9,국내도서,천사의 부름,14102755,9788984371125,3860,"기욤 뮈소 지음, 전미연 옮김",밝은세상,20111215,"13,500","12,150",670점,6581,소설/시/희곡
10,국내도서,모르는 여인들,13915230,9788954616638,3810,신경숙 지음,문학동네,20111123,"12,000","10,800",600점,6044,소설/시/희곡
11,국내도서,오늘 내가 살아갈 이유,14233632,9788959136612,3820,"위지안 지음, 이현아 옮김",위즈덤하우스,20111216,"12,900","11,610",640점,7988,에세이
12,국내도서,"해커스 토익 보카 : 토익 기출어휘.적중 출제포인트 30일 정복 (인덱스 수록, 무료단어암기 Test 제공)",12096885,9788965420217,13740,David Cho 지음,해커스어학연구소(Hackers),20110520,"12,900","11,610",640점,23040,외국어
13,국내도서,프로이트의 의자,4730666,9788901100920,3180,정도언 지음,웅진지식하우스,20091005,"13,000","11,700",650점,19949,인문학
14,국내도서,셜록 홈즈 : 실크 하우스의 비밀,14123886,9788960172883,3840,"앤터니 호로비츠 지음, 이은선 옮김",황금가지,20111201,"16,800","15,120",840점,3698,소설/시/희곡
15,국내도서,엄마 수업,13326504,9788984315112,3810,"법륜 지음, 이순형 그림",휴(休),20111010,"12,000","10,800",600점,33867,에세이
16,국내도서,해커스 토익 스타트 Reading (Hackers TOEIC Start Reading) (무료동영상강의),977996,9788990700469,13740,데이빗 조 (David Cho) 지음,해커스어학연구소(Hackers),20070903,"14,900","13,410",740점,28234,외국어
17,국내도서,스티브 잡스 이야기,5980415,9788976776174,3840,"짐 코리건 지음, 권오열 옮김",명진출판사,20091220,"6,500","5,850",320점,11211,청소년
18,국내도서,절대강자,13990692,9788965743279,3810,"이외수 지음, 정태련 그림",해냄,20111130,"14,500","13,050",720점,4357,에세이
19,국내도서,"마흔, 논어를 읽어야 할 시간",13318307,9788950933401,3320,신정근 지음,21세기북스,20111005,"15,000","13,500",750점,13005,자기계발
20,국내도서,뿌리 깊은 나무 1,667883,,4810,이정명 지음,밀리언하우스,20060718,"9,500","8,550",470점,16088,소설/시/희곡
21,국내도서,해커스 토익 Reading (단어암기장 및 해설서 포함) (Hackers TOEIC Reading),2718765,9788990700582,13740,데이빗 조 (David Cho) 지음,해커스어학연구소(Hackers),20081101,"18,800","16,920",940점,32899,외국어
22,국내도서,리딩으로 리드하라,8048868,9788954613026,3320,이지성 지음,문학동네,20101117,"15,000","13,500",750점,29759,자기계발
23,국내도서,중용 인간의 맛,13180222,9788982641206,3140,도올 김용옥 지음,통나무,20110920,"13,000","11,700",650점,9416,인문학
24,국내도서,내 가슴을 다시 뛰게 할 잊혀진 질문,14293343,9788976777188,3320,차동엽 지음,명진출판사,20111229,"16,000","14,400",800점,3075,자기계발
25,국내도서,정의란 무엇인가,7092756,9788934939603,3330,"마이클 샌델 지음, 이창신 옮김",김영사,20100526,"15,000","13,500",750점,63281,인문학
26,국내도서,두근두근 내 인생,11905002,9788936433871,3810,김애란 지음,창비,20110620,"14,000","12,600",700점,34514,소설/시/희곡
27,국내도서,보수를 팝니다,13716756,9788996121244,3300,김용민 지음,퍼플카우콘텐츠그룹,20111109,"13,000","11,700",650점,2878,사회과학
28,국내도서,해커스 토익 스타트 Listening (Hackers TOEIC Start Listening),2620622,9788990700605,18740,데이빗 조 (David Cho) 지음,해커스어학연구소(Hackers),20081010,"12,900","11,610",640점,17832,외국어
29,국내도서,"국어 교과서 작품 읽기 중1 세트 (최신판, 전3권) (특별부록 : 국어 교과서 작품 읽기 100% 활용하기)",6951283,9788936459901,43810,김규중 외 엮음,창비,20121120,"30,000","27,000","1,500점",14615,청소년
30,국내도서,내 영혼이 따뜻했던 날들,420216,9788988404515,3840,"포리스트 카터 지음, 조경숙 옮김",아름드리미디어,20030625,"9,000","8,100",450점,40986,소설/시/희곡
31,국내도서,완득이,1935594,9788936456085,43810,김려령 지음,창비,20080316,"13,000","11,700",650점,35159,청소년
32,국내도서,고구려 4,13803034,9788993964349,3810,김진명 지음,새움,20111129,"12,800","11,520",640점,8623,소설/시/희곡
33,국내도서,원피스 64,14192774,9788925291468,7830,오다 에이이치로 지음,대원씨아이(만화),20111230,"5,000","4,500",250점,2881,만화
34,국내도서,해를 품은 달 1,13325458,9788963710341,4810,정은궐 지음,파란(파란미디어),20111018,"13,000","11,700",650점,18962,소설/시/희곡
35,국내도서,책과 집,14342932,9788963707129,13980,"데이미언 톰슨 지음, 정주연 옮김",오브제(다산북스),20111220,"16,000","14,400",800점,3276,요리/살림
36,국내도서,해커스 토익 Listening (테이프 별매) (Hackers TOEIC Listening) (책 + 무료 토익모의고사 + 받아쓰기CD + 단어암기mp3 + 단어암기장 + 해설서),2718800,9788990700568,18740,데이빗 조 (David Cho) 지음,해커스어학연구소(Hackers),20081101,"18,800","16,920",940점,24416,외국어
37,국내도서,빅 픽처,7143629,9788984371026,3840,"더글라스 케네디 지음, 조동섭 옮김",밝은세상,20100610,"12,000","10,800",600점,36262,소설/시/희곡
38,국내도서,독서 천재가 된 홍대리,12988940,9788963706320,3320,이지성.정회일 지음,다산라이프,20110829,"13,000","11,700",650점,14342,자기계발
39,국내도서,셜록 홈즈 미공개 사건집,2862926,9788991931466,3840,"에이드리언 코난 도일.존 딕슨 카 지음, 권일영 옮김",북스피어,20081128,"11,000","9,900",550점,3469,소설/시/희곡
40,국내도서,토틴: 신구약을 꿰뚫는 한눈에 보는 성경 (학생용),13904089,9788977822375,3230,토기장이 교제연구팀 지음,토기장이(토기장이주니어),20111025,"4,000","3,800",120점,1152,종교/역학
41,국내도서,꿈꾸는 다락방,917877,9788974254896,3320,이지성 지음,국일미디어(국일출판사),20070521,"13,500","12,150",670점,47671,자기계발
42,국내도서,흑산,13426352,9788956251622,3810,김훈 지음,학고재,20111020,"13,800","12,420",690점,10038,소설/시/희곡
43,국내도서,도가니,4111871,9788936433703,3810,공지영 지음,창비,20090629,"12,000","10,800",600점,31517,소설/시/희곡
44,국내도서,유엔미래보고서 2025,14130238,9788997235254,3320,박영숙 외 지음,교보문고(단행본),20111210,"15,000","13,500",750점,1563,경제경영
45,국내도서,생각의 함정,4551882,9788992717199,3180,"자카리 쇼어 지음, 임옥희 옮김",에코의서재,20090915,"13,800","12,420",690점,1520,인문학
46,국내도서,꿈꾸는 자 잡혀간다,14242494,9788939206687,3810,송경동 지음,실천문학사,20111212,"12,000","10,800",600점,1339,에세이
47,국내도서,무라카미 하루키 잡문집,13725303,9788994343501,3830,"무라카미 하루키 지음, 이영미 옮김",비채,20111121,"17,800","16,020",890점,10376,에세이
48,국내도서,임신 출산 육아 대백과 (2017~2018년 최신 개정판),632887,9788915102019,13590,삼성출판사 편집부 엮음,삼성출판사,20170701,"18,500","16,650",920점,34458,좋은부모
49,국내도서,달빛 조각사 33,14451769,9788925721712,4810,남희성 지음,로크미디어,20111228,"8,000","7,200",400점,1139,소설/시/희곡
50,국내도서,나는 꼼수다 에피소드 1,14325025,9788994973043,3300,김어준 외 3인 지음,시사IN북,20120110,"13,000","11,700",650점,1651,사회과학
51,국내도서,덕혜옹주,5912511,9788963700342,3810,권비영 지음,다산책방,20091214,"11,800","10,620",590점,30538,소설/시/희곡
52,국내도서,엄마를 부탁해,2727875,9788936433673,3810,신경숙 지음,창비,20081024,"15,000","13,500",750점,83498,소설/시/희곡
53,국내도서,철학 콘서트 1,668212,9788901058405,3100,황광우 지음,웅진지식하우스,20060628,"15,000","13,500",750점,16294,인문학
54,국내도서,난설헌,13399557,9788963706856,3810,최문희 지음,다산책방,20111010,"13,000","11,700",650점,6346,소설/시/희곡
55,국내도서,수학 오디세이,7127446,9788961670562,3410,"앤 루니 지음, 문수인 옮김",돋을새김,20100528,"13,000","11,700",650점,1298,과학
56,국내도서,세계 제일의 여동생님 달력 한정판 (특전 2012년 일러스트 달력판),14425139,9788926781074,4810,"김월희 지음, nyanya 그림",디앤씨미디어(주)(D&C미디어),20120101,"8,000","7,200",400점,275,소설/시/희곡
57,국내도서,엄마표 생활영어 표현사전 (MP3 다운로드),11964300,9788964806548,18740,쑥쑥닷컴 영어교육연구소 지음,로그인,20110620,"22,000","19,800","1,100점",3804,좋은부모
58,국내도서,백설공주에게 죽음을,8738456,9788991239685,3850,"넬레 노이하우스 지음, 김진아 옮김",북로드,20110211,"16,800","15,120",840점,21294,소설/시/희곡
59,국내도서,한권으로 읽는 조선왕조실록,527081,9788901047546,4900,박영규 지음,웅진지식하우스,20041118,"18,000","16,200",900점,31126,역사
60,국내도서,어린왕자 두 번째 이야기,14078180,9788957979105,13890,"A.G 로엠메르스 지음, 김경집 옮김",지식의숲(넥서스),20111120,"12,000","10,800",600점,1548,소설/시/희곡
61,국내도서,"국어 교과서 작품 읽기 중2 세트 (최신판, 전3권) (특별부록 : 국어 교과서 작품 읽기 중2 가이드북)",8060625,9788936459888,43810,김규중 외 엮음,창비,20101125,"30,000","27,000","1,500점",6586,청소년
62,국내도서,7년의 밤,9886703,9788956604992,3810,정유정 지음,은행나무,20110323,"14,500","13,050",720점,41675,소설/시/희곡
63,국내도서,해커스 보카 (Hackers Vocabulary) (테이프 별매),664769,9788990700315,18740,David Cho 지음,해커스어학연구소(Hackers),20060620,"15,900","14,310",790점,20318,외국어
64,국내도서,왓칭 Watching,11388356,9788935703463,3320,김상운 지음,정신세계사,20110412,"13,000","11,700",650점,24109,자기계발
65,국내도서,365 Thank You 땡큐,14078015,9788947528276,13840,"존 크랠릭 지음, 차동엽 옮김",한국경제신문,20111205,"13,800","12,420",690점,1837,에세이
66,국내도서,삶을 바꾼 만남,14067469,9788954616751,3900,정민 지음,문학동네,20111207,"27,000","25,650","1,080점",3949,역사
67,국내도서,나이트런 '프레이' 1,14355035,9788960521933,7810,"박성규 지음, 김성민 원작",길찾기,20111225,"11,000","9,900",550점,1673,만화
68,국내도서,아이는 99% 엄마의 노력으로 완성된다,11006343,9788927801924,13590,장병혜 지음,중앙books(중앙북스),20110310,"13,000","11,700",650점,1015,좋은부모
69,국내도서,중학 수학 16시간 만에 끝내기,12141437,9788976776730,63410,"마지 슈조 지음, 조미량 옮김, 양환주 감수",명진출판사,20110704,"15,000","13,500",750점,5958,청소년
70,국내도서,해커스 토익 실전 1000제 Reading 1 문제집 (해설집 별매),6482606,9788990700902,18740,해커스어학연구소 편집부 엮음,해커스어학연구소(Hackers),20100302,"11,900","10,710",590점,15012,외국어
71,국내도서,심야식당 8,14105680,9788925290348,7830,아베 야로 지음,미우(대원씨아이),20111221,"8,500","7,650",420점,1940,만화
72,국내도서,국어 교과서 작품 읽기 중1 소설 (최신판),6916676,9788936458072,43810,류대성 외 엮음,창비,20121120,"10,000","9,000",500점,7387,청소년
73,국내도서,스킵 비트! 29,14365484,9788952790149,7830,나카무라 요시키 지음,시공사(만화),20111215,"5,000","4,500",250점,1095,만화
74,국내도서,내가 걸은 만큼만 내 인생이다,13444460,9788984315099,3810,"강풀 외 6인 지음, 김용민 사회",한겨레출판,20111007,"13,000","11,700",650점,4601,사회과학
75,국내도서,토익이 가벼워지는 토마토 BASIC Reading,2714370,9788959972630,13740,이성룡 외 지음,능률교육,20081020,"12,000","10,800",600점,11980,외국어
76,국내도서,책은 도끼다,13186604,9788956055466,3810,박웅현 지음,북하우스,20111010,"16,000","14,400",800점,28052,인문학
77,국내도서,내 여동생은 한자를 읽을 수 있다 1,14363182,9788965267119,4830,"카지이 타카시 지음, 미나무라 하루키 그림",영상출판미디어(주),20120101,"6,000","5,400",300점,632,소설/시/희곡
78,국내도서,비탄의 아리아 10 (박스 한정판),14389410,9788926328286,4830,"아카마츠 츄가쿠 지음, 김연재 옮김, 코부이치 그림",서울문화사,20120110,"12,800","11,520",640점,408,소설/시/희곡
79,국내도서,SERI 전망 2012,13993045,9788976334404,13320,권순우.신창목 외 지음,삼성경제연구소,20111205,"18,000","16,200",900점,836,경제경영
80,국내도서,한국을 보는 중국의 본심,14245870,9788927802839,3300,정덕구 지음,중앙books(중앙북스),20111216,"15,000","13,500",750점,668,경제경영
81,국내도서,토익이 가벼워지는 토마토 BASIC Listening,2714428,9788959972654,18740,이성룡 외 지음,능률교육,20081020,"12,000","10,800",600점,11187,외국어
82,국내도서,미드 & 스크린 영어회화 표현사전,8385393,9788993417692,13740,이충훈 지음,랭컴(Lancom),20101220,"16,800","15,120",840점,3330,외국어
83,국내도서,그대 아직도 부자를 꿈꾸는가,14164915,9788963720555,3300,심상정 엮음,양철북,20111205,"13,000","11,700",650점,2043,사회과학
84,국내도서,철학이 필요한 시간,8728380,9788958285342,3100,강신주 지음,사계절,20110215,"17,800","16,020",890점,14915,인문학
85,국내도서,4천만이 검색한 오늘의 요리,6428097,9788961884310,13590,이혜영 지음,중앙books(중앙북스),20100217,"13,000","11,700",650점,11282,요리/살림
86,국내도서,학생회외전5권 + 학생회야옹1권 합본호 - 전2권,14379020,9788926327555,,"아오이 세키나 외 지음, 송덕영 옮김, 이누가미 키라 그림",서울문화사,20111230,"11,500","10,350",570점,397,소설/시/희곡
87,국내도서,논어,552860,9788970650340,3100,"공자 지음, 김형찬 옮김",홍익,20050411,"15,000","13,500",750점,24561,인문학
88,국내도서,지식의 권유,14043623,9788994013435,13320,김진혁 지음,토네이도,20111205,"14,000","12,600",700점,932,자기계발
89,국내도서,정재승의 과학 콘서트,12141866,9788996588733,3400,정재승 지음,어크로스,20110707,"13,500","12,150",670점,17007,과학
90,국내도서,소녀 킬러는 XX를 좋아해! 달력 한정판 (특전 2012년 일러스트 달력판),14425052,9788926781104,4810,"블루시드 지음, 망가진 르망 그림",디앤씨미디어(주)(D&C미디어),20120101,"8,500","7,650",420점,243,소설/시/희곡
91,국내도서,고구려 3,8859204,9788993964288,3810,김진명 지음,새움,20110401,"12,800","11,520",640점,7716,소설/시/희곡
92,국내도서,밤은 책이다,14339734,9788959136599,3810,이동진 지음,위즈덤하우스,20111220,"15,000","13,500",750점,3262,에세이
93,국내도서,왜 세계의 절반은 굶주리는가?,894530,9788990809179,3300,"장 지글러 지음, 유영미 옮김, 우석훈 해제, 주경복 부록",갈라파고스,20070312,"9,800","8,820",490점,41005,사회과학
94,국내도서,해커스 토익 중급 Reading,4012649,9788990700735,13740,데이빗 조 (David Cho) 지음,해커스어학연구소(Hackers),20090605,"14,900","13,410",740점,6280,외국어
95,국내도서,초등 과목별 교과서 읽기 능력,12840958,9788965180333,13370,김명미 지음,경향에듀(경향미디어),20110831,"13,000","11,700",650점,1701,좋은부모
96,국내도서,중생이 아프면 부처도 아프다,14162459,9788992114752,3300,명진 스님 지음,말글빛냄,20111207,"15,000","13,500",750점,1298,사회과학
97,국내도서,지금은 없는 이야기,13896510,9788958285861,7810,최규석 지음,사계절,20111125,"13,000","11,700",650점,7995,청소년
98,국내도서,십자군 이야기 2,13459929,9788954615211,4920,"시오노 나나미 지음, 송태욱 옮김, 차용구 감수",문학동네,20111103,"15,000","14,250",600점,4969,역사
99,국내도서,카네기 인간관계론 (반양장),528941,9788956370590,4320,"데일 카네기 지음, 최염순 옮김",씨앗을뿌리는사람,20041125,"12,000","10,800",600점,36179,자기계발
100,국내도서,ETS TOEIC Listening Prep Book (교재(ETS X-File 빈출표현 수록) + 해설집 + 무료 동영상 강의 + MP3/딕테이션 스크립트 무료 다운로드),11822711,9788917210316,13740,ETS 지음,와이비엠,20110610,"19,800","17,820",990점,4903,외국어
101,국내도서,ETS TOEIC Reading Prep Book (교재(ETS X-File 빈출어휘 수록) + 해설집 + 무료 동영상 강의 + MP3 무료 다운로드),11822739,9788917210323,13740,ETS 지음,와이비엠,20110610,"19,800","17,820",990점,4554,외국어
102,국내도서,건투를 빈다,2772770,9788971847985,3810,"김어준 지음, 현태준 그림",푸른숲,20081110,"15,800","14,220",790점,8552,에세이
103,국내도서,죽은 왕녀를 위한 파반느,4259824,9788959133918,3810,박민규 지음,위즈덤하우스,20090720,"17,000","15,300",850점,14995,소설/시/희곡
104,국내도서,풍요로운 삶 1,241267,9788974191665,94230,S.E.A.N. 편집부 지음,베드로서원,20060110,"3,000","2,850",150점,746,종교/역학
105,국내도서,10년 후 세상,14172085,9788935209002,93320,중앙일보 중앙SUNDAY 미래탐사팀 지음,청림출판,20120105,"16,000","14,400",800점,1154,경제경영
106,국내도서,마흔에 읽는 손자병법,12469959,9788965960126,3320,강상구 지음,흐름출판,20110720,"17,000","15,300",850점,9218,자기계발
107,국내도서,해커스 토플 리딩 (Hackers TOEFL Reading) (2nd iBT Edition),11987484,9788965420163,13740,데이빗 조 (David Cho) 지음,해커스어학연구소(Hackers),20110616,"19,800","17,820",990점,6041,외국어
108,국내도서,평생감사,900126,9788904156955,3230,전광 지음,생명의말씀사,20070320,"14,000","12,600",700점,16053,종교/역학
109,국내도서,열혈강호 56,14424165,9788925291499,7810,"전극진 지음, 양재현 그림",대원씨아이(만화),20111227,"4,500","4,050",220점,799,만화
110,국내도서,해커스 토익 실전 1000제 Listening 1 문제집 (해설집 별매),6482612,9788990700933,18740,해커스어학연구소 편집부 엮음,해커스어학연구소(Hackers),20100302,"10,900","9,810",540점,12084,외국어
111,국내도서,존 비비어의 관계,2323365,9788957881187,3230,"존 비비어 지음, 우수명 옮김",엔씨디(NCD),20080702,"10,000","9,000",500점,3193,종교/역학
112,국내도서,우리가 잘못 산 게 아니었어,14260767,9788901136998,3300,엄기호 지음,웅진지식하우스,20111215,"13,000","11,700",650점,1465,사회과학
113,국내도서,궁宮 27,14424116,9788926328217,47810,박소희 지음,서울미디어코믹스(서울문화사),20111227,"5,000","4,500",250점,1310,만화
114,국내도서,해커스 토익 중급 Listening,4012613,9788990700742,13740,데이빗 조 (David Cho) 지음,해커스어학연구소(Hackers),20090605,"12,900","11,610",640점,4598,외국어
115,국내도서,시크릿 러버,14362452,9788926761106,3810,강해랑 지음,디앤씨미디어(주)(D&C미디어),20111223,"10,000","9,000",500점,874,소설/시/희곡
116,국내도서,범죄 수학,7406842,9788959791927,13410,"리스 하스아우트 지음, 오혜정 옮김, 남호영 감수",Gbrain(지브레인),20100723,"15,000","13,500",750점,7895,청소년
117,국내도서,"국어 교과서 작품 읽기 중3 세트 (최신판, 전3권)",14076029,9788936459864,43810,강애라 외 엮음,창비,20140715,"30,000","27,000","1,500점",3104,청소년
118,국내도서,박철범의 하루 공부법,5985043,9788963700847,43040,박철범 지음,다산에듀,20091215,"12,000","10,800",600점,15539,청소년
119,국내도서,지도 밖으로 행군하라,582818,9788971844427,3810,한비야 지음,푸른숲,20050908,"15,000","13,500",750점,49697,에세이
120,국내도서,영어 글쓰기의 기본,1002280,9788995637159,3740,"윌리엄 스트렁크 지음, 조서연.김지양 옮김, 곽중철 감수",인간희극,20071119,"7,500","6,750",370점,15552,외국어
121,국내도서,트렌드 코리아 2012,13684929,9788959891726,13320,김난도 외 지음,미래의창,20111201,"15,000","13,500",750점,1261,경제경영
122,국내도서,그 많던 싱아는 누가 다 먹었을까 (양장),585840,9788901051598,4810,박완서 지음,웅진지식하우스,20050914,"12,000","10,800",600점,12589,소설/시/희곡
123,국내도서,스님의 주례사,7723124,9788984314207,3810,"법륜스님 지음, 김점선 그림",휴(休),20100913,"12,000","10,800",600점,30146,종교/역학
124,국내도서,소셜 애니멀,14112068,9788965960188,3320,"데이비드 브룩스 지음, 이경식 옮김",흐름출판,20111215,"25,000","22,500","1,250점",1615,자기계발
125,국내도서,조국 현상을 말한다 - 개정판,12113440,9788962170382,3340,김용민 지음,미래를소유한사람들(MSD미디어),20110630,"12,000","10,800",600점,3285,사회과학
126,국내도서,테르마이 로마이 2,14410654,9788959194094,17830,"야마자키 마리 지음, 김완 옮김",애니북스,20111223,"8,000","7,200",400점,721,만화
127,국내도서,풍요로운 삶 3,241271,9788974191689,94230,S.E.A.N. 편집부 지음,베드로서원,20060110,"3,000","2,850",150점,656,종교/역학
128,국내도서,STAR TOEIC Basic : 리스닝 + 리딩 (동영상 강의. MP3 무료제공) (테이프 별매),1031033,9788996055310,18740,이상철 지음,챔프스터디,20071231,"19,500","17,550",970점,2369,외국어
129,국내도서,풍요로운 삶 2,241272,9788974191672,94230,S.E.A.N. 편집부 지음,베드로서원,20060110,"3,000","2,850",150점,859,종교/역학
130,국내도서,문재인의 운명 (반양장),11689211,9788977771888,3810,문재인 지음,가교(가교출판),20110615,"16,000","14,400",800점,14080,사회과학
131,국내도서,해커스 그래머 스타트 (Hackers Grammar Start),451651,9788990700056,13740,데이빗 조 (David Cho) 지음,해커스어학연구소(Hackers),20040107,"16,900","15,210",840점,24945,외국어
132,국내도서,묵향 29,14334662,9788961222006,4810,전동조 지음,SKY미디어(스카이미디어),20111226,"9,000","8,100",450점,1075,소설/시/희곡
133,국내도서,중고생이 꼭 읽어야 할 문학필독서 세트 - 전5권,1710730,9788991759343,44810,김유정 외 지음,리베르,20050102,"67,300","60,570","3,360점",3931,청소년
134,국내도서,해커스 텝스 보카 (테이프 별매),6009450,9788990700865,18740,David Cho 지음,해커스어학연구소(Hackers),20100104,"14,900","13,410",740점,11521,외국어
135,국내도서,여자를 증오한 남자들 1,8415932,9788901116150,4890,"스티그 라르손 지음, 임호경 옮김",뿔(웅진),20110110,"13,000","11,700",650점,4479,소설/시/희곡
136,국내도서,친구가 되어 주실래요?,7975526,9788984812963,3230,이태석 지음,생활성서사,20101025,"13,000","11,700",650점,9995,종교/역학
137,국내도서,고구려 1,8859180,9788993964264,3810,김진명 지음,새움,20110301,"12,800","11,520",640점,8493,소설/시/희곡
138,국내도서,숀리 다이어트,11485148,9788915080201,13690,숀리 지음,삼성출판사,20110501,"14,800","13,320",740점,6720,건강/취미
139,국내도서,나는 꼼수다 뒷담화,13390939,9788962170436,3300,김용민 지음,미래를소유한사람들(MSD미디어),20111028,"11,500","10,350",570점,3386,사회과학
140,국내도서,성공하는 10대들의 7가지 습관 - 워크북,568567,9788934918813,3320,"숀 코비 지음, 김경섭 옮김",김영사,20050620,"12,800","11,520",640점,930,청소년
141,국내도서,심야식당 8 한정판 (8권+한정판 다이어리+2012 달력 스티커),14105336,9788925290355,7830,아베 야로 지음,미우(대원씨아이),20111221,"13,000","11,700",650점,629,만화
142,국내도서,한국의 나무,14341370,9788971994627,6480,김진석.김태영 지음,돌베개,20111219,"40,000","36,000","2,000점",1362,과학
143,국내도서,아파트와 바꾼 집,14269731,9788972976691,13800,박철수.박인석 지음,동녘,20111220,"16,000","14,400",800점,876,요리/살림
144,국내도서,평생감사 실천편,14308948,9788904159673,3230,전광.서정희.한건수 지음,생명의말씀사,20111225,"10,000","9,000",500점,1365,종교/역학
145,국내도서,삐뽀삐뽀 119 소아과 (개정11판),235616,9788976820532,3510,하정훈 지음,그린비라이프,20140510,"29,800","26,820","1,490점",52301,좋은부모
146,국내도서,이 세상 살지 말고 영원한 행복의 나라 가서 살자,12079893,9788987523231,3810,우명 지음,참출판사,20110701,"18,500","16,650",920점,5044,인문학
147,국내도서,바쿠만 BAKUMAN 15,14327713,9788925291451,7830,"오바 츠구미 지음, 오바타 다케시 그림",대원씨아이(만화),20111219,"5,000","4,500",250점,1023,만화
148,국내도서,공부는 내 인생에 대한 예의다,8633782,9788965700067,3810,이형진 지음,쌤앤파커스,20110124,"13,000","11,700",650점,9879,청소년
149,국내도서,그녀는 천재다 3,14424979,9788926781111,4810,"하람 지음, Nardack 그림",디앤씨미디어(주)(D&C미디어),20120101,"7,000","6,300",350점,379,소설/시/희곡
150,국내도서,십자군 이야기 1,12018620,9788954615204,4920,"시오노 나나미 지음, 송태욱 옮김, 차용구 감수",문학동네,20110707,"13,800","13,110",550점,7239,역사
151,국내도서,내 아이를 위한 감정코칭,8660193,9788947527897,13590,존 가트맨.최성애.조벽 지음,한국경제신문,20110208,"15,800","14,220",790점,27434,좋은부모
152,국내도서,글쓰기의 전략,593487,9788975275067,3800,정희모.이재성 지음,들녘,20051028,"17,000","15,300",850점,11346,인문학
153,국내도서,검사님의 속사정,14185186,9788984315303,3300,이순혁 지음,씨네21북스,20111207,"13,000","11,700",650점,828,사회과학
154,국내도서,"동의보감, 몸과 우주 그리고 삶의 비전을 찾아서",13474146,9788976823663,4100,고미숙 지음,그린비,20111025,"17,900","16,110",890점,2711,인문학
155,국내도서,일어나라,14313699,9788960972469,3230,이찬수 지음,규장(규장문화사),20111219,"10,000","9,000",500점,1121,종교/역학
156,국내도서,공병호 습관은 배신하지 않는다,13492217,9788950933623,3320,공병호 지음,21세기북스,20111020,"14,000","12,600",700점,1545,자기계발
157,국내도서,"하루 10분, 내 아이를 생각하다",13002435,9788926399934,13590,서천석 지음,BBbooks(서울문화사),20110901,"12,800","11,520",640점,11648,좋은부모
158,국내도서,"우리 아이의 즐거운 일기쓰기, 독서록쓰기",2334726,9788991891395,13590,강승임 지음,아주큰선물,20080710,"12,800","11,520",640점,2183,좋은부모
159,국내도서,해커스 텝스 Reading,2777296,9788990700629,13740,데이빗 조 (David Cho) 지음,해커스어학연구소(Hackers),20081114,"22,900","20,610","1,140점",10986,외국어
160,국내도서,부자들은 왜 장지갑을 쓸까,14327906,9788950934477,3320,"카메다 준이치로 지음, 박현미 옮김",21세기북스,20111219,"13,000","11,700",650점,1184,경제경영
161,국내도서,상처받지 않을 권리,4176658,9788901097671,3100,강신주 지음,프로네시스(웅진),20090630,"17,000","15,300",850점,16597,인문학
162,국내도서,트와일라잇 4권 세트 - 전4권,7297079,9788937832963,3840,"스테프니 메이어 지음, 변용란.윤정숙 옮김",북폴리오,20080705,"56,000","50,400","2,800점",4173,소설/시/희곡
163,국내도서,용의자 X의 헌신,674731,9788972753698,3830,"히가시노 게이고 지음, 양억관 옮김",현대문학,20060811,"13,000","11,700",650점,19431,소설/시/희곡
164,국내도서,10대에 알았더라면 좋았을 것들,7741862,9788976040602,13810,김태광 지음,문예춘추사,20100907,"12,000","10,800",600점,6488,청소년
165,국내도서,Hackers TOEFL Listening (해커스 토플 리스닝) (iBT) (책 + CD 1장),3683747,9788990700674,18740,데이빗 조 (David Cho) 지음,해커스어학연구소(Hackers),20090504,"29,500","26,550","1,470점",6782,외국어
166,국내도서,"우리, 다시 좋아질 수 있을까",13241507,9788952762986,13590,박성덕 지음,지식채널,20111004,"14,000","12,600",700점,1977,요리/살림
167,국내도서,지금 외롭다면 잘되고 있는 것이다,13491471,9788960864863,3320,한상복 지음,위즈덤하우스,20111017,"13,500","12,150",670점,2268,자기계발
168,국내도서,죽은 눈을 위한 송가,14339823,9788932022642,3810,이이체 지음,문학과지성사,20111216,"9,000","8,100",450점,1696,소설/시/희곡
169,국내도서,까칠한 재석이가 사라졌다 (양장),3431488,9788996147442,3810,고정욱 지음,애플북스,20090324,"11,000","9,900",550점,7092,청소년
170,국내도서,조조 사람혁명,13849201,9788947528269,13320,신동준 지음,한국경제신문,20111125,"13,000","11,700",650점,1164,자기계발
171,국내도서,빵만으로는 살 수 없다,14363042,9788970637174,3230,이어령 지음,열림원,20111220,"8,000","7,200",400점,1524,종교/역학
172,국내도서,해커스 토익 실전 1000제 Reading 2 문제집 (문제.정답.해설) (해설집 별매),8312395,9788965420040,18740,해커스어학연구소 편집부 엮음,해커스어학연구소(Hackers),20110103,"11,900","10,710",590점,10309,외국어
173,국내도서,성경과 5대 제국,11295568,9788992247511,3230,조병호 지음,통독원(땅에쓰신글씨),20110307,"19,000","17,100",950점,9380,종교/역학
174,국내도서,어쿠스틱 라이프 2,14285791,9788959194261,17810,난다 글 그림,애니북스,20111126,"11,500","10,350",570점,2598,만화
175,국내도서,나쁜 사마리아인들,988614,9788960510197,3320,"장하준 지음, 이순희 옮김",부키,20071010,"14,000","12,600",700점,42710,경제경영
176,국내도서,완득이,1836808,9788936433635,3810,김려령 지음,창비,20080317,"12,800","11,520",640점,12023,소설/시/희곡
177,국내도서,해커스 토플 리딩 인터미디엇 (Hackers TOEFL Reading Intermediate) (2nd Edition),12793389,9788965420156,13740,데이빗 조 (David Cho) 지음,해커스어학연구소(Hackers),20110901,"16,900","15,210",840점,3361,외국어
178,국내도서,다이어터 2 : 운동적응기 편,13917349,9788927802778,14810,"네온비 지음, 캐러멜 그림",중앙books(중앙북스),20111115,"12,000","10,800",600점,11220,만화
179,국내도서,지성에서 영성으로,6530565,9788970636511,3840,이어령 지음,열림원,20100225,"17,000","15,300",850점,12483,종교/역학
180,국내도서,잠수네 아이들의 소문난 수학공부법,13900367,9788925544977,3410,이신애 지음,랜덤하우스코리아,20111115,"13,500","12,150",670점,3987,좋은부모
181,국내도서,잠깐 쉬었다가,12798706,9788936508708,3230,손봉호 지음,홍성사,20110728,"14,000","12,600",700점,219,종교/역학
182,국내도서,노는 만큼 성공한다,13157858,9788950933050,13320,김정운 지음,21세기북스,20110916,"15,000","13,500",750점,7504,자기계발
183,국내도서,십대를 위한 재미있는 어휘 교과서 1,8906368,9788958073215,13700,서보건 지음,뜨인돌,20110222,"11,000","9,900",550점,9321,청소년
184,국내도서,우아한 거짓말,5820877,9788936456221,43810,김려령 지음,창비,20091120,"13,000","11,700",650점,32454,청소년
185,국내도서,나는 친구가 적다 6,14160732,9788925877228,4830,"히라사카 요미 지음, 주원일 옮김, 브리키 그림",학산문화사(라이트노벨),20111207,"6,800","6,120",340점,1553,소설/시/희곡
186,국내도서,3월의 라이온 6,14117993,9788925873886,7650,우미노 치카 지음,시리얼(학산문화사),20111219,"8,000","7,200",400점,1520,만화
187,국내도서,몬스터 프린세스 5,14425015,9788926781128,4810,"토돌 지음, pecorin 그림",디앤씨미디어(주)(D&C미디어),20120101,"6,500","5,850",320점,245,소설/시/희곡
188,국내도서,꿈이 있는 거북이는 지치지 않습니다,12763773,9788994893150,3040,김병만 지음,실크로드,20110810,"13,000","11,700",650점,6401,에세이
189,국내도서,"국어 교과서 작품 읽기 고등 세트 (최신판, 전5권) (특별부록 : 국어 교과서 작품 읽기 고등 가이드북)",8060738,9788936459871,43810,고화정 외 엮음,창비,20101123,"55,000","49,500","2,750점",5154,청소년
190,국내도서,엄마가 아이를 아프게 한다,12920597,9788991731578,13590,문은희 지음,예담Friend,20110825,"13,000","11,700",650점,8600,좋은부모
191,국내도서,베르나르 베르베르의 상상력 사전,11058694,9788932910864,3860,"베르나르 베르베르 지음, 이세욱.임호경 옮김",열린책들,20110303,"15,800","14,220",790점,19815,에세이
192,국내도서,국어 교과서 작품 읽기 중2 소설 (최신판),8060564,9788936458126,43810,김영선 외 엮음,창비,20131125,"10,000","9,000",500점,5153,청소년
193,국내도서,위대한 나의 발견 강점 혁명,370150,9788935206278,3320,"마커스 버킹엄 & 도널드 클리프턴 지음, 박정숙 옮김",청림출판,20050915,"15,000","13,500",750점,7092,자기계발
194,국내도서,15일! 시험공부법,14263912,9788996364924,14370,정지현 외 지음,북코디,20111220,"12,000","10,800",600점,988,청소년
195,국내도서,하나님의 은혜를 경험하는 기도 수첩,11106792,9788965391210,3230,두날개 편집부,두날개,20110311,"3,000","2,700",150점,320,종교/역학
196,국내도서,연금술사,307361,9788982814471,3890,"파울로 코엘료 지음, 최정수 옮김",문학동네,20011201,"12,000","10,800",600점,83709,소설/시/희곡
197,국내도서,너에게 닿기를 14 + FANBOOK 한정판,14379708,9788925292410,7830,시이나 카루호 지음,대원씨아이(만화),20111230,"11,800","10,620",590점,269,만화
198,국내도서,CMMI 버전 1.3 핸드북 (스프링),12503386,9788984325296,93550,㈜티큐엠에스,진한엠앤비(진한M&B),20110630,"12,000","10,800",600점,238,대학교재/전문서적
199,국내도서,일 잘하는 사람보다 말 잘하는 사람이 이긴다,7461499,9788956591544,13320,"오쿠시 아유미 지음, 정은지 옮김",예문,20100820,"7,500","6,750",370점,9199,자기계발
200,국내도서,한국에서 유일한 기초영문법 세트 - 전3권,963377,9788992334273,14740,한일 지음,아이엠북스,20080924,"33,000","29,700","1,650점",5033,외국어
201,국내도서,서른 살이 심리학에게 묻다,1713079,9788901078588,3180,김혜남 지음,갤리온,20080201,"12,000","10,800",600점,21721,인문학
202,국내도서,주님은 나의 최고봉 (보급판 문고본),3488427,9788977821736,3230,"오스왈드 챔버스 지음, 스데반 황 옮김",토기장이(토기장이주니어),20090325,"7,000","6,300",350점,8143,종교/역학
203,국내도서,"2012 시나공 총정리 컴퓨터활용능력 1급 필기 (핵심요약+기출문제+모의고사, 8절)",13211605,9788966181629,13000,강윤석 외 지음,길벗,20110925,"16,000","14,400",800점,1775,컴퓨터/모바일
204,국내도서,노빈손 조선통신사의 누명을 벗겨라,14417017,9788958073635,3810,"박유나 지음, 이우일 그림",뜨인돌,20111230,"9,500","8,550",470점,1227,청소년
205,국내도서,불안,14350678,9788956605593,3840,"알랭 드 보통 지음, 정영목 옮김",은행나무,20111228,"15,000","13,500",750점,39588,에세이
206,국내도서,생애 최고의 날은 아직 살지 않은 날들,883403,9788992378055,3810,"정호승, 법륜, 박완서, 정운찬 외 지음",조화로운삶(위즈덤하우스),20070205,"9,000","8,100",450점,19778,에세이
207,국내도서,국어 교과서 작품 읽기 중3 소설 (최신판),14075864,9788936458218,43810,서덕희 외 엮음,창비,20140715,"10,000","9,000",500점,3841,청소년
208,국내도서,한국인 무병장수 밥상의 비밀,14214287,9788993357660,13510,KBS <생로병사의 비밀> 제작팀 엮음,비타북스,20111215,"15,000","13,500",750점,1005,건강/취미
209,국내도서,윤성우의 열혈 C 프로그래밍,8016119,9788996094050,13000,윤성우 지음,오렌지미디어,20101101,"25,000","22,500","1,250점",23643,컴퓨터/모바일
210,국내도서,아이의 자존감,11867320,9788952762078,13590,"정지은.김민태 지음, 이영애 감수",지식채널,20110603,"14,800","13,320",740점,11431,좋은부모
211,국내도서,해커스 토플 리스닝 인터미디엇 (Hackers TOEFL Listening Intermediate) (iBT) (테이프 별매),4184978,9788990700704,18740,데이빗 조 (David Cho) 지음,해커스어학연구소(Hackers),20090701,"24,900","22,410","1,240점",3660,외국어
212,국내도서,사람 사는 이야기,14335302,9788958624509,7810,최규석.최호철.이경석.박인하 외 지음,휴머니스트,20111219,"15,000","13,500",750점,526,만화
213,국내도서,해커스 토플 라이팅 베이직 (Hackers TOEFL Writing Basic) (iBT) (MP3 CD 포함),828450,9788990700223,13740,데이빗 조 (David Cho) 지음,해커스어학연구소(Hackers),20061004,"16,900","15,210",840점,6929,외국어
214,국내도서,청소년용 직업카드,5484484,9788974426194,47370,한국고용정보원 엮음,매일경제신문사,20091120,"7,500","6,750",370점,8116,청소년
215,국내도서,인생의 절반쯤 왔을 때 깨닫게 되는 것들,11636894,9788960864474,13320,"리처드 J. 라이더 & 데이비드 A. 샤피로 지음, 김정홍 옮김",위즈덤하우스,20110515,"13,000","11,700",650점,6091,자기계발
216,국내도서,"2012 시나공 컴퓨터활용능력 1급 실기 (엑셀, 액세스 2007 사용자용) + 기출문제집",13312883,9788966182084,13000,길벗 R&D 외 지음,길벗,20111007,"33,000","29,700","1,650점",1405,컴퓨터/모바일
217,국내도서,"장자, 21세기와 소통하다",4409983,9788984453647,3150,안희진 지음,시그마북스,20090813,"16,000","14,400",800점,374,인문학
218,국내도서,땅끝의 아이들,12665791,9788970637020,3230,이민아 지음,시냇가에심은나무,20110728,"15,000","13,500",750점,6102,종교/역학
219,국내도서,실행이 답이다,8882097,9788984056503,3320,이민규 지음,더난출판사,20110221,"14,000","12,600",700점,7985,자기계발
220,국내도서,생각 버리기 연습,7768992,9788950926298,3400,"코이케 류노스케 지음, 유윤한 옮김",21세기북스,20100910,"12,000","10,800",600점,22180,자기계발
221,국내도서,10년 후 미래,11678623,9788935208760,93320,"다니엘 앨트먼 지음, 고영태 옮김",청림출판,20110523,"15,000","13,500",750점,5360,경제경영
222,국내도서,그들이 말하지 않는 23가지,7835332,9788960511194,3320,"장하준 지음, 김희정.안세민 옮김",부키,20101104,"14,800","13,320",740점,31825,경제경영
223,국내도서,알레프,13030616,9788954616126,3890,"파울로 코엘료 지음, 오진영 옮김",문학동네,20110923,"13,500","12,150",670점,3040,소설/시/희곡
224,국내도서,3분 고전,8032165,9788964231159,13810,박재희 지음,작은씨앗,20101107,"13,500","12,150",670점,6458,인문학
225,국내도서,제왕과 책사,14286703,9788963707310,3900,"렁청진 지음, 박광희 옮김",다산북스,20111215,"28,000","25,200","1,400점",595,역사
226,국내도서,"지금, 라디오를 켜 봐요",14207497,9788941335009,4810,진주 지음,신영미디어,20111220,"10,000","9,000",500점,991,소설/시/희곡
227,국내도서,크로스 : 정재승 + 진중권,5914382,9788901103815,3100,"정재승, 진중권 지음",웅진지식하우스,20091215,"14,000","12,600",700점,8881,인문학
228,국내도서,가장 쉬운 스페인어 첫걸음의 모든 것,873103,9788983005168,3770,박기호 지음,동양북스(동양문고),20140205,"14,500","13,050",720점,11968,외국어
229,국내도서,지구별 여행자,389604,9788934912125,3810,류시화 지음,김영사,20021127,"9,900","8,910",490점,7446,에세이
230,국내도서,그래머 게이트웨이 베이직 (Grammar Gateway Basic),7190465,9788990700889,13740,David Cho 지음,해커스어학연구소(Hackers),20100615,"14,900","13,410",740점,4352,외국어
231,국내도서,1Q84 3,7351249,9788954611800,4830,"무라카미 하루키 지음, 양윤옥 옮김",문학동네,20100725,"15,800","14,220",790점,34091,소설/시/희곡
232,국내도서,태백산맥 세트 (무선) - 전10권,2696468,9788973377930,4810,조정래 지음,해냄,20070101,"138,000","124,200","6,900점",7102,소설/시/희곡
233,국내도서,베르세르크 36,14192793,9788925291505,7830,미우라 켄타로 지음,대원씨아이(만화),20111230,"4,800","4,320",240점,1322,만화
234,국내도서,중3 교과서 소설,14022597,9788960010659,43810,"박완서 외 지음, 김혜니.윤미영 해설",타임기획,20111125,"11,800","10,620",590점,241,청소년
235,국내도서,해커스 토플 리스닝 베이직 (Hackers TOEFL Listening Basic) (iBT) (테이프별매),891474,9788990700384,18740,데이빗 조 (David Cho) 지음,해커스어학연구소(Hackers),20070306,"18,800","16,920",940점,5289,외국어
236,국내도서,해커스 텝스 Listening (테이프 별매),2777342,9788990700643,18740,데이빗 조 (David Cho) 지음,해커스어학연구소(Hackers),20081114,"24,900","22,410","1,240점",7213,외국어
237,국내도서,E.R 1,14392199,9788926761052,4810,에드가(신윤희) 지음,디앤씨미디어(주)(D&C미디어),20111230,"9,000","8,100",450점,337,소설/시/희곡
238,국내도서,고흐의 집을 아시나요?,13062291,9788993912562,3650,최내경 지음,청어람장서가(장서가),20110901,"12,500","11,250",620점,271,예술/대중문화
239,국내도서,Hackers TOEFL Writing (해커스 토플 라이팅) (iBT) (책 + 실전 CD + 음성파일 CD),660719,9788990700216,13740,데이빗 조 (David Cho) 지음,해커스어학연구소(Hackers),20060610,"19,500","17,550",970점,5960,외국어
240,국내도서,난장이가 쏘아올린 작은 공,241650,9788995151204,3810,조세희 지음,이성과힘,20000710,"13,000","11,700",650점,47795,소설/시/희곡
241,국내도서,"다시, 민주주의를 말한다",6997355,9788958623106,3300,도정일.박원순 외 지음,휴머니스트,20100517,"17,000","15,300",850점,1190,사회과학
242,국내도서,원고지 위의 마왕 6,14424823,9788926781135,4810,"최지인 지음, Jjone 그림",디앤씨미디어(주)(D&C미디어),20120101,"7,000","6,300",350점,271,소설/시/희곡
243,국내도서,신앙생활 가꾸기 3,1699301,9788985447607,43230,권지현 지음,글로벌틴미니스트리(지티엠),20080101,"2,000","2,000",0점,292,종교/역학
244,국내도서,2011 한국사 능력 검정시험 경향과 대책 중급 3급 4급,12022678,9788909172325,13900,손민호.최효성 지음,교학사,20110630,"18,000","16,200",900점,2414,수험서/자격증
245,국내도서,숫자로 보는 세상의 비밀,12460147,9788949187143,44410,"위르겐 브라터 지음, 장혜경 옮김, 이소라 감수",비룡소,20110708,"12,000","10,800",600점,402,청소년
246,국내도서,채널고정! 3,14410006,9788926327784,47830,사사키 노리코 지음,서울미디어코믹스(서울문화사),20111226,"8,000","7,200",400점,412,만화
247,국내도서,구해줘,675963,9788984370753,3860,"기욤 뮈소 지음, 윤미연 옮김",밝은세상,20060731,"11,000","9,900",550점,15795,소설/시/희곡
248,국내도서,해커스 토익 Speaking Start,11201855,9788965420125,18740,David Cho 지음,해커스어학연구소(Hackers),20110406,"19,800","17,820",990점,3551,외국어
249,국내도서,바보와 시험과 소환수 9.5,14200919,9788925290966,7830,"이노우에 켄지 지음, 김효은 옮김, 하가 유이 그림",대원씨아이(단행본),20111215,"7,000","6,300",350점,1234,소설/시/희곡
250,국내도서,해커스 토플 리딩 베이직 (Hackers TOEFL Reading Basic) (개정판),13518118,9788965420149,13740,데이빗 조 (David Cho) 지음,해커스어학연구소(Hackers),20111010,"16,900","15,210",840점,3129,외국어
251,국내도서,시크릿,927185,9788952206503,3320,"론다 번 지음, 김우열 옮김",살림Biz,20070622,"16,800","15,120",840점,99461,자기계발
252,국내도서,나는 가능성이다,4745803,9788954609227,3840,"패트릭 헨리 휴스 외 지음, 이수정 옮김",문학동네,20091016,"12,000","10,800",600점,579,에세이
253,국내도서,동물농장,40674,9788937460050,4840,"조지 오웰 지음, 도정일 옮김",민음사,19980805,"8,000","7,200",400점,70932,소설/시/희곡
254,국내도서,이루마 피아노 연주곡집,440333,9788988601389,3670,"이루마 작곡, 서인 편곡",돋을새김,20031101,"10,000","9,000",500점,7969,예술/대중문화
255,국내도서,황금비늘을 가진 물고기,1032314,9788973584093,3040,박윤신 지음,삼지사,20080110,"10,000","9,000",500점,485,사회과학
256,국내도서,박시백의 조선왕조실록 18,13898372,9788958624455,7910,박시백 지음,휴머니스트,20111121,"11,000","9,900",550점,2177,역사
257,국내도서,1Q84 2,4342497,9788954608657,4830,"무라카미 하루키 지음, 양윤옥 옮김",문학동네,20090908,"14,800","13,320",740점,41127,소설/시/희곡
258,국내도서,새벽에 홀로 깨어,1701105,9788971992975,4810,"최치원 지음, 김수영 엮음",돌베개,20080121,"8,500","7,650",420점,9267,고전
259,국내도서,웃는 동안,14207122,9788932022550,3810,윤성희 지음,문학과지성사,20111208,"13,000","11,700",650점,872,소설/시/희곡
260,국내도서,2011 노동실무소법전,8667235,9788970172491,,중앙경제사 편집부 지음,중앙경제사,20110121,"25,000","25,000",750점,115,대학교재/전문서적
261,국내도서,예수님을 닮아 가는 삶 20일,13288792,9788953113398,3230,고명진 지음,두란노,20111007,"12,000","10,800",600점,127,종교/역학
262,국내도서,나는 친구가 적다 1,14384255,9788925875804,7650,히라사카 요미 지음,학산문화사(만화),20111223,"4,500","4,050",220점,431,만화
263,국내도서,데미안,260084,9788937460449,4850,"헤르만 헤세 지음, 전영애 옮김",민음사,20001220,"8,000","7,200",400점,95742,소설/시/희곡
264,국내도서,당신 참 좋아 보이네요!,14242605,9788952763549,3330,"루이스 월퍼트 지음, 김민영 옮김",알키,20111208,"13,000","11,700",650점,244,사회과학
265,국내도서,엄마 매니저,3007552,9788991010567,3370,조남호 지음,글로세움,20090101,"12,000","10,800",600점,2989,청소년
266,국내도서,우연에서 기적으로,13723299,9788997162062,3810,김태원 지음,청어람미디어,20111121,"13,000","11,700",650점,853,에세이
267,국내도서,박철범의 하루 공부법 완성세트 - 전3권,14378156,9788963707464,13040,박철범 지음,다산에듀,20111221,"36,000","32,400","1,800점",1038,청소년
268,국내도서,경제기사의 바다에 빠져라,12775676,9788996634218,13320,최진기 지음,스마트북스,20110830,"18,500","16,650",920점,4223,경제경영
269,국내도서,소크라테스의 변명,224035,9788931003710,3160,"플라톤 지음, 황문수 옮김",문예출판사,19990210,"12,000","10,800",600점,16745,인문학
270,국내도서,거의 모든 것의 역사,446055,9788972913641,3400,"빌 브라이슨 지음, 이덕환 옮김",까치,20031130,"23,000","20,700","1,150점",17293,과학
271,국내도서,테르마이 로마이 1,11271881,9788959193769,17830,"야마자키 마리 지음, 김완 옮김",애니북스,20110325,"8,000","7,200",400점,986,만화
272,국내도서,눈먼 자들의 도시,388981,9788973374939,3890,"주제 사라마구 지음, 정영목 옮김",해냄,20021120,"14,500","13,050",720점,32429,소설/시/희곡
273,국내도서,에스퀴스 선생님의 위대한 수업,1024540,9788992355209,3840,"레이프 에스퀴스 지음, 박인균 옮김",추수밭(청림출판),20080107,"12,000","10,800",600점,1913,사회과학
274,국내도서,악의 추억,4656066,9788991643581,3810,이정명 지음,밀리언하우스,20090930,"12,000","10,800",600점,1293,소설/시/희곡
275,국내도서,나의 서양음악 순례,13876754,9788936472122,3600,"서경식 지음, 한승동 옮김",창비,20111115,"15,000","14,250",750점,2019,예술/대중문화
276,국내도서,이기적 유전자,7510877,9788932471631,3470,"리처드 도킨스 지음, 홍영남.이상임 옮김",을유문화사,20100810,"18,000","16,200",900점,21432,과학
277,국내도서,꿈의 해석,924518,9788988601945,3340,"지크문트 프로이트 지음, 이환 옮김",돋을새김,20070520,"8,500","7,650",420점,10970,청소년
278,국내도서,크리스마스의 남자,14078303,9788963219462,3810,정경윤 지음,동아,20111205,"9,800","8,820",490점,570,소설/시/희곡
279,국내도서,김제동이 만나러 갑니다,11376709,9788996628705,3810,김제동 지음,위즈덤경향,20110421,"13,000","11,700",650점,8896,에세이
280,국내도서,미각의 제국,6973761,9788996417507,3380,황교익 지음,따비,20100510,"12,000","10,800",600점,1385,인문학
281,국내도서,"몰입, 두 번째 이야기 : 인생의 완성도를 높이는 자기 혁명",11478227,9788925542966,3320,황농문 지음,랜덤하우스코리아,20110506,"20,000","18,000","1,000점",11678,자기계발
282,국내도서,중학생이 즐겨 찾는 국어 개념 교과서,12543572,9788991891630,13000,이서영.강승임 지음,아주큰선물,20110810,"14,800","13,320",740점,1881,청소년
283,국내도서,서른에 법구경을 알았더라면,13930851,9788964231326,13220,김윤환 지음,작은씨앗,20111125,"13,500","12,150",670점,910,자기계발
284,국내도서,콜드리딩,674735,9788901057828,13800,"이시이 히로유키 지음, 김윤희 옮김",웅진윙스,20060721,"9,800","8,820",490점,5984,자기계발
285,국내도서,중학교 1학년,527564,9788990878120,43810,"수지 모건스턴 지음, 이정임 옮김",바람의아이들,20041120,"14,800","13,320",740점,2934,청소년
286,국내도서,국어 교과서 작품 읽기 중1 수필 (최신판),6916702,9788936458089,43810,박종호 외 엮음,창비,20121120,"10,000","9,000",500점,3605,청소년
287,국내도서,한국의 진짜 목사를 찾아서,14264491,9788963707334,3230,이지성 지음,다산초당(다산북스),20111220,"13,800","12,420",690점,293,종교/역학
288,국내도서,세계 도서관 기행,6470880,9788901106090,3980,유종필 지음,웅진지식하우스,20100225,"15,000","13,500",750점,1015,인문학
289,국내도서,해커스 토플 스피킹 (Hackers TOEFL Speaking) : 1st iBT Edition (iBT) (책 + CD 2장),661478,9788990700254,18740,데이빗 조 (David Cho) 지음,해커스어학연구소(Hackers),20060605,"23,900","21,510","1,190점",5532,외국어
290,국내도서,이보영의 여행영어회화,4763000,9788960375536,18740,이보영 지음,에듀박스(주),20091001,"9,800","8,820",490점,8043,외국어
291,국내도서,나의 문화유산답사기 6,11477277,9788936472061,3810,유홍준 지음,창비,20110511,"18,000","16,200",360점,12453,인문학
292,국내도서,해커스 토익 실전 1000제 Listening 2 문제집 (문제와 정답.스크립트) (해설집 별매),8312426,9788965420071,18740,해커스어학연구소 편집부 엮음,해커스어학연구소(Hackers),20110103,"10,900","9,810",540점,7530,외국어
293,국내도서,순간을 위해 평생을 준비한다,14069779,9788960972438,3230,한홍 지음,규장(규장문화사),20111128,"13,000","11,700",650점,1319,종교/역학
294,국내도서,아기가 잘 먹는 이유식은 따로 있다,6255827,9788996347200,,마더스고양이 김정미 지음,레시피팩토리,20100127,"12,800","11,520",640점,19329,요리/살림
295,국내도서,청소년을 위한 세계사 : 서양편,380954,9788977151192,43900,이강무 지음,두리미디어,20020925,"15,000","13,500",750점,7030,청소년
296,국내도서,스즈미야 하루히의 관측,14342263,9788925291314,7830,"타니가와 나가루 지음, 이토 노이지 그림",대원씨아이(만화),20111220,"8,000","7,200",400점,467,소설/시/희곡
297,국내도서,역사의 미술관,13725357,9788954616416,3900,이주헌 지음,문학동네,20111107,"18,000","17,100",540점,2035,인문학
298,국내도서,세상을 바꾸는 천 개의 직업,13134273,9788954616188,3320,박원순 지음,문학동네,20110930,"15,000","14,250",450점,5066,자기계발
299,국내도서,위암 100문 100답,7005010,9788992864107,3510,위암센터 지음,국립암센터,20100510,"10,000","10,000",500점,54,건강/취미
300,국내도서,생명이 있는 것은 다 아름답다,262445,9788986361438,3810,최재천 지음,효형출판,20010120,"12,000","10,800",600점,16341,과학
301,국내도서,어느 날 내가 죽었습니다 (반양장),484133,9788990878052,43810,이경혜 지음,바람의아이들,20040428,"14,000","12,600",700점,21277,청소년
302,국내도서,TEPS VOCA essence,3433295,9788958481096,13740,에듀조선 텝스연구소 엮음,에듀조선(단행본),20090306,"16,000","15,200",800점,350,외국어
303,국내도서,[연하도서] 365일 행복한 상상,13822511,9788991824355,3810,"곽동언 엮음, 송진욱 그림",나무한그루,20111111,"3,800","3,420",190점,228,에세이
304,국내도서,학교란 무엇인가,12980956,9788927802525,14590,EBS &lt;학교란 무엇인가&gt; 제작팀 엮음,중앙books(중앙북스),20110901,"14,800","13,320",740점,5024,좋은부모
305,국내도서,전략 퍼즐,13985086,9788960511842,3320,"제이 B. 바니 & 트리시 고먼 클리포드 지음, 홍지수 옮김",부키,20111125,"15,000","13,500",750점,317,경제경영
306,국내도서,사람풍경,529053,9788959131648,3810,김형경 지음,예담,20061002,"11,000","9,900",550점,14621,에세이
307,국내도서,내 아이를 살리는 비폭력대화,6275553,9788993288216,3370,"수라 하트 외 지음, 정채현 옮김, 캐서린 한 감수",아시아코치센터,20091231,"15,000","13,500",750점,1661,좋은부모
308,국내도서,나무를 심은 사람,568043,9788974430702,3860,"장 지오노 지음, 마이클 매커디 판화, 김경온 옮김",두레,20050610,"8,800","7,920",440점,13827,소설/시/희곡
309,국내도서,긍정의 배신,11258241,9788960511620,3330,"바버라 에런라이크 지음, 전미영 옮김",부키,20110401,"13,800","12,420",690점,5835,사회과학
310,국내도서,"몰락선진국, 쿠바가 옳았다",14021961,9788974834968,3300,"요시다 타로 지음, 송제훈 옮김",서해문집,20111120,"15,000","13,500",750점,1396,사회과학
311,국내도서,신의 물방울 30,14044475,9788925876580,7650,"아기 타다시 지음, 오키모토 슈 그림",학산문화사(만화),20111128,"4,500","4,050",220점,619,만화
312,국내도서,끌리는 사람은 1%가 다르다,596539,9788984053229,13320,이민규 지음,더난출판사,20051117,"12,000","10,800",600점,35987,자기계발
313,국내도서,선물,14048508,9788925544410,3320,"스펜서 존슨 지음, 형선호 옮김",랜덤하우스코리아,20111128,"9,000","8,100",450점,2928,자기계발
314,국내도서,초등 고전읽기 혁명,13020859,9788992814423,13370,송재환 지음,글담출판,20110914,"12,800","11,520",640점,7530,좋은부모
315,국내도서,말하는 검,14231895,9788991931855,4830,"미야베 미유키 지음, 최고은 옮김",북스피어,20111226,"11,000","9,900",550점,1180,소설/시/희곡
316,국내도서,살아있는 세계사 교과서 1,589982,9788958620709,3900,전국역사교사모임 지음,휴머니스트,20051024,"24,000","21,600","1,200점",24400,역사
317,국내도서,디퍼런트,8638366,9788952215444,3320,"문영미 지음, 박세연 옮김",살림Biz,20110125,"15,000","13,500",750점,5468,경제경영
318,국내도서,5가지 사랑의 언어,6719135,9788904141180,3230,"게리 채프먼 지음, 장동숙 옮김",생명의말씀사,20100325,"11,000","9,900",550점,30467,종교/역학
319,국내도서,학생회의 목음,14378937,9788926327524,4830,"아오이 세키나 지음, 송덕영 옮김, 이누가미 키라 그림",서울문화사,20111230,"7,000","6,300",350점,393,소설/시/희곡
320,국내도서,사장님 당신은 누구십니까,14357732,9788962603194,13320,필름잇다우 지음,비즈니스맵,20111219,"13,000","11,700",650점,37,자기계발
321,국내도서,한글의 탄생,13302681,9788971994443,3710,"노마 히데키 지음, 김진아.김기연.박수진 옮김",돌베개,20111009,"15,000","13,500",750점,1931,인문학
322,국내도서,눈부신 고백 1,14371623,9788997253166,4810,수련 지음,로담,20111228,"9,000","8,100",450점,194,소설/시/희곡
323,국내도서,위저드 베이커리,3460099,9788936433697,3810,구병모 지음,창비,20090327,"12,800","11,520",640점,24359,소설/시/희곡
324,국내도서,내 마음을 만지다,14007168,9788996525318,3180,이봉희 지음,생각속의집,20111122,"16,800","15,120",840점,1780,인문학
325,국내도서,1Q84 1,4342463,9788954608640,4830,"무라카미 하루키 지음, 양윤옥 옮김",문학동네,20090825,"14,800","13,320",740점,47166,소설/시/희곡
326,국내도서,아미노산 내 몸을 살린다,4632941,9788990539564,3570,김지혜 지음,모아북스,20090910,"3,000","2,700",150점,2801,건강/취미
327,국내도서,세스 고딘의 시작하는 습관,14089971,9788950934217,3320,"세스 고딘 지음, 유영희 옮김",21세기북스,20111209,"11,500","10,350",570점,372,경제경영
328,국내도서,이것은 좀비입니까? 8,14389419,9788926328293,4830,키무라 신이치 지음,서울문화사,20120110,"6,500","5,850",320점,581,소설/시/희곡
329,국내도서,끝나지 않는 노래,14335359,9788984315297,3810,최진영 지음,한겨레출판,20111223,"11,000","9,900",550점,1291,소설/시/희곡
330,국내도서,최성애 박사의 행복 수업,6778978,9788973370092,13810,최성애 지음,해냄,20100410,"16,500","14,850",820점,6375,요리/살림
331,국내도서,뭐라도 되겠지,13355316,9788960901155,3810,김중혁 지음,마음산책,20111005,"13,800","12,420",690점,3120,에세이
332,국내도서,김성근이다,14156766,9788963707204,13320,김성근 지음,다산라이프,20111205,"16,000","14,400",800점,2147,에세이
333,국내도서,7가지 보고의 원칙,13959277,9788997287000,13320,남충희 지음,황금사자,20111118,"16,000","14,400",800점,4182,자기계발
334,국내도서,내 인생에 힘이 되어준 한마디,630964,9788992036047,3810,정호승 지음,비채,20060308,"10,500","9,450",520점,23989,에세이
335,국내도서,태양의 아이들,13984045,9788901136059,13980,온유.Key.태민 지음,웅진리빙하우스,20111208,"25,000","22,500","1,250점",2653,여행
336,국내도서,"괜찮아, 열일곱 살",13489473,9788996537120,43180,이나미 지음,이랑,20111031,"12,000","10,800",600점,1718,청소년
337,국내도서,그리스도인의 생활 지침,4280606,9788937503474,3230,네비게이토 편집부 엮음,네비게이토,20090701,"4,500","4,500",130점,5302,종교/역학
338,국내도서,철학의 시대,13576901,9788958285809,4100,강신주 지음,사계절,20111103,"16,500","14,850",820점,2273,인문학
339,국내도서,엄마와 함께 읽는 그림 성경,11469103,9788936017323,7230,"아담 홈스 지음, 유영일 옮김, 랄프 볼츠 그림",성서원Kids,20110330,"13,000","11,700",650점,186,종교/역학
340,국내도서,만화 웨스트민스터 소교리문답 1,7368025,9788960921559,4230,"백금산 지음, 김종두 그림",부흥과개혁사,20100710,"15,000","13,500",750점,2713,종교/역학
341,국내도서,한국 단편소설 베스트 37,11901448,9788976701091,43810,김동인 외 지음,혜문서관,20110603,"15,800","14,220",790점,2317,청소년
342,국내도서,원미동 사람들,471234,9788952202000,3810,양귀자 지음,살림,20040305,"9,000","8,100",450점,14220,소설/시/희곡
343,국내도서,성철스님 시봉이야기 1,307993,9788934908487,3810,원택 지음,김영사,20011205,"8,500","7,650",420점,1402,종교/역학
344,국내도서,"안철수, 경영의 원칙",14030938,9788952112729,4040,서울대학교 기초교육원.안철수 지음,서울대학교출판문화원,20111128,"9,500","9,500",470점,1283,인문학
345,국내도서,다이어터 1 : 식이조절 편,12570815,9788927802396,14810,"네온비 지음, 캐러멜 그림",중앙books(중앙북스),20110805,"12,000","10,800",600점,11614,만화
346,국내도서,토마토 TOEIC Finish 1000제 Reading (advanced test 3회분 포함 + 복습 어휘장 + 어휘 MP3 무료 다운로드),8268120,9788959976225,13740,이보영 외 지음,능률교육,20101201,"12,000","10,800",600점,2678,외국어
347,국내도서,십대마음 10大공감,14171963,9788994368108,3370,김미경.이수정.지현남 지음,찰리북,20111220,"12,000","10,800",600점,548,사회과학
348,국내도서,로쟈와 함께 읽는 지젝,13931109,9788957076088,4100,이현우 지음,자음과모음(이룸),20111121,"13,500","12,150",670점,1751,인문학
349,국내도서,국사 시간에 세계사 공부하기,914522,9788901064819,44900,김정 지음,웅진주니어,20070411,"15,000","13,500",750점,13719,청소년
350,국내도서,주식투자 무작정 따라하기,13849125,9788966182497,13320,윤재수 지음,길벗,20111110,"15,000","13,500",750점,1620,경제경영
351,국내도서,국어 교과서 작품 읽기 중1 시 (최신판),6916643,9788936458065,43810,김규중 외 엮음,창비,20121120,"10,000","9,000",500점,2179,청소년
352,국내도서,나는 무슨 일 하며 살아야 할까?,11588048,9788993463149,43300,이철수 외 지음,철수와영희,20110516,"12,000","10,800",600점,5825,청소년
353,국내도서,설득의 심리학,376342,9788950905224,13320,"로버트 치알디니 지음, 이현우 옮김",21세기북스,20020930,"12,000","10,800",600점,45506,자기계발
354,국내도서,철학카페에서 문학읽기,855952,9788901061252,3100,김용규 지음,웅진지식하우스,20061113,"12,000","10,800",600점,12283,인문학
355,국내도서,토틴: 신구약을 꿰뚫는 한눈에 보는 성경 (교사용),13904586,9788977822382,3230,토기장이 교제연구팀 지음,토기장이(토기장이주니어),20111025,"8,000","7,600",240점,451,종교/역학
356,국내도서,"그건, 사랑이었네",4161814,9788971848173,3810,한비야 지음,푸른숲,20090706,"12,000","10,800",600점,33370,에세이
357,국내도서,해커스 토익 실전 1000제 Reading 1 해설집 (문제와 해석.해설),7138996,9788990700919,18740,해커스어학연구소 편집부 엮음,해커스어학연구소(Hackers),20100503,"17,900","16,110",890점,4954,외국어
358,국내도서,꽃은 젖어도 향기는 젖지 않는다,13717279,9788984315150,3810,"도종환 지음, 이철수 그림",한겨레출판,20111031,"18,000","16,200",900점,1593,에세이
359,국내도서,네가 어떤 삶을 살든 나는 너를 응원할 것이다,1957469,9788996047636,3800,공지영 지음,오픈하우스,20080324,"14,400","12,960",720점,35351,에세이
360,국내도서,부의 정석,13565666,9788993322408,13320,최윤식.정우석 지음,지식노마드,20111103,"14,000","12,600",700점,533,경제경영
361,국내도서,해커스 토플 라이팅 인터미디엇 (Hackers TOEFL Writing Intermediate) (iBT),4692328,9788990700773,13740,해커스어학연구소 편집부 엮음,해커스어학연구소(Hackers),20091001,"18,900","17,010",940점,1967,외국어
362,국내도서,열일곱 살의 인생론,6112665,9788958284338,43100,안광복 지음,사계절,20100112,"12,000","10,800",600점,4881,청소년
363,국내도서,나의 라임 오렌지나무,6946832,9788972976196,3890,"J.M 바스콘셀로스 지음, 박동원 옮김",동녘,20030905,"13,000","11,700",650점,28451,소설/시/희곡
364,국내도서,은혼 39,14327736,9788925867342,7650,소라치 히테아키 지음,학산문화사(만화),20111219,"4,500","4,050",220점,989,만화
365,국내도서,조선의 9급 관원들,14154907,9788994606101,93900,김인호 지음,너머북스,20111205,"16,500","14,850",820점,887,역사
366,국내도서,스눕,6909540,9788947527545,3320,"샘 고슬링 지음, 김선아 옮김, 황상민 감수",한국경제신문,20100510,"16,000","14,400",800점,9633,자기계발
367,국내도서,영어 슈퍼 리딩 훈련 (main book + training book),11002931,9788974579944,13740,Michael A. Putlack & e-Creative Contents 지음,키출판사,20110309,"19,800","17,820",990점,4337,외국어
368,국내도서,채운국 이야기 21,14468469,9788926327838,4830,유키노 사이 지음,서울문화사,20111230,"8,000","7,200",400점,290,소설/시/희곡
369,국내도서,세상의 아들딸들아! 살아있으라 사랑하라,13390605,9788993442229,3980,도용복 지음,멘토프레스,20111001,"16,000","14,400",800점,104,여행
370,국내도서,심리학이 서른 살에게 답하다,3635375,9788901093987,3180,김혜남 지음,걷는나무,20090430,"12,000","10,800",600점,6943,인문학
371,국내도서,성경전서 개역개정판 NKR42M - 단본 무색인,8013017,9788941221319,3230,대한성서공회 편집부 엮음,대한성서공회,20080220,"6,400","5,760",320점,143,종교/역학
372,국내도서,영어 라이팅 훈련 실천 다이어리 1,14187369,9788960492875,13740,한일 지음,사람in,20111207,"18,000","16,200",900점,2694,외국어
373,국내도서,2012 시나공 컴퓨터활용능력 1급 필기 (2급 포함),13426224,9788966182060,13000,"길벗 R&D, 강윤석, 김용갑, 김우경, 김선애, 김종일, 김유홍 지음",길벗,20111010,"26,000","23,400","1,300점",904,컴퓨터/모바일
374,국내도서,관계의 심리학,2693293,9788990991676,3320,이철우 지음,경향미디어,20081013,"12,000","10,800",600점,8555,자기계발
375,국내도서,한국인이 좋아하는 손님상,11339286,9788991995970,13590,다소마미.요리헤라 지음,이밥차(그리고책),20110325,"18,800","16,920",940점,2845,요리/살림
376,국내도서,예꿈 C : 유아부 교회학교용,4124421,9788953111684,3230,예꿈 교재 편집부 엮음,두란노,20090605,"3,500","3,150",170점,943,종교/역학
377,국내도서,지혜로운 엄마가 읽어주는 탈무드 태교동화,983315,9788958250302,4590,"김경아 엮음, 이지야.김미라.연주 그림",프리미엄북스,20070920,"15,000","13,500",750점,3287,좋은부모
378,국내도서,마이 퍼스트 해피 다이어리,8215922,9788994025056,13800,공병각 지음,양문,20101129,"16,000","14,400",800점,413,에세이
379,국내도서,백악관을 기도실로 만든 대통령 링컨 (반양장),398243,9788904110629,3230,전광 지음,생명의말씀사,20030125,"14,000","12,600",700점,10290,종교/역학
380,국내도서,스위치,6801485,9788901106984,3320,"칩 히스 & 댄 히스 지음, 안진환 옮김",웅진지식하우스,20100409,"18,000","16,200",900점,7590,자기계발
381,국내도서,한권으로 끝내는 한국사 능력 검정시험 고급 1.2급,11139820,9788996547501,13900,역시연구회 엮음,지식통,20141025,"20,000","18,000","1,000점",4637,수험서/자격증
382,국내도서,너에게 닿기를 14,14379699,9788925289960,7830,시이나 카루호 지음,대원씨아이(만화),20111230,"4,800","4,320",240점,2640,만화
383,국내도서,사람이 선물이다,12998235,9788953116436,3230,조정민 지음,두란노,20110830,"13,000","11,700",650점,4685,종교/역학
384,국내도서,"울지마 톤즈, 그 후… 선물",13717131,9788993642384,3810,구수환 지음,비아북,20111114,"13,000","11,700",650점,1040,에세이
385,국내도서,베이비 위스퍼 골드,941739,9788984072367,3590,"트레이시 호그.멜린다 블로우 지음, 노혜숙 옮김, 김수연 감수",세종(세종서적),20070705,"19,500","17,550",970점,9520,좋은부모
386,국내도서,광고천재 이제석,6731364,9788956251073,3810,이제석 지음,학고재,20100401,"15,000","13,500",750점,5863,에세이
387,국내도서,안철수의 서재,14162718,9788997348015,3800,이채윤 지음,푸른영토,20111215,"13,800","12,420",690점,789,인문학
388,국내도서,그 풍경을 나는 이제 사랑하려 하네,659614,9788958642251,3810,"안도현 엮음, 김기찬 사진",이가서,20060612,"9,500","8,550",470점,10491,소설/시/희곡
389,국내도서,오체 불만족,273605,9788979192506,3830,"오토다케 히로타다 지음, 전경빈 옮김",창해,20010331,"10,000","9,000",500점,10381,에세이
390,국내도서,신공략 중국어 (책 + CD 2장),255102,9788959955015,18720,"마전비.소영하.적염 지음, 변형우.강필임 옮김",다락원,20051219,"12,500","11,250",620점,13688,외국어
391,국내도서,The Blue Day Book 누구에게나 우울한 날은 있다,11277527,9788955616040,4840,"브래들리 트레버 그리브 지음, 신현림 옮김",바다출판사,20110401,"8,500","7,650",420점,2397,에세이
392,국내도서,설득의 비밀 실천편,8613481,9788994592169,13300,김종명 지음,쿠폰북,20110117,"14,800","13,320",740점,1155,자기계발
393,국내도서,화끈하게 말하는 사람 속터지게 말하는 사람,11588138,9788994792163,13320,김옥림 지음,팬덤북스,20110527,"13,000","11,700",650점,1140,자기계발
394,국내도서,네덜란드 구두 미스터리,14407333,9788952763402,4840,"엘러리 퀸 지음, 정영목 옮김",검은숲,20111226,"13,000","11,700",650점,499,소설/시/희곡
395,국내도서,한 달 만에 끝내는 New OPIc BASIC Intermediate 공략,8003204,9788990127983,13740,윈글리쉬닷컴 언어공학연구소 지음,윈글리쉬닷컴,20101015,"15,000","13,500",750점,1260,외국어
396,국내도서,희랍어 시간,13849130,9788954616515,3810,한강 지음,문학동네,20111110,"13,000","11,700",650점,9543,소설/시/희곡
397,국내도서,100세 현역 의사의 스트레스 내려놓기 연습,13776767,9788994382197,13320,"히노하라 시게아키 지음, 이혁재 옮김",예인(플루토북),20111125,"12,000","10,800",600점,386,자기계발
398,국내도서,책벌레 링컨이 대통령이 되었어요!,580943,9788904160853,3230,"전광.박보영 지음, 양현숙 그림",생명의말씀사,20050820,"11,000","9,900",550점,1299,종교/역학
399,국내도서,해커스 토플 스피킹 인터미디엇 (Hackers TOEFL Speaking Intermediate) (iBT),4692368,9788990700797,18740,해커스어학연구소 편집부 엮음,해커스어학연구소(Hackers),20091001,"19,500","17,550",970점,1632,외국어
400,국내도서,리락쿠마 종이접기,11499093,9788959792207,13630,"테라니시 에리코 지음, 강현정 옮김",작은책방(해든아침),20110429,"10,000","9,000",500점,3869,건강/취미
401,국내도서,강의,528624,9788971992029,3820,신영복 지음,돌베개,20041213,"18,000","16,200",900점,29196,인문학
402,국내도서,국어 교과서 작품 읽기 고등 소설 - 상 (최신판),8060663,9788936458157,43810,서덕희 외 엮음,창비,20131125,"11,000","9,900",550점,3389,청소년
403,국내도서,강경애의 미치도록 쉬운 기타 1,6972164,9788994034577,93670,강경애 지음,삼호ETM,20100430,"12,000","10,800",600점,5487,예술/대중문화
404,국내도서,침묵 입문,14357771,9788950934767,13040,"코이케 류노스케 지음, 유윤한 옮김",21세기북스,20111223,"12,000","10,800",600점,1021,자기계발
405,국내도서,힘이 나는 희민쌤 장희민의 한눈에 사로잡는 국어 개념편,14037631,9788975278754,14710,장희민 지음,들녘,20111129,"16,000","14,400",800점,512,청소년
406,국내도서,5천만 국민요리,8611564,9788965180166,13590,이혜영 지음,경향미디어,20110125,"14,500","13,050",720점,5966,요리/살림
407,국내도서,몰입 : 인생을 바꾸는 자기 혁명,1020939,9788925514826,3320,황농문 지음,랜덤하우스코리아,20071210,"18,000","16,200",900점,40634,자기계발
408,국내도서,첫아이가 중학교에 갑니다 (개정판),13425043,9788950933517,13370,메가스터디 초중등사업부 지음,21세기북스,20111007,"15,200","13,680",760점,815,좋은부모
409,국내도서,모멘트,13303174,9788984371118,3840,"더글라스 케네디 지음, 조동섭 옮김",밝은세상,20111013,"13,800","12,420",690점,9148,소설/시/희곡
410,국내도서,백귀야행 20,13939208,9788952763105,7830,이마 이치코 지음,시공사(만화),20111118,"5,000","4,500",250점,1749,만화
411,국내도서,살아있는 한국사 교과서 1,334447,9788958620211,3900,전국역사교사모임 엮음,휴머니스트,20120409,"19,000","17,100",950점,24128,역사
412,국내도서,그리스인 조르바,6037971,9788932909349,3890,니코스 카잔차키스 지음,열린책들,20091220,"14,800","13,320",740점,37381,소설/시/희곡
413,국내도서,불안한 엄마 무관심한 아빠,11947736,9788901122816,13590,오은영 지음,웅진리빙하우스,20110608,"14,800","13,320",740점,9547,좋은부모
414,국내도서,불량한 주스 가게,13612707,9788957983010,3810,유하순.강미.신지영 지음,푸른책들,20111125,"12,800","11,520",640점,926,청소년
415,국내도서,살아있는 한국사 교과서 2,334446,9788958620228,3900,전국역사교사모임 엮음,휴머니스트,20120409,"19,000","17,100",950점,19476,역사
416,국내도서,종이 여자,8260410,9788984371071,3860,"기욤 뮈소 지음, 전미연 옮김",밝은세상,20101214,"12,000","10,800",600점,11931,소설/시/희곡
417,국내도서,채홍,14125544,9788965743286,3810,김별아 지음,해냄,20111205,"13,800","12,420",690점,915,소설/시/희곡
418,국내도서,노화의 비밀,14334318,9788997180073,3810,조셉 창 지음,서영,20111222,"13,800","12,420",690점,666,건강/취미
419,국내도서,박재동의 손바닥 아트,13745541,9788984315167,3810,박재동 지음,한겨레출판,20111101,"13,000","11,700",650점,1047,에세이
420,국내도서,해커스 토플 스피킹 베이직 (Hackers TOEFL Speaking Basic) (iBT) (책 + CD 1장),887641,9788990700414,18740,데이빗 조 (David Cho) 지음,해커스어학연구소(Hackers),20070222,"18,800","16,920",940점,4042,외국어
421,국내도서,아파트의 몰락,14384069,9788925545660,3320,남우현 지음,랜덤하우스코리아,20111223,"11,500","10,350",570점,298,경제경영
422,국내도서,혼자 사는 즐거움,12575515,9788994013404,13320,"사라 밴 브레스낙 지음, 신승미 옮김",토네이도,20110801,"15,000","13,500",750점,6243,자기계발
423,국내도서,하루 공부법 Study Planner,14257965,9788963707358,13370,박철범 지음,다산에듀,20111213,"12,000","10,800",600점,2673,청소년
424,국내도서,그 청년 바보의사,4277617,9788991066700,3810,"안수현 지음, 이기섭 엮음",아름다운사람들,20090720,"12,000","10,800",600점,13742,에세이
425,국내도서,2012 시나공 컴퓨터활용능력 2급 필기,13426275,9788966182077,13000,"길벗 R&D, 강윤석, 김용갑, 김우경, 김선애, 김종일, 김유홍 지음",길벗,20111010,"18,000","16,200",900점,1033,컴퓨터/모바일
426,국내도서,돈키호테,527727,9788952741806,3870,"미겔 데 세르반테스 지음, 박철 옮김",시공사,20041116,"16,000","14,400",800점,8311,소설/시/희곡
427,국내도서,발해고(渤海考),219266,9788970656014,3100,"유득공 지음, 송기호 옮김",홍익,20000110,"10,000","9,000",500점,7627,역사
428,국내도서,갈매기의 꿈,429793,9788989929406,3840,"리처드 바크 지음, 류시화 옮김",현문미디어,20030910,"8,500","7,650",420점,5426,소설/시/희곡
429,국내도서,10미터만 더 뛰어봐!,2314272,9788961885539,3320,김영식 지음,중앙books(중앙북스),20080701,"12,000","10,800",600점,5689,경제경영
430,국내도서,호밀밭의 파수꾼,279711,9788937460470,4840,"J.D. 샐린저 지음, 공경희 옮김",민음사,20010530,"8,000","7,200",400점,55889,소설/시/희곡
431,국내도서,2012 업계지도,14069102,9788997382002,13320,이데일리 지음,어바웃어북,20111207,"22,000","19,800","1,100점",336,경제경영
432,국내도서,사도세자가 꿈꾼 나라,14035706,9788993119367,3900,이덕일 지음,위즈덤하우스,20111124,"15,000","13,500",750점,1785,역사
433,국내도서,고구려 미천왕편 세트 - 전3권,11468137,9788993964318,4810,김진명 지음,새움,20110401,"38,400","34,560","1,920점",2348,소설/시/희곡
434,국내도서,하늘 호수로 떠난 여행,157223,9788970631264,3810,류시화 지음,열림원,19970510,"9,900","8,910",490점,7934,에세이
435,국내도서,2012 9급 패스토리 재정 국어 - 전4권,12543012,9788956089065,13710,김재정 지음,웅진패스원,20110801,"46,000","41,400","2,300점",915,수험서/자격증
436,국내도서,화폐전쟁 세트 - 전3권,14012859,9788925543437,14320,"쑹훙빙 지음, 차혜정 외 옮김, 박한진 감수",랜덤하우스코리아,20111125,"75,000","67,500","3,750점",717,경제경영
437,국내도서,박철범의 하루 공부법 2 : 실천편,14248236,9788963707341,43040,박철범 지음,다산에듀,20111213,"12,000","10,800",600점,1105,청소년
438,국내도서,조벽 교수의 희망 특강,14255725,9788965743262,13370,조벽 지음,해냄,20111215,"15,800","14,220",790점,1106,사회과학
439,국내도서,중앙성가 18,4504188,9788960571846,13670,박신화 지음,중앙아트,20090731,"13,000","12,350",650점,387,종교/역학
440,국내도서,2012 시나공 워드프로세서 실기(구 1급)(한글 2007 사용자용),13312775,9788966182053,13000,길벗 R&D 지음,길벗,20111004,"16,000","14,400",800점,1178,컴퓨터/모바일
441,국내도서,듀라라라!! 10,14201521,9788925290959,7830,"나리타 료우고 지음, 민유선 옮김, 야스다 스즈히토 그림",대원씨아이(단행본),20111215,"7,000","6,300",350점,776,소설/시/희곡
442,국내도서,하악하악,1914113,9788973379507,3810,"이외수 지음, 정태련 그림",해냄,20080330,"14,500","13,050",720점,21915,에세이
443,국내도서,청소년을 위한 한국사,194511,9788977151376,43910,"백유선.신부식.임태경 지음, 김영민 그림",두리미디어,20030725,"15,000","13,500",750점,5634,청소년
444,국내도서,아이들을 어떻게 가르칠 것인가,13587798,9788994445144,3370,"사토 마나부 지음, 박찬영 옮김",살림터,20111021,"13,000","11,700",650점,1203,사회과학
445,국내도서,꿈꾸는 다락방 2 - 실천편,2358421,9788974255282,3320,이지성 지음,국일미디어(국일출판사),20080728,"13,500","12,150",670점,11257,자기계발
446,국내도서,리처드 포스터 영적훈련과 성장,3669317,9788904158478,3230,"리처드 포스터 지음, 권달천.황을호 옮김",생명의말씀사,20090510,"17,000","15,300",850점,6318,종교/역학
447,국내도서,2012 시나공 컴퓨터활용능력 2급 실기 (엑셀 2007 사용자용) + 기출문제집,13323448,9788966182091,13000,길벗 R&D 외 지음,길벗,20111004,"20,000","18,000","1,000점",1308,수험서/자격증
448,국내도서,유진과 유진,500398,9788957980132,3810,이금이 지음,푸른책들,20040621,"13,500","12,150",670점,24369,청소년
449,국내도서,일본어 무작정 따라하기 (책 + mp3 CD 1장 + 휴대용 소책자),2161528,9788960471269,3730,후지이 아사리 지음,길벗이지톡,20080520,"16,500","14,850",820점,11066,외국어
450,국내도서,삐뽀삐뽀 119 이유식,608562,9788976820754,3590,하정훈 지음,그린비라이프,20051220,"11,900","10,710",590점,26431,좋은부모
451,국내도서,신성종의 내가 본 지옥과 천국,3631218,9788947802574,3230,신성종 지음,크리스챤서적,20090420,"10,000","9,000",500점,2223,종교/역학
452,국내도서,나는 대한민국의 교사다,8425387,9788973374687,3370,조벽 지음,해냄,20101220,"18,000","16,200",900점,2444,사회과학
453,국내도서,"버전업 굿모닝 독학 일본어 첫걸음 (무료 동영상 강의, MP3 무료 다운로드, 워크북, 핸드북)",679124,9788983004925,3730,"정선영 지음, 오현정 감수",동양북스(동양문고),20140305,"14,500","13,050",720점,18554,외국어
454,국내도서,변태왕자와 웃지 않는 고양이 3,14192833,9788926327562,4830,"사가라 소우 지음, 칸토쿠 그림",서울문화사,20111210,"6,500","5,850",320점,1394,소설/시/희곡
455,국내도서,국가란 무엇인가,11343556,9788971994276,3340,유시민 지음,돌베개,20110418,"14,000","12,600",700점,9057,인문학
456,국내도서,해커스 텝스 실전 1200제 문제집,7042285,9788990700971,18740,해커스어학연구소 편집부 엮음,해커스어학연구소(Hackers),20100601,"16,900","15,210",840점,3758,외국어
457,국내도서,나루토 Naruto 56,14028907,9788925289717,7830,기시모토 마사시 지음,대원씨아이(만화),20111124,"5,000","4,500",250점,954,만화
458,국내도서,나의 다정한 형 4,14273264,9788927005247,7830,이마 이치코 지음,현대지능개발사,20120110,"5,500","4,950",270점,444,만화
459,국내도서,사랑하라 한번도 상처받지 않은 것처럼,549492,9788995501474,3810,류시화 엮음,오래된미래,20050326,"10,000","9,000",500점,41185,소설/시/희곡
460,국내도서,EBS 한국사 능력 검정시험 고급(1.2급),14155174,9788962692419,13900,김대식 지음,신지원,20130215,"30,000","27,000","1,500점",3093,수험서/자격증
461,국내도서,철학카페에서 시 읽기,13915356,9788901135113,3100,김용규 지음,웅진지식하우스,20111114,"15,000","13,500",750점,4229,인문학
462,국내도서,국어능력인증시험 기본서,1003458,9788941439189,13710,국어능력인증시험연구회 엮음,박문각,20080110,"26,000","23,400","1,300점",1652,수험서/자격증
463,국내도서,일리아스,877643,9788991290167,93890,"호메로스 지음, 천병희 옮김",도서출판 숲,20150620,"38,000","34,200","1,900점",14099,인문학
464,국내도서,비즈니스 모델의 탄생,13389290,9788928607198,3320,"알렉산더 오스터왈더 & 예스 피그누어 지음, 유효상 옮김",타임비즈,20111007,"18,000","16,200",900점,3620,경제경영
465,국내도서,"다, 그림이다",13704480,9788954616478,3600,손철주.이주은 지음,이봄,20111107,"18,500","17,580",740점,2779,예술/대중문화
466,국내도서,마케팅 불변의 법칙,2855509,9788962600568,4320,"알 리스, 잭 트라우트 지음, 이수정 옮김, 정지혜 감수",비즈니스맵,20081201,"12,800","11,520",640점,15255,경제경영
467,국내도서,왜 나는 너를 사랑하는가 (양장),964118,9788986836240,3840,"알랭 드 보통 지음, 정영목 옮김",청미래,20070801,"12,000","10,800",600점,24219,소설/시/희곡
468,국내도서,돈 벌 수 있는 사람 돈 벌 수 없는 사람,13778550,9788950933692,13320,"다케우치 마사히로 지음, 한수진 옮김",21세기북스,20111107,"12,000","10,800",600점,197,경제경영
469,국내도서,두 번의 결혼식과 한 번의 장례식 Vol. 1,14300064,9788984315280,7810,"박희정 글 그림, 김윤신 외 원작",씨네21북스,20111222,"8,000","7,200",400점,502,만화
470,국내도서,요츠바랑 데일리 캘린더 2012,14384552,9788925289625,7830,"아즈마 키요히코, 요츠바 스튜디오 엮음",대원씨아이(단행본),20111125,"16,000","14,400",800점,82,만화
471,국내도서,포니의 스페셜 메이크업 북,12953929,9788964806029,13590,박혜민 지음,로그인,20110829,"13,800","12,420",690점,1528,요리/살림
472,국내도서,중2부터 떨어지는 영어성적 올리는 법,14240172,9788965021391,3740,이승훈 외 지음,지상사,20120109,"14,000","12,600",700점,538,청소년
473,국내도서,서울대를 꿈꾸는 중학생이 꼭 알아야 할 56가지,492057,9788981651176,43370,"김동환 지음, 이일선 그림",국민출판사,20040520,"8,000","7,200",400점,522,청소년
474,국내도서,청의 엑소시스트 7,14357404,9788925290034,7830,카토 카즈에 지음,대원씨아이(만화),20111221,"4,500","4,050",220점,644,만화
475,국내도서,마구,14041185,9788990982452,3830,"히가시노 게이고 지음, 이혁재 옮김",재인,20111201,"14,800","13,320",740점,1332,소설/시/희곡
476,국내도서,쉽게 배우는 만화 캐릭터 데생,6460355,9788959752249,13600,"미도리 후우 지음, 김현영 옮김",한즈미디어(한스미디어),20090223,"7,500","6,750",370점,6825,만화
477,국내도서,99% 학부모가 헛고생하고 있다,14348047,9788996783107,13370,최영석 지음,꿈결,20111230,"15,000","13,500",750점,503,청소년
478,국내도서,하나님의 대사,6269629,9788960971509,3230,김하중,규장(규장문화사),20100125,"12,000","10,800",600점,16327,종교/역학
479,국내도서,로마제국 쇠망사,244478,9788972912019,3920,"에드워드 기번 지음, 데로 손더스 엮음, 황건 옮김",까치,20100503,"23,000","20,700","1,150점",3469,역사
480,국내도서,라비린느 3,14439935,9788964307151,4810,차장유리 지음,어울림출판사,20111228,"8,000","7,200",400점,147,소설/시/희곡
481,국내도서,크래시 코스,13483743,9788959891702,3320,"크리스 마틴슨 지음, 이은주 옮김",미래의창,20111102,"18,000","16,200",900점,208,경제경영
482,국내도서,서른과 마흔 사이,7680613,9788994013220,13320,"오구라 히로시 지음, 박혜령 옮김",토네이도,20100920,"12,000","10,800",600점,5797,자기계발
483,국내도서,살며시 귀 기울이면,14219384,9788962016680,3810,정경하 지음,우신(우신Books),20111215,"5,000","4,500",250점,329,소설/시/희곡
484,국내도서,고구레 사진관 - 상,13997252,9788957076132,3830,"미야베 미유키 지음, 이영미 옮김",네오픽션,20111129,"14,700","13,230",730점,956,소설/시/희곡
485,국내도서,명탐정의 규칙,6897584,9788990982377,3830,"히가시노 게이고 지음, 이혁재 옮김",재인,20100416,"13,800","12,420",690점,4277,소설/시/희곡
486,국내도서,청춘의 독서,4796495,9788901101569,3810,유시민 지음,웅진지식하우스,20091027,"13,800","12,420",690점,17796,인문학
487,국내도서,아이의 사생활,4266601,9788952755988,13590,EBS 아이의 사생활 제작팀 지음,지식채널,20090729,"16,800","15,120",840점,23194,좋은부모
488,국내도서,엑셀 & 파워포인트 2007 무작정 따라하기,2454583,9788975607608,3000,박미정.박은진 지음,길벗,20080814,"18,000","16,200",900점,5944,컴퓨터/모바일
489,국내도서,나무,1951458,9788932907871,3860,"베르나르 베르베르 지음, 이세욱 옮김, 뫼비우스 그림",열린책들,20080301,"15,800","14,220",790점,12842,소설/시/희곡
490,국내도서,통기타 초보 두근두근 기타 소개팅 시즌 1,7780498,9788996480600,13670,레몬트리 지음,플러그뮤직,20100818,"15,000","13,500",750점,2772,예술/대중문화
491,국내도서,공부하는 독종이 살아남는다,3353784,9788961888110,3320,이시형 지음,중앙books(중앙북스),20090310,"13,000","11,700",650점,12460,자기계발
492,국내도서,모리와 함께한 화요일,6310620,9788952213211,3840,"미치 앨봄 지음, 공경희 옮김",살림,20100127,"10,800","9,720",540점,9727,에세이
493,국내도서,[연하도서] 나를 아는 지혜,14271253,9788992264372,3800,문요한 지음,한국표준협회미디어,20111210,"2,500","2,250",120점,181,에세이
494,국내도서,그리고 아무도 없었다,350931,9788938201010,4800,"애거서 크리스티 지음, 이가형 옮김",해문출판사,20020525,"12,000","10,800",600점,27811,소설/시/희곡
495,국내도서,부드러운 양상추,13753113,9788973812608,3830,"에쿠니 가오리 지음, 김난주 옮김",(주)태일소담출판사,20111114,"12,000","10,800",600점,1964,에세이
496,국내도서,생각의 탄생,905727,9788995688991,3180,"로버트 루트번스타인 외 지음, 박종성 옮김",에코의서재,20070502,"27,500","24,750","1,370점",32178,인문학
497,국내도서,서울대 텝스 관리위원회 최신기출 1200 문제집 (해설집 별매),11081951,9788957975343,18740,서울대학교 TEPS 관리위원회,넥서스,20110321,"19,500","17,550",970점,1517,외국어
498,국내도서,딴짓의 재발견,14264543,9788994353135,3400,"니콜라 비트코프스키 지음, 양진성 옮김",애플북스,20111219,"13,000","11,700",650점,384,인문학
499,국내도서,한국사 능력 검정시험 경향과 대책 초급 5급 6급,7736321,9788909160872,13900,한국사능력검정시험연구회 엮음,교학사,20100825,"12,000","10,800",600점,3432,수험서/자격증
500,국내도서,모파상 단편선,687953,9788931005387,3860,"기 드 모파상 지음, 김동현.김사행 옮김",문예출판사,20060915,"8,000","7,200",400점,3425,소설/시/희곡
501,국내도서,내 인생 최악의 학교,13963752,9788983946843,3840,"제임스 패터슨 & 크리스 테베츠 지음, 김상우 옮김, 로라 박 그림","미래인(미래M&B,미래엠앤비)",20111210,"10,000","9,000",500점,720,청소년
502,국내도서,죽음의 수용소에서 (양장),579646,9788936803261,3180,"빅터 프랭클 지음, 이시형 옮김",청아출판사,20050810,"12,000","10,800",600점,21275,인문학
503,국내도서,기탄 수학 F단계 2집,199590,9788989425762,74410,기탄교육연구소 엮음,기탄교육,20020220,"5,000","4,500",250점,17183,
504,국내도서,자기주장의 기술,6420237,9788962601855,3320,"수 비숍 지음, 신승미 옮김",비즈니스맵,20100226,"12,000","10,800",600점,387,자기계발
505,국내도서,화성에서 온 남자 금성에서 온 여자,668139,9788990514400,3840,"존 그레이 지음, 김경숙 옮김",동녘라이프(친구미디어),20060630,"13,000","11,700",650점,18466,요리/살림
506,국내도서,사라진 스푼,13618668,9788956055510,3430,"샘 킨 지음, 이충호 옮김",해나무,20111028,"20,000","18,000",200점,4961,과학
507,국내도서,오오쿠 7,14468499,9788926327265,47830,요시나가 후미 지음,서울미디어코믹스(서울문화사),20111230,"6,000","5,400",300점,730,만화
508,국내도서,2012 시나공 워드프로세서 필기 (구 1급),13526361,9788966182039,13000,강윤석 외 지음,길벗,20111014,"16,000","14,400",800점,1020,컴퓨터/모바일
509,국내도서,스베덴보리의 위대한 선물,3199475,9788993285826,3200,"임마누엘 스베덴보리 지음, 스베덴보리 연구회 엮음",다산초당,20090204,"16,000","14,400",800점,11254,종교/역학
510,국내도서,종로점 머그컵,14249541,,,,,20111213,"1,000",950,50점,26,
511,국내도서,과학자의 서재,12677078,9788976776747,3810,최재천 지음,명진출판사,20110805,"15,000","13,500",750점,3738,청소년
512,국내도서,양자역학의 법칙,13864001,9788959792511,13400,"Transnational College of LEX 지음, 강현정 옮김, 곽영직 감수",Gbrain(지브레인),20111122,"39,000","35,100","1,950점",1832,과학
513,국내도서,2011 출제경향이 한눈에 보이는 증권투자상담사 최종정리문제집,12485561,9788966130368,13320,와우패스 교수진 엮음,와우패스,20110712,"30,000","27,000","1,500점",467,수험서/자격증
514,국내도서,비폭력 대화,8728996,9788996104858,3180,"마셜 로젠버그 지음, 캐서린 한 옮김",한국NVC출판사,20110124,"16,000","14,400",800점,10759,인문학
515,국내도서,공중그네,536717,9788956601021,3830,"오쿠다 히데오 지음, 이영미 옮김",은행나무,20050115,"17,000","15,300",850점,47282,소설/시/희곡
516,국내도서,작아도 기분 좋은 일본의 땅콩집,13807088,9788992053525,13590,"주부의 친구사 엮음, 박은지 옮김, 이현욱 감수",마티,20111109,"18,000","16,200",900점,1384,요리/살림
517,국내도서,부모 심리 아이 심리,12637432,9788965180319,13370,황상민 지음,경향미디어,20110805,"13,000","11,700",650점,1341,좋은부모
518,국내도서,고승덕의 ABCD 성공법,14103315,9788996753001,3360,고승덕 지음,마켓데일리주식회사(개미들),20111125,"18,000","16,200",900점,1435,자기계발
519,국내도서,파페포포 안단테,895020,9788970650982,7810,심승현 지음,홍익,20070328,"8,900","8,010",440점,7690,만화
520,국내도서,꼭짓점 토익 적중실전 1000제 RC 문제집 (10회분 모의고사 + 모의 토익 다운로드 + 온라인 단어장 + MP3 파일 + 저자직강 2만원 할인쿠폰),14130103,9788917211573,13590,도금선 지음,THETEXT A YBM COMPANY,20111220,"11,000","9,900",550점,876,외국어
521,국내도서,수업이 바뀌면 학교가 바뀐다,13985967,9788956089515,3370,"사토 마나부 지음, 손우정 옮김",에듀니티,20111110,"11,000","9,900",550점,2160,사회과학
522,국내도서,아홉살 인생,6268489,9788972782810,3810,위기철 지음,청년사,20100120,"12,000","10,800",600점,9878,소설/시/희곡
523,국내도서,모르면 당한다!! 황당매너 51,1017701,9788960860582,3320,조관일 지음,위즈덤하우스,20071128,"10,000","9,000",500점,431,자기계발
524,국내도서,총 균 쇠 (무선 제작),615014,9788970127248,3900,"제레드 다이아몬드 지음, 김진준 옮김",문학사상,20051219,"28,000","25,200","1,400점",66846,인문학
525,국내도서,시민을 위한 부산의 역사,433212,9788989205579,93900,부경역사연구소 엮음,도서출판선인(선인문화사),20030830,"12,000","12,000",0점,69,역사
526,국내도서,세상에서 제일 쉽게 치루는 손님 초대요리,4063402,9788901095981,14290,웅진리빙하우스 편집부 지음,웅진리빙하우스,20090528,"3,000","2,700",150점,716,요리/살림
527,국내도서,잠수네 아이들의 소문난 영어공부법 : 입문로드맵,7826353,9788925540269,4740,이신애 지음,랜덤하우스코리아,20101001,"13,500","12,150",670점,3572,좋은부모
528,국내도서,눈맞춤의 힘,14035301,9788950931834,3300,"마이클 엘스버그 지음, 변영옥 옮김",21세기북스,20111129,"13,500","12,150",670점,326,자기계발
529,국내도서,너무 일찍 나이 들어버린 너무 늦게 깨달아버린,585850,9788901051659,4840,"고든 리빙스턴 지음, 노혜숙 옮김",리더스북,20050920,"10,000","9,000",500점,5848,에세이
530,국내도서,빌리 배트 7,14136038,9788925872162,7650,"우라사와 나오키 글.그림, 나가사키 다카시 스토리",학산문화사(만화),20111209,"5,500","4,950",270점,840,만화
531,국내도서,멀리 가려면 함께 가라,4294014,9788901098432,3320,이종선 지음,갤리온,20090805,"17,000","15,300",850점,7752,자기계발
532,국내도서,Chunklink Link English 기본,3242978,9788995899267,53740,이상엽 지음,콘앤콘,20090101,"12,000","10,800",600점,418,외국어
533,국내도서,아이앰 어 히어로 7,14440280,9788925290287,7830,하나자와 켄고 지음,대원씨아이(만화),20111228,"4,800","4,320",240점,442,만화
534,국내도서,청소년을 위한 택리지,644322,9788974832797,43980,"이중환 지음, 김흥식 옮김",서해문집,20060424,"8,500","7,650",420점,1144,청소년
535,국내도서,시와 찬미 9,7213864,9788993325300,3230,SFC출판부 엮음,SFC출판부(학생신앙운동출판부),20100615,"11,000","9,900",550점,1881,종교/역학
536,국내도서,셜록 홈즈 전집 양장 세트 - 전9권 (2판),383268,9788982734083,4840,"아서 코난 도일 지음, 백영미 옮김",황금가지,20021010,"60,000","54,000","3,000점",15136,소설/시/희곡
537,국내도서,"스무 살, 절대 지지 않기를",8678774,9788901117157,3810,이지성 지음,리더스북,20110209,"13,000","11,700",650점,4422,에세이
538,국내도서,블리치 51,14313998,9788926327746,47830,쿠보 타이토 지음,서울미디어코믹스(서울문화사),20111221,"4,500","4,050",220점,424,만화
539,국내도서,미국에서 태어난 게 잘못이야,13492996,9788960511811,3330,"토머스 게이건 지음, 한상연 옮김",부키,20111019,"15,000","13,500",900점,1835,사회과학
540,국내도서,학교란 무엇인가 2,13565903,9788927802631,14590,EBS &lt;학교란 무엇인가&gt; 제작팀 엮음,중앙books(중앙북스),20111020,"14,800","13,320",740점,1800,좋은부모
541,국내도서,통通박사 조병호의 성경과 고대정치,13607941,9788992247542,3230,조병호 지음,통독원(땅에쓰신글씨),20111107,"17,000","15,300",850점,1296,종교/역학
542,국내도서,생각하지 않는 사람들,8729495,9788935208647,3320,"니콜라스 카 지음, 최지향 옮김",청림출판,20110219,"15,000","13,500",750점,5191,경제경영
543,국내도서,아웃라이어,3010785,9788934933151,3320,"말콤 글래드웰 지음, 노정태 옮김, 최인철 감수",김영사,20090115,"13,000","11,700",650점,25364,경제경영
544,국내도서,다크니스 모어 댄 나잇,14328100,9788925545356,3840,"마이클 코넬리 지음, 김승욱 옮김",랜덤하우스코리아,20111219,"14,000","12,600",700점,460,소설/시/희곡
545,국내도서,국어 교과서 작품 읽기 고등 소설 - 하 (최신판),8060692,9788936458164,43810,서덕희 외 엮음,창비,20131125,"11,000","9,900",550점,2606,청소년
546,국내도서,보이 29,14454226,9788926319550,,야마자키 타카코 지음,서울미디어코믹스(서울문화사),20111229,"4,500","4,050",220점,236,만화
547,국내도서,이상한 나라의 앨리스,1026231,9788992632126,3810,"루이스 캐롤 지음, 김양미 옮김, 김민지 그림",인디고(글담),20080105,"12,800","11,520",640점,5721,소설/시/희곡
548,국내도서,존중력 연습,14095960,9788984056657,3300,"르네 보르보누스 지음, 김세나 옮김",더난출판사,20111130,"13,000","11,700",650점,331,자기계발
549,국내도서,하나님의 대사 3,14417158,9788960972476,4230,김하중,규장(규장문화사),20111225,"12,000","10,800",600점,3476,종교/역학
550,국내도서,헬프 1,11771854,9788954614757,4840,"캐서린 스토켓 지음, 정연희 옮김",문학동네,20110527,"15,000","13,500",750점,2549,소설/시/희곡
551,국내도서,격몽요결,404307,9788932420684,3190,"이율곡 지음, 이민수 옮김",을유문화사,20030310,"10,000","9,000",500점,6561,인문학
552,국내도서,2011 펀드투자상담사 최종정리문제집 제1과목 펀드일반,12631449,9788966130399,14320,와우패스 교수진 엮음,와우패스,20110729,"13,000","11,700",650점,257,수험서/자격증
553,국내도서,연을 쫓는 아이,7939553,9788972754824,3840,"할레드 호세이니 지음, 왕은철 옮김",현대문학,20101020,"13,500","12,150",670점,12212,소설/시/희곡
554,국내도서,비교하지 않는 삶,14003807,9788991197909,13300,"오구라 히로시 지음, 백소현 옮김",KD Books(케이디북스),20111210,"12,000","10,800",600점,546,자기계발
555,국내도서,행복은 혼자 오지 않는다,7610260,9788956603599,3320,"에카르트 폰 히르슈하우젠 지음, 박규호 옮김",은행나무,20100830,"17,000","15,300",850점,4666,자기계발
556,국내도서,커피는 원래 쓰다,14273831,9788996356233,13570,박우현 지음,이스퀘어,20111224,"12,000","10,800",600점,379,요리/살림
557,국내도서,영어 회화 핵심패턴 233 (교재 + MP3 CD 1장 + 훈련용 소책자),11006615,9788960472723,3740,백선엽 지음,길벗이지톡,20110314,"15,800","14,220",790점,3638,외국어
558,국내도서,문학 교과서 작품 읽기 : 소설 필수편(상),14258321,9788936458256,43810,류대성 외 엮음,창비,20111210,"11,000","9,900",550점,752,청소년
559,국내도서,꼭 먹여야 할 12-36개월 밥상,12651858,9788964710395,13590,정현미 (모모맘) 지음,미디어윌,20110810,"13,800","12,420",690점,3399,요리/살림
560,국내도서,2012 한자능력검정시험 3급,14154405,9788994281568,13700,한국어문교육연구회 지음,한국어문교육연구회,20111206,"20,000","18,000","1,000점",876,외국어
561,국내도서,Step up MOS 2007 Excel Expert,11152918,9788960415690,18560,YBM시사닷컴 MOS 교재개발팀 지음,(주)YBM(와이비엠),20110310,"13,000","11,700",650점,1520,컴퓨터/모바일
562,국내도서,십시일反,427677,9788936470838,7810,박재동 외 지음,창비,20030805,"13,000","11,700",650점,14105,만화
563,국내도서,미국 패권의 역사,14264176,9788974834999,3940,"브루스 커밍스 지음, 박진빈.김동노.임종명 옮김",서해문집,20111220,"45,000","40,500","2,250점",280,사회과학
564,국내도서,2012 한자능력검정시험 5급,14269609,9788994281575,13700,한국어문교육연구회 지음,한국어문교육연구회,20120102,"13,000","11,700",650점,377,수험서/자격증
565,국내도서,톨스토이 단편선 1,612062,9788958560760,4890,"레프 니콜라예비치 톨스토이 지음, 권희정.김은경 옮김, 이일선 그림",인디북(인디아이),20051223,"10,000","9,000",500점,14717,소설/시/희곡
566,국내도서,퇴마록 1 : 세계편,14263263,9788954616713,4810,이우혁 지음,엘릭시르,20111224,"17,000","15,300",850점,2319,소설/시/희곡
567,국내도서,별 다섯 인생,14083915,9788955616231,3810,홍윤(물만두) 지음,바다출판사,20111213,"12,000","10,800",600점,485,에세이
568,국내도서,1984,418906,9788937460777,4840,"조지 오웰 지음, 정회성 옮김",민음사,20030616,"11,000","9,900",550점,62219,소설/시/희곡
569,국내도서,How to TEPS 실전 700 - 독해편,8756371,9788957974728,13740,오정우.넥서스텝스연구팀 지음,NEXUS Edu (넥서스 에듀),20110130,"19,000","17,100",950점,1296,외국어
570,국내도서,지금 이 순간을 살아라,2502422,9788987203959,3840,"에크하르트 톨레 지음, 노혜숙.유영일 옮김",양문,20080902,"12,500","11,250",620점,21577,에세이
571,국내도서,요시오의 하늘 1,13874745,9788974427672,17830,"air dive 지음, 이지현 옮김",매일경제신문사,20111212,"8,500","7,650",420점,457,만화
572,국내도서,생각의 지도,482703,9788934914488,3300,"리처드 니스벳 지음, 최인철 옮김",김영사,20040413,"12,900","11,610",640점,20743,인문학
573,국내도서,관세음보살보문품,13667,,,선문 편집부 엮음,선문출판사,19930901,"3,000","2,700",150점,242,종교/역학
574,국내도서,우리 자연 우리의 삶,8800489,9788918250724,93980,권혁재 지음,법문사,20110110,"19,000","19,000",950점,96,대학교재/전문서적
575,국내도서,엄마 학교,688116,9788990611291,3370,서형숙 지음,큰솔,20060915,"12,000","10,800",600점,13181,좋은부모
576,국내도서,[펄보라] 예배용 어린이 성경 개역개정판 중(中) - 단본.색인,7230667,9788904008094,3230,생명의말씀사 편집부 엮음,생명의말씀사,20100515,"18,000","16,200",900점,198,종교/역학
577,국내도서,차홍의 셀프 동안 헤어법,12148721,9788965180302,13590,차홍 지음,경향미디어,20110720,"14,500","13,050",720점,2619,요리/살림
578,국내도서,여자라면 힐러리처럼 (양장),6245174,9788963701059,3320,이지성 지음,다산라이프,20100121,"12,000","10,800",600점,1736,자기계발
579,국내도서,위대한 개츠비,417997,9788937460753,4840,"F. 스콧 피츠제럴드 지음, 김욱동 옮김",민음사,20101208,"9,000","8,100",450점,35489,소설/시/희곡
580,국내도서,화내지 않고 내 아이 키우기,11082455,9788965180227,13370,신철희 지음,경향에듀(경향미디어),20110310,"12,000","10,800",600점,4827,좋은부모
581,국내도서,장미가족의 포토샵 CS4 무작정 따라하기,4511839,9788975608568,3000,이영주 외 지음,길벗,20090905,"23,000","20,700","1,150점",1354,컴퓨터/모바일
582,국내도서,한강 - 전10권 세트,3500977,9788973378302,4810,조정래 지음,해냄,20080828,"138,000","124,200","6,900점",1730,소설/시/희곡
583,국내도서,하해여관,14448674,9788964355138,3810,김성희 지음,사회평론,20120105,"15,000","13,500",750점,131,소설/시/희곡
584,국내도서,눈앞에 없는 사람,12793455,9788932022291,3810,심보선 지음,문학과지성사,20110809,"12,000","10,800",600점,4810,소설/시/희곡
585,국내도서,소드 아트 온라인 7,13851601,9788926326244,4830,"카와하라 레키 지음, 김완 옮김, abec 그림",서울문화사,20111110,"7,000","6,300",350점,3510,소설/시/희곡
586,국내도서,하나님을 만난 사람들 1,941927,9788985447522,43230,권지현 지음,글로벌틴미니스트리(지티엠),20070629,"2,000","2,000",0점,619,종교/역학
587,국내도서,박사가 사랑한 수식,502045,9788957090251,3830,"오가와 요코 지음, 김난주 옮김",이레,20040705,"12,800","11,520",640점,15112,소설/시/희곡
588,국내도서,서라벌 밝은 달,14095953,9788964492383,3800,허기 지음,좋은땅,20111130,"8,000","7,200",400점,172,에세이
589,국내도서,갈등해결 길라잡이,7786844,9788993225297,3300,박태순 지음,해피스토리,20100924,"13,000","11,700",650점,80,자기계발
590,국내도서,소리치지 않고 화내지 않고 초등학생 공부시키기,7126656,9788976777072,3370,고봉익.오혜정 지음,명진출판사,20100610,"12,800","11,520",640점,4309,좋은부모
591,국내도서,리버 보이,999466,9788992555487,3830,"팀 보울러 지음, 정해영 옮김",놀(다산북스),20071020,"9,000","8,100",450점,19046,청소년
592,국내도서,"나는 아직, 어른이 되려면 멀었다",7413772,9788934940067,3810,강세형 지음,김영사,20100715,"11,000","9,900",550점,7312,에세이
593,국내도서,ETS TOEIC VOCA 30일 완성 (교재 + CD-ROM 1장),8265264,9788917208214,18740,ETS 지음,와이비엠,20101130,"14,000","12,600",700점,2913,외국어
594,국내도서,큰별쌤 최태성의 한눈에 사로잡는 한국사 전근대편,14343043,9788975278761,14900,최태성 지음,들녘,20111219,"17,000","15,300",850점,1120,청소년
595,국내도서,무한의 주인 28,14424073,9788925291512,7830,히로아키 사무라 지음,대원씨아이(만화),20111227,"4,800","4,320",240점,255,만화
596,국내도서,오 헨리 단편선,646763,9788931005363,3840,"0. 헨리 지음, 이성호 옮김",문예출판사,20060510,"8,000","7,200",400점,1291,소설/시/희곡
597,국내도서,디자인 가계부 2012,14394151,8809332970195,1,스펙트럼북스 편집부 엮음,스펙트럼북스,20111220,"12,800","11,520",120점,451,요리/살림
598,국내도서,해석이론 스타트 - 전2권 (개념잡기 + 문장연습),14022040,9788994617084,54740,박상준 지음,잉글리시비주얼,20111205,"28,000","25,200","1,400점",1059,외국어
599,국내도서,그 남자를 사랑해도 될까요?,14186422,9788960602250,13180,이종호 지음,원앤원북스,20111220,"14,000","12,600",700점,234,자기계발
600,국내도서,왜 종교는 과학이 되려 하는가,14335291,9788955616286,3400,"리처드 도킨스 외 지음, 존 브록만 엮음, 김명주 옮김",바다출판사,20120103,"15,000","13,500",750점,1242,과학
601,국내도서,유대인의 자녀교육 38,14116717,9788981652241,3190,"박미영 지음, 이일선 그림",국민출판사,20111128,"13,000","11,700",650점,291,좋은부모
602,국내도서,햄릿,168036,9788937460036,4800,"윌리엄 세익스피어 지음, 최종철 옮김",민음사,19980805,"7,000","6,300",350점,17853,소설/시/희곡
603,국내도서,"결정적 순간, 나를 살리는 한마디 말",6800802,9788993635164,3320,"마티아스 뇔케 지음, 장혜경 옮김",갈매나무,20100420,"12,000","10,800",600점,1320,자기계발
604,국내도서,다리 다이어트,3807299,9788991360815,13510,"사이토 미에코 지음, 김하경 옮김",보누스,20090604,"6,500","5,850",320점,2171,건강/취미
605,국내도서,분노하라,11918421,9788971994290,3340,"스테판 에셀 지음, 임희근 옮김",돌베개,20110607,"6,000","5,400",300점,9182,사회과학
606,국내도서,복수의 거울,14293300,9788941334835,4840,"린 그레이엄 지음, 김효원 옮김",신영미디어,20111226,"5,200","4,680",260점,137,소설/시/희곡
607,국내도서,"청년이여, 마르크스를 읽자",14078196,9788990809407,3300,"우치다 타츠루 & 이시카와 야스히로 지음, 김경원 옮김",갈라파고스,20111202,"12,000","10,800",600점,1444,사회과학
608,국내도서,리스펙트,7017883,9788960862548,3320,"데보라 노빌 지음, 김순미 옮김",위즈덤하우스,20100507,"12,000","10,800",600점,761,자기계발
609,국내도서,누구나 10kg 뺄 수 있다,634346,9788915049291,13510,유태우 지음,삼성출판사,20060316,"9,500","8,550",470점,9755,건강/취미
610,국내도서,돼지가 한 마리도 죽지 않던 날 (반양장),565495,9788958280927,43840,"로버트 뉴턴 펙 지음, 김옥수 옮김",사계절,20050627,"9,000","8,100",450점,12810,청소년
611,국내도서,2011 펀드투자상담사 최종정리문제집 제2과목 파생상품펀드,12631471,9788966130405,14320,와우패스 교수진 엮음,와우패스,20110729,"10,000","9,000",500점,284,수험서/자격증
612,국내도서,토마토 TOEIC Finish 1000제 Listening (advanced test 3회분 포함 + 복습 어휘장 + 어휘 MP3 무료 다운로드),8268156,9788959976232,13740,김학인 외 지음,능률교육,20101201,"12,000","10,800",600점,2285,외국어
613,국내도서,거꾸로 읽는 세계사,2227082,9788974140472,3900,유시민 지음,푸른나무,20080605,"13,000","11,700",650점,8541,역사
614,국내도서,세계의 오케스트라,14257785,9788986377439,3670,"헤르베르트 하프너 지음, 홍은정 옮김",경당,20111220,"39,000","35,100","1,950점",756,예술/대중문화
615,국내도서,내 이름은 망고,11863784,9788936456368,43810,추정경 지음,창비,20110531,"13,000","11,700",650점,5671,청소년
616,국내도서,장자,125533,9788932309774,3150,오강남 옮기고 해설,현암사,19990115,"15,000","13,500",750점,12641,인문학
617,국내도서,앨빈 토플러 청소년 부의 미래,916635,9788935206902,3320,"앨빈 토플러.하이디 토플러 지음, 이노을 엮음, 유남영 그림, 김주현 감수",청림출판,20070520,"12,800","11,520",640점,7065,청소년
618,국내도서,"문재인, 김인회의 검찰을 생각한다",13874633,9788996687528,3300,문재인.김인회 지음,오월의봄,20111123,"17,000","15,300",850점,1491,사회과학
619,국내도서,보건의약관계법규,13593126,9788958820734,93510,대한간호협회 편집부 지음,대한간호협회,20111024,"15,000","15,000",450점,70,대학교재/전문서적
620,국내도서,현근이의 자기주도 학습법,936522,9788991731196,13000,김현근 지음,예담,20070716,"12,000","10,800",600점,8272,청소년
621,국내도서,달에 울다,4190887,9788957074565,3830,"마루야마 겐지 지음, 한성례 옮김",자음과모음(이룸),20090703,"9,900","8,910",490점,1586,소설/시/희곡
622,국내도서,페러그린과 이상한 아이들의 집,14075642,9788993094558,3840,"랜섬 릭스 지음, 이진 옮김",폴라북스(현대문학),20111130,"14,000","12,600",700점,3692,소설/시/희곡
623,국내도서,뱃살사냥꾼 3대 무기,14356437,9788965290186,13510,이희성 지음,씽크스마트,20120102,"12,000","10,800",600점,414,건강/취미
624,국내도서,좋은 문장 나쁜 문장,4409872,9788952212221,4080,송준호 지음,살림,20090801,"9,800","8,820",490점,1507,인문학
625,국내도서,English Re-Start Real Talking : 잉글리시 리스타트 리얼토킹,11473136,9788901121406,14740,"Ellie Oh& Anna Yang & Tasia Kim 지음, 이다 그림",NEWRUN(뉴런),20110426,"12,000","10,800",600점,3067,외국어
626,국내도서,2011 펀드투자상담사 최종정리문제집 제3과목 부동산펀드,12631482,9788966130412,14320,와우패스 교수진 엮음,와우패스,20110729,"10,000","9,000",500점,310,수험서/자격증
627,국내도서,"사자소통, 네 글자로 끝내라",14325158,9788965700470,3320,이남훈 지음,쌤앤파커스,20111227,"15,000","13,500",750점,338,자기계발
628,국내도서,모든 그리스도인을 위한 영적전쟁,7529837,9788955363586,3230,"딘 셔만 지음, 이상신 옮김",예수전도단,20100726,"11,000","9,900",550점,2293,종교/역학
629,국내도서,메시지 신약,11475862,9788963600390,3230,"유진 피터슨 지음, 김순현 외 옮김, 김영봉 감수",복있는사람,20110429,"17,000","15,300",850점,13511,종교/역학
630,국내도서,열혈강의 C 언어 본색,8466106,9788965400066,13560,박정민 지음,프리렉,20110105,"24,000","21,600","1,200점",4447,컴퓨터/모바일
631,국내도서,퓨처 워커 세트 - 전4권,14394559,9788960172890,4810,이영도 지음,황금가지,20111208,"55,000","49,500","2,750점",1561,소설/시/희곡
632,국내도서,2012 Pass 통합영어 - 전5권,12931735,9788959531165,13740,신성일 지음,네오시스,20110831,"53,000","47,700","2,650점",480,수험서/자격증
633,국내도서,"해커스 토플 액츄얼 테스트 리딩 (Hackers iBT TOEFL Actual Test Reading) (모의고사 CD, 단어 암기&지문 녹음 MP3 무료제공)",2287995,9788990700544,13740,해커스어학연구소 편집부 엮음,해커스어학연구소(Hackers),20080626,"19,500","17,550",970점,4560,외국어
634,국내도서,칼과 황홀,13355737,9788954616287,3810,성석제 지음,문학동네,20111007,"13,800","12,420",690점,1230,에세이
635,국내도서,1026,6330243,9788993964141,3810,김진명 지음,새움,20100301,"13,800","12,420",690점,4795,소설/시/희곡
636,국내도서,"비그포르스, 복지 국가와 잠정적 유토피아",13582028,9788970138022,4300,홍기빈 지음,책세상,20111020,"19,000","17,100",950점,1399,사회과학
637,국내도서,알뜰주부를 위한 플러스 가계부,13923784,9788964090138,23590,윤미디어 편집부 엮음,윤미디어,20140101,"8,000","7,200",400점,307,달력/기타
638,국내도서,글쓰기의 공중부양,1020825,9788973378937,3810,이외수 지음,해냄,20071215,"13,800","12,420",690점,4866,인문학
639,국내도서,세계사를 보다 세트 - 전3권,6511125,9788991759800,14900,박찬영.버질 힐라이어 지음,리베르스쿨,20100101,"44,400","39,960","2,220점",734,청소년
640,국내도서,물만두의 추리 책방,14085485,9788955616248,3810,홍윤(물만두) 지음,바다출판사,20111213,"17,800","16,020",890점,604,소설/시/희곡
641,국내도서,신과 함께 : 이승편 상.하 세트 - 전2권,13846203,9788959194186,7810,주호민 지음,애니북스,20111111,"24,000","21,600","1,200점",2379,만화
642,국내도서,미세레레 1,13907322,9788954615532,4860,"장 크리스토프 그랑제 지음, 이세욱 옮김",문학동네,20111201,"13,000","11,700",650점,381,소설/시/희곡
643,국내도서,나는 하나님의 가능성이고 싶다 2,14313323,9788953116900,3230,조현영 지음,두란노,20111219,"11,000","9,900",550점,509,종교/역학
644,국내도서,경제학 콘서트,621284,9788901054889,3320,"팀 하포드 지음, 김명철 옮김",웅진지식하우스,20060205,"13,000","11,700",650점,23736,경제경영
645,국내도서,"교사들이여, 절대로 가르치지 마라",8709438,9788953114807,3230,김인환 지음,두란노,20110125,"10,000","9,000",500점,3884,종교/역학
646,국내도서,나쁜 교실,961983,9788901068589,3370,"야마와키 유키코 지음, 김현희 옮김, 엄효용 사진",웅진주니어,20070718,"9,000","8,100",450점,648,좋은부모
647,국내도서,파인애플 스토리,2928489,9788996050704,3230,"IBLP 지음, 김두화 옮김",아이비엘피코리아,20080101,"6,000","5,400",300점,1940,종교/역학
648,국내도서,베이비 위스퍼,303591,9788984071070,4590,"트레이시 호그, 멜리다 블로우 지음, 노혜숙 옮김, 김수연 감수",세종(세종서적),20011030,"18,000","16,200",900점,14313,좋은부모
649,국내도서,내 생의 중력,13565925,9788932022406,3810,홍정선.강계숙 엮음,문학과지성사,20111018,"12,000","10,800",600점,1714,소설/시/희곡
650,국내도서,브레이킹 던,4092522,9788937832543,3840,"스테프니 메이어 지음, 윤정숙 옮김",북폴리오,20090615,"16,000","14,400",800점,16237,소설/시/희곡
651,국내도서,3분,11823067,9788936017514,3230,"토드 버포.린 빈센트 지음, 유정희 옮김",크리스천석세스,20110527,"13,000","11,700",650점,4563,종교/역학
652,국내도서,가짜 이야기 - 상,13706597,9788925873602,4830,"니시오 이신 지음, 현정수 옮김, VOFAN 그림",파우스트박스,20111101,"12,000","10,800",600점,2629,소설/시/희곡
653,국내도서,트와일라잇 특별판 세트 - 전4권,14048544,9788937833526,13840,"스테프니 메이어 지음, 변용란.윤정숙 옮김",북폴리오,20111125,"66,000","59,400","3,300점",631,소설/시/희곡
654,국내도서,해커스 텝스 Basic Reading,6029819,9788990700810,13740,David Cho 지음,해커스어학연구소(Hackers),20100104,"20,900","18,810","1,040점",3327,외국어
655,국내도서,명화의 거짓말,14084632,9788937833519,3650,"나카노 교코 지음, 이연식 옮김",북폴리오,20111220,"14,000","12,600",700점,395,예술/대중문화
656,국내도서,해커스 리스닝 인트로 (Hackers Listening Intro),1030979,9788990700483,18740,해커스어학연구소 지음,해커스어학연구소(Hackers),20080102,"14,900","13,410",740점,9391,외국어
657,국내도서,밥상머리의 작은 기적,6165666,9788901105406,13590,SBS 스페셜 제작팀 지음,리더스북,20100127,"15,000","13,500",750점,7882,좋은부모
658,국내도서,패미맛! 5,14423407,9788965267126,4830,"쿠베 켄지 지음, 문우성 옮김, 츠루사키 타카히로 그림",영상출판미디어(주),20120101,"6,000","5,400",60점,192,소설/시/희곡
659,국내도서,코바늘 손뜨개,12600263,9788952762474,13590,"NHK출판사 편집부 지음, 조경자 옮김, 최현정 사진",미호,20110720,"10,000","9,000",500점,3366,건강/취미
660,국내도서,장수경의 삼원소 영문법 - 전3권,3658042,9788996241614,13740,장수경 지음,삼원소어학연구소,20090417,"34,000","32,300","1,700점",2662,외국어
661,국내도서,끌림,7332337,9788993928181,3810,이병률 지음,달,20100701,"15,000","13,500",750점,14355,에세이
662,국내도서,좀비 서바이벌 가이드,13706752,9788960172494,3840,"맥스 브룩스 지음, 장성주 옮김",황금가지,20111028,"15,000","13,500",750점,3457,소설/시/희곡
663,국내도서,호모 코레아니쿠스,875025,9788901062839,3100,진중권 지음,웅진지식하우스,20070115,"13,000","11,700",650점,5128,인문학
664,국내도서,수레바퀴 아래서,292110,9788937460500,4850,"헤르만 헤세 지음, 김이섭 옮김",민음사,20010810,"8,000","7,200",400점,30455,소설/시/희곡
665,국내도서,꼭짓점 토익 적중실전 1000제 LC 문제집 (10회분 모의고사 + 모의 토익 다운로드 + 온라인 단어장 + MP3 파일 + 저자직강 2만원 할인쿠폰),14130065,9788917211535,13570,도금선 지음,THETEXT A YBM COMPANY,20120102,"10,000","9,000",500점,1376,외국어
666,국내도서,허영만 맛있게 잘 쉬었습니다,13595857,9788994909202,13810,허영만.이호준 지음,가디언,20111027,"13,000","11,700",650점,3498,여행
667,국내도서,불편해도 괜찮아,7358213,9788936471897,3300,김두식 지음,창비,20100709,"18,000","16,200",900점,12068,사회과학
668,국내도서,내 인생의 스프링 캠프,937237,9788949120768,43810,정유정 지음,비룡소,20070701,"14,000","12,600",700점,9223,청소년
669,국내도서,2012 윤승현 중등 심층면접,14103475,9788957184585,93370,윤승현 지음,열린교육,20111128,"25,000","23,750","1,250점",254,수험서/자격증
670,국내도서,쇼핑의 과학,245722,9788984070394,3320,"파코 언더힐 지음, 신현승 옮김",세종(세종서적),20000810,"12,000","10,800",600점,2132,경제경영
671,국내도서,내일로 기차로,12018004,9788994939032,13980,권다현 지음,TERRA(테라출판사),20110620,"16,500","14,850",820점,1234,여행
672,국내도서,재스퍼 존스가 문제다,7544125,9788963720272,3840,"크레이그 실비 지음, 문세원 옮김",양철북,20100813,"14,000","12,600",700점,465,소설/시/희곡
673,국내도서,How to TEPS 실전 700 - 청해편,8658609,9788957974711,18740,강소영.넥서스텝스연구소 지음,NEXUS Edu (넥서스 에듀),20110120,"16,000","14,400",800점,1024,외국어
674,국내도서,스터디 코드,672794,9788959868704,3000,조남호 지음,랜덤하우스코리아,20060728,"12,000","10,800",600점,4085,청소년
675,국내도서,평생 살 안찌는 몸 만들기,3946080,9788970907116,13510,신현대 지음,동아일보사,20090525,"10,000","9,000",500점,5111,건강/취미
676,국내도서,영어 천재가 된 홍 대리,3235740,9788993285673,3320,박정원 지음,다산라이프,20090216,"15,000","13,500",750점,6664,자기계발
677,국내도서,해커스 리딩 인트로 (Hackers Reading Intro),1030987,9788990700506,13740,해커스어학연구소 지음,해커스어학연구소(Hackers),20080102,"9,900","8,910",490점,12180,외국어
678,국내도서,스무살에 알았더라면 좋았을 것들,7114952,9788901108384,3320,"티나 실리그 지음, 이수경 옮김",엘도라도,20100621,"12,000","10,800",600점,14104,자기계발
679,국내도서,누가 내 치즈를 옮겼을까?,7731227,9788980104611,3840,"스펜서 존슨 지음, 이영진 옮김",진명출판사,20000301,"9,000","8,100",450점,1242,자기계발
680,국내도서,생명과학,2538146,9788992709101,93470,"닐 캠벨 외 지음, 전상학 옮김",바이오사이언스,20080901,"60,000","60,000","3,000점",2800,대학교재/전문서적
681,국내도서,앙코르 내 인생,14292114,9788994418339,3810,조선일보 앙코르 내 인생 팀 지음,더숲,20111222,"13,500","12,150",670점,187,에세이
682,국내도서,종이로 사라지는 숲 이야기,4881410,9788996160441,3530,"맨디 하기스 지음, 이경아 외 옮김",상상의숲,20091110,"14,000","12,600",700점,722,사회과학
683,국내도서,유배지에서 보낸 편지,4815007,9788936471712,3810,"정약용 지음, 박석무 엮음",창비,20091019,"12,000","10,800",600점,9798,소설/시/희곡
684,국내도서,국어시간에 세계단편소설 읽기 1,4303046,9788993041231,43800,"전국국어교사모임 엮음, 송무 외 옮김, 최아영 그림",나라말,20090801,"8,000","7,200",400점,944,청소년
685,국내도서,공부는 내게 희망의 끈이었다,11990889,9788976040671,13810,구본석 지음,문예춘추사,20110620,"8,000","7,200",400점,1528,청소년
686,국내도서,듀이 : 세계를 감동시킨 도서관 고양이,3085980,9788901091693,3840,"비키 마이런.브렛 위터 지음, 배유정 옮김",갤리온,20090202,"13,000","11,700",650점,9436,에세이
687,국내도서,나를 버리다,6885293,9788927800309,3810,박지성 지음,중앙books(중앙북스),20100506,"13,000","11,700",650점,7260,에세이
688,국내도서,시골의사의 아름다운 동행 1,13364715,9788901131207,4810,박경철 지음,리더스북,20111001,"13,000","11,700",650점,2790,에세이
689,국내도서,화해,13691976,9788974797638,3180,"틱낫한 지음, 진우기 옮김",불광출판사,20111031,"17,000","15,300",850점,2129,인문학
690,국내도서,오래된 미래,1011162,9788961880848,3810,"헬레나 노르베리-호지 지음, 양희승 옮김",중앙books(중앙북스),20071115,"12,000","10,800",600점,10981,사회과학
691,국내도서,대한민국 7대 미스터리 - 전10권,7003941,9788993964639,3810,김진명 지음,새움,20100301,"127,000","114,300","6,350점",345,소설/시/희곡
692,국내도서,4개의 통장,3029790,9788993285550,3320,고경호 지음,다산북스,20090110,"16,000","14,400",800점,33395,경제경영
693,국내도서,그림으로 읽는 生生 심리학,2062214,9788991995383,3320,이소라 지음,이밥차(그리고책),20080418,"11,000","9,900",550점,3333,인문학
694,국내도서,생각한다는 것,6734392,9788994407005,43100,"고병권 지음, 정문주.정지혜 그림",너머학교,20100331,"13,000","11,700",650점,11182,청소년
695,국내도서,천년의 금서,3672194,9788988537015,3810,김진명 지음,새움,20090520,"13,800","12,420",690점,13280,소설/시/희곡
696,국내도서,맨큐의 경제학,4416531,9788993995015,93320,"그레고리 맨큐 지음, 김경환 & 김종석 옮김",교보문고(교재),20090821,"35,000","35,000","1,050점",3616,대학교재/전문서적
697,국내도서,쎄느강은 좌우를 나누고 한강은 남북을 가른다,2217939,9788984312654,3810,홍세화 지음,한겨레출판,20080531,"12,000","10,800",600점,1822,사회과학
698,국내도서,개미 1 (양장),265429,9788932903507,7889329035,"베르나르 베르베르 지음, 이세욱 옮김",열린책들,20010130,"15,800","14,220",790점,13604,소설/시/희곡
699,국내도서,똑똑한 아이 낳는 태교 동화,11639282,9788965130901,13590,글공작소 지음,아름다운사람들,20110527,"15,000","13,500",750점,3573,좋은부모
700,국내도서,소나기,6402302,9788979521146,3810,황순원 지음,맑은소리,20100210,"7,000","6,300",350점,6394,소설/시/희곡
701,국내도서,How to TEPS 실전 800 - 독해편,933372,9788960002517,13740,한정림 지음,넥서스,20070610,"22,000","19,800","1,100점",3404,외국어
702,국내도서,통通박사 조병호의 성경과 고대전쟁,12931143,9788992247535,3230,조병호 지음,통독원(땅에쓰신글씨),20110901,"17,000","15,300",850점,2119,종교/역학
703,국내도서,창가의 토토,233350,9788991503007,3830,"구로야나기 테츠코 지음, 김난주 옮김, 이와사키 치히로 그림",프로메테우스,20040129,"11,000","9,900",550점,43114,소설/시/희곡
704,국내도서,낚시하는 소녀,14239843,9788972755791,3810,전성태 외 지음,현대문학,20111212,"13,000","11,700",650점,472,소설/시/희곡
705,국내도서,부자들의 음모,7624109,9788990872968,3320,"로버트 기요사키 지음, 윤영삼 옮김",흐름출판,20100823,"16,000","14,400",800점,6379,경제경영
706,국내도서,뚝딱! 나물이네 쉬운 집밥,11515855,9788927802143,13590,김용환 지음,중앙books(중앙북스),20110427,"13,000","11,700",650점,1464,요리/살림
707,국내도서,정세현의 정세토크,8138102,9788974834500,3300,"정세현 지음, 황준호 정리",서해문집,20101112,"15,000","13,500",750점,814,사회과학
708,국내도서,책 읽는 청춘에게,7086686,9788994197104,3800,우석훈 외 지음,북로그컴퍼니,20100527,"12,000","10,800",600점,762,인문학
709,국내도서,뇌 태교 동화,930427,9788925509846,3590,김성수 지음,랜덤하우스코리아,20070615,"15,000","13,500",750점,2736,좋은부모
710,국내도서,[연하도서] 365일 긍정의 시간,13822557,9788991824362,3810,"곽동언 엮음, 송진욱 그림",나무한그루,20111111,"3,800","3,420",190점,589,에세이
711,국내도서,어찌 이방이 사또를 치리오,526308,9788958280439,43170,김광수 지음,사계절,20041110,"13,200","11,880",660점,2981,청소년
712,국내도서,EFT로 낫지 않는 통증은 없다,14385519,9788935703531,3510,최인원 지음,정신세계사,20111223,"14,000","12,600",700점,786,건강/취미
713,국내도서,나도 성경을 마음에 새길 수 있다 (상),7626256,9788962850482,43230,이지은 지음,대가,20100825,"5,500","4,950",270점,97,종교/역학
714,국내도서,MD Vocabulary 33000,191112,9788995039908,13740,문덕 지음,지수,20060301,"28,000","25,200","1,400점",7939,외국어
715,국내도서,원피스 63,13222910,9788925286310,7830,오다 에이이치로 지음,대원씨아이(만화),20110923,"5,000","4,500",250점,2971,만화
716,국내도서,고민하는 힘,3442976,9788958283560,3300,"강상중 지음, 이경덕 옮김",사계절,20090327,"11,000","9,900",550점,7421,인문학
717,국내도서,기본영어,23465,9788986811001,53740,정치근 지음,경심사,20080120,"15,000","14,250",750점,3388,외국어
718,국내도서,정말 기독교는 비겁할까?,13879298,9788957315545,3230,"디이트리히 본회퍼 지음, 만프레드 베버 엮음, 정현숙 옮김",국제제자훈련원(DMI.디엠출판유통),20111125,"9,000","8,100",450점,1803,종교/역학
719,국내도서,성경이 만든 사람,540648,9788904110728,3230,전광 지음,생명의말씀사,20050131,"15,000","13,500",750점,6833,종교/역학
720,국내도서,옛편지 낱말사전,14250251,9788971994542,91300,하영휘 외 엮음,돌베개,20111212,"40,000","36,000","2,000점",816,인문학
721,국내도서,상실의 시대,72797,9788970123691,3830,"무라카미 하루키 지음, 유유정 옮김",문학사상사,20001002,"15,000","13,500",750점,34381,소설/시/희곡
722,국내도서,가장 쉬운 프랑스어 첫걸음의 모든것 : 회화편.문법편,11611823,9788983007803,13760,주장수 지음,동양북스(동양문고),20140105,"17,000","15,300",850점,7616,외국어
723,국내도서,2012 이기적in 컴퓨터활용능력 2급 필기 기본서 & 무료 동영상 (자주 출제되는 기출문제 + 최신 기출문제),14231425,9788931441260,13000,"박윤정, 영진정보연구소 지음",영진.com(영진닷컴),20111209,"17,000","15,300",850점,339,컴퓨터/모바일
724,국내도서,불을 가지고 노는 소녀 1,9181899,9788901117324,4850,"스티그 라르손 지음, 임호경 옮김",뿔(웅진),20110222,"13,000","11,700",650점,3029,소설/시/희곡
725,국내도서,토킹어바웃,7626007,9788960491687,13740,김학용 지음,사람in,20100914,"15,000","13,500",750점,117,외국어
726,국내도서,보도 섀퍼의 돈,410811,9788919205013,3320,"보도 섀퍼 지음, 이병서 옮김",에포케,20110517,"16,700","15,030",830점,50922,경제경영
727,국내도서,손도끼,271971,9788971967867,43840,"게리 폴슨 지음, 김민석 옮김",사계절,20010328,"8,800","7,920",440점,19105,청소년
728,국내도서,"다시, 집을 순례하다",14335929,9788993178135,13540,"나카무라 요시후미 지음, 정영희 옮김",사이,20111219,"25,000","22,500","1,250점",571,예술/대중문화
729,국내도서,오주석의 한국의 美 특강,397183,9788981335991,3900,오주석 지음,솔출판사,20050525,"25,000","22,500","1,250점",14487,예술/대중문화
730,국내도서,1일 10분 지하철 영어회화,3656654,9788993688023,13740,김은정 지음,투리북스,20090510,"8,500","7,650",420점,129,외국어
731,국내도서,"예술, 법을 만나다",6588252,9788988350980,3600,박홍규 지음,이다미디어,20100325,"18,000","16,200",900점,400,예술/대중문화
732,국내도서,가까운 사람들과 편하게 지내는 법,14124336,9788959372621,3810,김선희 지음,나무생각,20111212,"12,800","11,520",640점,541,인문학
733,국내도서,사역훈련 - 전3권,2631006,9788957312322,3230,옥한흠 지음,국제제자훈련원(DMI.디엠출판유통),20070122,"9,000","8,100",450점,47,종교/역학
734,국내도서,신공략 중국어 (책 + CD 1장),613093,9788959955077,18720,"마전비.소영하.적염 지음, 변형우.강필임 옮김",다락원,20051229,"12,500","11,250",620점,5498,외국어
735,국내도서,관중과 공자,13576953,9788958285816,4100,강신주 지음,사계절,20111103,"16,500","14,850",820점,1510,인문학
736,국내도서,"멈추지 마, 다시 꿈부터 써봐",6920838,9788901107585,3810,김수영 지음,웅진지식하우스,20100430,"12,000","10,800",600점,14126,자기계발
737,국내도서,잠수네 아이들의 소문난 영어공부법 : 실천로드맵,8232993,9788925540979,4740,이신애 지음,랜덤하우스코리아,20101201,"13,500","12,150",670점,2799,좋은부모
738,국내도서,로마 모자 미스터리,14012808,9788952763389,4840,"엘러리 퀸 지음, 이기원 옮김",검은숲,20111201,"13,000","11,700",650점,922,소설/시/희곡
739,국내도서,내 어린고양이와 늙은개,13726620,9788937833441,7810,초(정솔) 글.그림,북폴리오,20111109,"12,000","10,800",600점,2433,만화
740,국내도서,나는 하나님 성품의 아이가 되고 싶어요,7037132,9788957881392,73230,"길버트 비어스 지음, 서진희.우수명 옮김, 최윤서 그림",엔씨디(NCD),20100515,"10,000","9,000",500점,378,종교/역학
741,국내도서,인맥에 강한 아이로 키워라,12076018,9788959136339,13000,양광모 지음,예담,20110622,"12,000","10,800",600점,313,좋은부모
742,국내도서,우리 고전소설 한마당,448997,9788976700476,43810,박지원 외 지음,혜문서관,20031217,"12,000","10,800",600점,2681,청소년
743,국내도서,일곱 개의 고양이 눈,8560013,9788957075418,3810,최제훈 지음,자음과모음(이룸),20110126,"13,000","11,700",650점,1856,소설/시/희곡
744,국내도서,포니의 시크릿 메이크업 북,7780544,9788964803950,13590,박혜민 지음,로그인,20100914,"12,800","11,520",640점,2988,요리/살림
745,국내도서,2012 이기적in 컴퓨터활용능력 1급 실기 기본서 Office 2007 & 무료 동영상,13441713,9788931441314,13000,박윤정.서승완.영진정보연구소 지음,영진.com(영진닷컴),20111015,"32,000","28,800","1,600점",301,컴퓨터/모바일
746,국내도서,국어 교과서 작품 읽기 중2 수필 (2014년),8060609,9788936458133,43810,김수현 외 엮음,창비,20131125,"10,000","9,000",500점,2173,청소년
747,국내도서,Try again! 중학교 교과서로 다시 시작하는 영어회화,493693,9788990279286,3740,이근철 지음,길벗이지톡,20040530,"19,800","17,820",990점,7820,외국어
748,국내도서,2012 7.9급 재정국어 기출문제집 - 전2권,14172151,9788956089416,14710,김재정 엮음,웅진패스원,20111215,"35,000","31,500","1,750점",458,수험서/자격증
749,국내도서,영어 스피킹 훈련 실천 다이어리 (책 + MP3 CD 1장),13686951,9788960492783,18740,박광희.캐나다 교사 영낭훈 연구팀 지음,사람in,20111108,"24,000","21,600","1,200점",706,외국어
750,국내도서,빌 브라이슨 발칙한 유럽산책,2107049,9788950913618,3840,"빌 브라이슨 지음, 권상미 옮김",21세기북스,20080430,"13,800","12,420",690점,12619,에세이
751,국내도서,욕쟁이 예수,6781903,9788952213822,3230,박총 지음,살림,20100405,"11,000","9,900",550점,1144,종교/역학
752,국내도서,고독의 위로,13489648,9788962603675,3180,"앤터니 스토 지음, 이순영 옮김",책읽는수요일,20111013,"16,000","14,400",800점,2533,인문학
753,국내도서,주홍색 연구,14369895,9788994343518,3830,"아리스가와 아리스 지음, 김선영 옮김",비채,20111221,"12,000","10,800",600점,219,소설/시/희곡
754,국내도서,비즈니스 매직,14085525,9788981443283,3830,"나카무라 신지 지음, 김준 옮김",시아출판사,20111129,"12,000","10,800",600점,63,경제경영
755,국내도서,다산선생 지식경영법,859911,9788934923503,3810,정민 지음,김영사,20061125,"28,000","25,200","1,400점",10515,인문학
756,국내도서,생각지도 못한 생각지도,13616811,9788994747071,13320,유영만 지음,위너스북,20111110,"15,000","13,500",750점,957,자기계발
757,국내도서,군주론,2170271,9788972914440,3340,"니콜로 마키아벨리 지음, 강정인.김경희 옮김",까치,20080520,"8,000","7,200",400점,6022,사회과학
758,국내도서,김동환의 다니엘 학습법,982219,9788991319967,13230,김동환 지음,고즈윈,20070910,"11,800","10,620",590점,2489,청소년
759,국내도서,아무도 펼쳐보지 않는 책,14248003,9788936437213,3810,김미월 지음,창비,20111212,"13,000","11,700",650점,498,소설/시/희곡
760,국내도서,파리대왕,344077,9788937460197,4840,"윌리엄 골딩 지음, 유종호 옮김",민음사,20020325,"9,000","8,100",450점,24733,소설/시/희곡
761,국내도서,"엄마, 힘들 땐 울어도 괜찮아",472332,9788950906313,7810,"김상복 지음, 장차현실 그림",21세기북스,20040310,"8,500","7,650",420점,3190,좋은부모
762,국내도서,사라진 소녀들,12684325,9788901127507,3850,"안드레아스 빙켈만 지음, 서유리 옮김",뿔(웅진),20110810,"13,800","12,420",690점,1380,소설/시/희곡
763,국내도서,유리가면 47,14015763,9788925288543,7830,미우치 스즈에 지음,대원씨아이(만화),20111123,"4,500","4,050",220점,1584,만화
764,국내도서,코스모스,870950,9788983711892,3400,"칼 세이건 지음, 홍승수 옮김",사이언스북스,20061220,"19,900","17,910",990점,135834,과학
765,국내도서,생각하는 미친놈,14075179,9788996746409,3300,박서원 지음,센추리원,20111128,"15,000","13,500",750점,1102,자기계발
766,국내도서,2012 가계북,13822555,,13590,그리고책 편집부 엮음,이밥차(그리고책),20111104,"15,000","13,500",750점,132,달력/기타
767,국내도서,EBS 공부의 왕도 2,14006748,9788991731585,13370,EBS 공부의 왕도 제작팀 지음,예담Friend,20111125,"14,000","12,600",700점,709,청소년
768,국내도서,한국의 CSI,14285448,9788996687634,3300,표창원.유제설 지음,북라이프,20111230,"13,800","12,420",690점,1380,사회과학
769,국내도서,마르크스 사용 설명서,14261779,9788962630602,3300,"다니엘 벤사이드 지음, 양영란 옮김, 샤르브 그림",에코리브르,20111212,"14,000","12,600",700점,559,사회과학
770,국내도서,네이티브는 알고 우리는 모르는 영단어의 비밀,3542319,9788950917159,13740,"고지마 요시로.Leapin Lizards 지음, 이수경 옮김",21세기북스,20090401,"12,000","10,800",600점,287,외국어
771,국내도서,시골의사의 부자경제학,13395351,9788901131221,3320,박경철 지음,리더스북,20111010,"22,000","19,800","1,100점",4444,경제경영
772,국내도서,EBS 공부의 왕도,8441236,9788991731516,13000,EBS 공부의 왕도 제작팀 지음,예담Friend,20101230,"14,000","12,600",700점,3999,청소년
773,국내도서,사자소학,6622342,9788978961523,3700,장재석 편역,법인문화사,20100309,"7,000","7,000",0점,170,인문학
774,국내도서,무신론자를 위한 종교,13076347,9788986836431,3840,"알랭 드 보통 지음, 박중서 옮김",청미래,20110926,"14,000","12,600",700점,3018,에세이
775,국내도서,몸에 밴 어린시절,50477,9788932109060,3180,"W. 휴 미실다인 지음, 이석규 외 옮김",가톨릭출판사,20050805,"13,500","12,150",670점,3827,인문학
,,,,,,,,,,,,,
,,,,,,,,,,,,,
,,좋은 책을 고르는 방법,알라딘!! www.aladin.co.kr,,,,,,,,,,