ItemId,used_idx,delivery fee,price,quality,url
100010,1,2500,3900,중,https://www.aladin.co.kr/shop/wproduct.aspx?ItemId=288402859
100010,2,2500,3900,중,https://www.aladin.co.kr/shop/wproduct.aspx?ItemId=283043719
105869,1,2500,2400,최상,https://www.aladin.co.kr/shop/wproduct.aspx?ItemId=311187444
106472,1,2500,3500,중,https://www.aladin.co.kr/shop/wproduct.aspx?ItemId=312607690
106472,2,2500,3900,중,https://www.aladin.co.kr/shop/wproduct.aspx?ItemId=324367550
106472,3,2500,4000,상,https://www.aladin.co.kr/shop/wproduct.aspx?ItemId=314905986
106472,4,2500,4000,중,https://www.aladin.co.kr/shop/wproduct.aspx?ItemId=342715353
106472,5,2500,4000,중,https://www.aladin.co.kr/shop/wproduct.aspx?ItemId=337075716
106472,6,2500,4100,상,https://www.aladin.co.kr/shop/wproduct.aspx?ItemId=342721541
106472,7,2500,4100,상,https://www.aladin.co.kr/shop/wproduct.aspx?ItemId=341939376
107339,1,2500,2900,중,https://www.aladin.co.kr/shop/wproduct.aspx?ItemId=335534562
107339,2,2500,4300,중,https://www.aladin.co.kr/shop/wproduct.aspx?ItemId=340776790
110525,1,2500,4100,중,https://www.aladin.co.kr/shop/wproduct.aspx?ItemId=333345812
116004,1,2500,1000,중,https://www.aladin.co.kr/shop/wproduct.aspx?ItemId=121535174
116004,2,2500,1000,중,https://www.aladin.co.kr/shop/wproduct.aspx?ItemId=101247404
116004,3,2500,2700,중,https://www.aladin.co.kr/shop/wproduct.aspx?ItemId=275650642
116004,4,2500,4500,중,https://www.aladin.co.kr/shop/wproduct.aspx?ItemId=276135974
116004,5,2500,4500,중,https://www.aladin.co.kr/shop/wproduct.aspx?ItemId=274677523
116800,1,2500,4600,중,https://www.aladin.co.kr/shop/wproduct.aspx?ItemId=339116936
116800,2,2500,4800,상,https://www.aladin.co.kr/shop/wproduct.aspx?ItemId=342336892
116800,3,2500,5400,중,https://www.aladin.co.kr/shop/wproduct.aspx?ItemId=338629843
116800,4,2500,5700,상,https://www.aladin.co.kr/shop/wproduct.aspx?ItemId=342899856
122785,1,2500,3800,상,https://www.aladin.co.kr/shop/wproduct.aspx?ItemId=342606749
122785,10,2500,5500,상,https://www.aladin.co.kr/shop/wproduct.aspx?ItemId=341984422
122785,11,2500,5600,중,https://www.aladin.co.kr/shop/wproduct.aspx?ItemId=341628222
122785,12,2500,5600,중,https://www.aladin.co.kr/shop/wproduct.aspx?ItemId=341094315
122785,13,2500,6300,상,https://www.aladin.co.kr/shop/wproduct.aspx?ItemId=341895673
122785,14,2500,6300,중,https://www.aladin.co.kr/shop/wproduct.aspx?ItemId=342522115
122785,15,2500,7600,최상,https://www.aladin.co.kr/shop/wproduct.aspx?ItemId=342456495
122785,2,2500,3800,상,https://www.aladin.co.kr/shop/wproduct.aspx?ItemId=341882790
122785,3,2500,4200,중,https://www.aladin.co.kr/shop/wproduct.aspx?ItemId=342359426
122785,4,2500,4200,중,https://www.aladin.co.kr/shop/wproduct.aspx?ItemId=342346842
122785,5,2500,4800,중,https://www.aladin.co.kr/shop/wproduct.aspx?ItemId=340517241
122785,6,2500,4900,상,https://www.aladin.co.kr/shop/wproduct.aspx?ItemId=342374596
122785,7,2500,4900,상,https://www.aladin.co.kr/shop/wproduct.aspx?ItemId=342243391
122785,8,2500,4900,상,https://www.aladin.co.kr/shop/wproduct.aspx?ItemId=341681078
122785,9,2500,5200,중,https://www.aladin.co.kr/shop/wproduct.aspx?ItemId=342486655
128759,1,2500,3500,중,https://www.aladin.co.kr/shop/wproduct.aspx?ItemId=330259548
128759,2,2500,3500,중,https://www.aladin.co.kr/shop/wproduct.aspx?ItemId=321382443
128759,3,2500,3600,중,https://www.aladin.co.kr/shop/wproduct.aspx?ItemId=341142969
128759,4,2500,3600,중,https://www.aladin.co.kr/shop/wproduct.aspx?ItemId=340264128
128759,5,2500,3600,중,https://www.aladin.co.kr/shop/wproduct.aspx?ItemId=338525062
128759,6,2500,3700,상,https://www.aladin.co.kr/shop/wproduct.aspx?ItemId=329624910
131488,1,2500,4000,중,https://www.aladin.co.kr/shop/wproduct.aspx?ItemId=332334729
131488,10,2500,5800,중,https://www.aladin.co.kr/shop/wproduct.aspx?ItemId=333371626
131488,11,2500,6000,상,https://www.aladin.co.kr/shop/wproduct.aspx?ItemId=335008550
131488,12,2500,6200,최상,https://www.aladin.co.kr/shop/wproduct.aspx?ItemId=333815158
131488,13,2500,6800,최상,https://www.aladin.co.kr/shop/wproduct.aspx?ItemId=285839695
131488,14,2500,6800,중,https://www.aladin.co.kr/shop/wproduct.aspx?ItemId=331638098
131488,15,2500,7100,상,https://www.aladin.co.kr/shop/wproduct.aspx?ItemId=330683074
131488,2,2500,4000,중,https://www.aladin.co.kr/shop/wproduct.aspx?ItemId=316625030
131488,3,2500,4300,상,https://www.aladin.co.kr/shop/wproduct.aspx?ItemId=333526789
131488,4,2500,4800,중,https://www.aladin.co.kr/shop/wproduct.aspx?ItemId=331156920
131488,5,2500,4900,중,https://www.aladin.co.kr/shop/wproduct.aspx?ItemId=335335448
131488,6,2500,5100,상,https://www.aladin.co.kr/shop/wproduct.aspx?ItemId=335550258
131488,7,2500,5500,상,https://www.aladin.co.kr/shop/wproduct.aspx?ItemId=307066587
131488,8,2500,5500,상,https://www.aladin.co.kr/shop/wproduct.aspx?ItemId=295805305
131488,9,2500,5600,최상,https://www.aladin.co.kr/shop/wproduct.aspx?ItemId=291962238
134224,1,2500,4600,상,https://www.aladin.co.kr/shop/wproduct.aspx?ItemId=342749461
134224,2,2500,5600,중,https://www.aladin.co.kr/shop/wproduct.aspx?ItemId=342842762
134224,3,2500,5600,중,https://www.aladin.co.kr/shop/wproduct.aspx?ItemId=342709955
136765,1,2500,3200,중,https://www.aladin.co.kr/shop/wproduct.aspx?ItemId=267005935
136765,10,2500,4100,상,https://www.aladin.co.kr/shop/wproduct.aspx?ItemId=321383497
136765,11,2500,4100,중,https://www.aladin.co.kr/shop/wproduct.aspx?ItemId=335915664
136765,2,2500,3400,중,https://www.aladin.co.kr/shop/wproduct.aspx?ItemId=312150246
136765,3,2500,3500,중,https://www.aladin.co.kr/shop/wproduct.aspx?ItemId=333494444
136765,4,2500,3500,중,https://www.aladin.co.kr/shop/wproduct.aspx?ItemId=333343934
136765,5,2500,3600,중,https://www.aladin.co.kr/shop/wproduct.aspx?ItemId=310747680
136765,6,2500,3800,상,https://www.aladin.co.kr/shop/wproduct.aspx?ItemId=310906126
136765,7,2500,3900,중,https://www.aladin.co.kr/shop/wproduct.aspx?ItemId=313177274
136765,8,2500,4000,최상,https://www.aladin.co.kr/shop/wproduct.aspx?ItemId=310747700
136765,9,2500,4000,중,https://www.aladin.co.kr/shop/wproduct.aspx?ItemId=320783536
155121,1,2500,2000,중,https://www.aladin.co.kr/shop/wproduct.aspx?ItemId=278831621
155121,2,2500,2000,중,https://www.aladin.co.kr/shop/wproduct.aspx?ItemId=278341079
155121,3,2500,2100,중,https://www.aladin.co.kr/shop/wproduct.aspx?ItemId=298602411
155121,4,2500,2300,중,https://www.aladin.co.kr/shop/wproduct.aspx?ItemId=329734296
155121,5,2500,2300,중,https://www.aladin.co.kr/shop/wproduct.aspx?ItemId=326319028
155121,6,2500,2400,상,https://www.aladin.co.kr/shop/wproduct.aspx?ItemId=329545984
155121,7,2500,2400,상,https://www.aladin.co.kr/shop/wproduct.aspx?ItemId=325146438
155121,8,2500,2400,중,https://www.aladin.co.kr/shop/wproduct.aspx?ItemId=333018245
156723,1,2500,2100,중,https://www.aladin.co.kr/shop/wproduct.aspx?ItemId=337201169
156723,10,2500,2900,상,https://www.aladin.co.kr/shop/wproduct.aspx?ItemId=329523400
156723,11,2500,2900,중,https://www.aladin.co.kr/shop/wproduct.aspx?ItemId=337258724
156723,12,2500,2900,중,https://www.aladin.co.kr/shop/wproduct.aspx?ItemId=336180592
156723,13,2500,2900,중,https://www.aladin.co.kr/shop/wproduct.aspx?ItemId=334162728
156723,14,2500,3000,상,https://www.aladin.co.kr/shop/wproduct.aspx?ItemId=336302854
156723,15,2500,3000,상,https://www.aladin.co.kr/shop/wproduct.aspx?ItemId=335573550
156723,2,2500,2100,중,https://www.aladin.co.kr/shop/wproduct.aspx?ItemId=337201113
156723,3,2500,2100,중,https://www.aladin.co.kr/shop/wproduct.aspx?ItemId=335470727
156723,4,2500,2200,상,https://www.aladin.co.kr/shop/wproduct.aspx?ItemId=334950717
156723,5,2500,2200,상,https://www.aladin.co.kr/shop/wproduct.aspx?ItemId=334176820
156723,6,2500,2600,중,https://www.aladin.co.kr/shop/wproduct.aspx?ItemId=236654422
156723,7,2500,2800,중,https://www.aladin.co.kr/shop/wproduct.aspx?ItemId=325537665
156723,8,2500,2800,중,https://www.aladin.co.kr/shop/wproduct.aspx?ItemId=320576403
156723,9,2500,2800,중,https://www.aladin.co.kr/shop/wproduct.aspx?ItemId=318943357
168173,1,2500,1400,중,https://www.aladin.co.kr/shop/wproduct.aspx?ItemId=279036316
168173,2,2500,1500,중,https://www.aladin.co.kr/shop/wproduct.aspx?ItemId=304935050
182653,1,2500,1500,중,https://www.aladin.co.kr/shop/wproduct.aspx?ItemId=305250844
189821,1,2500,2900,중,https://www.aladin.co.kr/shop/wproduct.aspx?ItemId=306555538
189821,10,2500,3500,중,https://www.aladin.co.kr/shop/wproduct.aspx?ItemId=328718120
189821,11,2500,3500,중,https://www.aladin.co.kr/shop/wproduct.aspx?ItemId=325434483
189821,12,2500,3500,중,https://www.aladin.co.kr/shop/wproduct.aspx?ItemId=320605706
189821,13,2500,3600,중,https://www.aladin.co.kr/shop/wproduct.aspx?ItemId=342806710
189821,14,2500,3600,중,https://www.aladin.co.kr/shop/wproduct.aspx?ItemId=341675830
189821,2,2500,3100,중,https://www.aladin.co.kr/shop/wproduct.aspx?ItemId=290328251
189821,3,2500,3200,중,https://www.aladin.co.kr/shop/wproduct.aspx?ItemId=320059896
189821,4,2500,3200,중,https://www.aladin.co.kr/shop/wproduct.aspx?ItemId=310233488
189821,5,2500,3200,중,https://www.aladin.co.kr/shop/wproduct.aspx?ItemId=301911088
189821,6,2500,3300,중,https://www.aladin.co.kr/shop/wproduct.aspx?ItemId=341131356
189821,7,2500,3400,중,https://www.aladin.co.kr/shop/wproduct.aspx?ItemId=309941270
189821,8,2500,3400,중,https://www.aladin.co.kr/shop/wproduct.aspx?ItemId=304862030
189821,9,2500,3400,중,https://www.aladin.co.kr/shop/wproduct.aspx?ItemId=287693692
189823,1,2500,3100,중,https://www.aladin.co.kr/shop/wproduct.aspx?ItemId=290392494
189823,10,2500,3600,중,https://www.aladin.co.kr/shop/wproduct.aspx?ItemId=339808408
189823,11,2500,3600,중,https://www.aladin.co.kr/shop/wproduct.aspx?ItemId=339164978
189823,12,2500,3600,중,https://www.aladin.co.kr/shop/wproduct.aspx?ItemId=337779784
189823,13,2500,3600,중,https://www.aladin.co.kr/shop/wproduct.aspx?ItemId=335496089
189823,14,2500,3800,중,https://www.aladin.co.kr/shop/wproduct.aspx?ItemId=329824799
189823,2,2500,3200,중,https://www.aladin.co.kr/shop/wproduct.aspx?ItemId=300012716
189823,3,2500,3400,중,https://www.aladin.co.kr/shop/wproduct.aspx?ItemId=310798756
189823,4,2500,3500,중,https://www.aladin.co.kr/shop/wproduct.aspx?ItemId=328718118
189823,5,2500,3500,중,https://www.aladin.co.kr/shop/wproduct.aspx?ItemId=320605699
189823,6,2500,3500,중,https://www.aladin.co.kr/shop/wproduct.aspx?ItemId=318045475
189823,7,2500,3600,중,https://www.aladin.co.kr/shop/wproduct.aspx?ItemId=342806711
189823,8,2500,3600,중,https://www.aladin.co.kr/shop/wproduct.aspx?ItemId=341675829
189823,9,2500,3600,중,https://www.aladin.co.kr/shop/wproduct.aspx?ItemId=341131354
190184,1,2500,3000,중,https://www.aladin.co.kr/shop/wproduct.aspx?ItemId=304002743
190184,10,2500,3800,중,https://www.aladin.co.kr/shop/wproduct.aspx?ItemId=317924050
190184,11,2500,3800,중,https://www.aladin.co.kr/shop/wproduct.aspx?ItemId=315130309
190184,12,2500,3900,중,https://www.aladin.co.kr/shop/wproduct.aspx?ItemId=341237625
190184,13,2500,3900,중,https://www.aladin.co.kr/shop/wproduct.aspx?ItemId=341042440
190184,14,2500,3900,중,https://www.aladin.co.kr/shop/wproduct.aspx?ItemId=339839554
190184,15,2500,4000,상,https://www.aladin.co.kr/shop/wproduct.aspx?ItemId=336861387
190184,2,2500,3000,중,https://www.aladin.co.kr/shop/wproduct.aspx?ItemId=301869155
190184,3,2500,3000,중,https://www.aladin.co.kr/shop/wproduct.aspx?ItemId=289068395
190184,4,2500,3300,중,https://www.aladin.co.kr/shop/wproduct.aspx?ItemId=331371259
190184,5,2500,3300,중,https://www.aladin.co.kr/shop/wproduct.aspx?ItemId=320379066
190184,6,2500,3400,중,https://www.aladin.co.kr/shop/wproduct.aspx?ItemId=342214717
190184,7,2500,3400,중,https://www.aladin.co.kr/shop/wproduct.aspx?ItemId=339299113
190184,8,2500,3400,중,https://www.aladin.co.kr/shop/wproduct.aspx?ItemId=337964313
190184,9,2500,3400,중,https://www.aladin.co.kr/shop/wproduct.aspx?ItemId=308004563
190187,1,2500,3000,중,https://www.aladin.co.kr/shop/wproduct.aspx?ItemId=308004564
190187,10,2500,3500,상,https://www.aladin.co.kr/shop/wproduct.aspx?ItemId=332224385
190187,11,2500,3600,상,https://www.aladin.co.kr/shop/wproduct.aspx?ItemId=304768622
190187,12,2500,3800,중,https://www.aladin.co.kr/shop/wproduct.aspx?ItemId=326367933
190187,13,2500,3800,중,https://www.aladin.co.kr/shop/wproduct.aspx?ItemId=319509121
190187,14,2500,3800,중,https://www.aladin.co.kr/shop/wproduct.aspx?ItemId=315130300
190187,15,2500,4000,상,https://www.aladin.co.kr/shop/wproduct.aspx?ItemId=333508917
190187,2,2500,3000,중,https://www.aladin.co.kr/shop/wproduct.aspx?ItemId=299345426
190187,3,2500,3300,중,https://www.aladin.co.kr/shop/wproduct.aspx?ItemId=331371257
190187,4,2500,3300,중,https://www.aladin.co.kr/shop/wproduct.aspx?ItemId=331115756
190187,5,2500,3300,중,https://www.aladin.co.kr/shop/wproduct.aspx?ItemId=330263789
190187,6,2500,3300,중,https://www.aladin.co.kr/shop/wproduct.aspx?ItemId=314366468
190187,7,2500,3400,중,https://www.aladin.co.kr/shop/wproduct.aspx?ItemId=308981528
190187,8,2500,3400,중,https://www.aladin.co.kr/shop/wproduct.aspx?ItemId=302249461
190187,9,2500,3400,중,https://www.aladin.co.kr/shop/wproduct.aspx?ItemId=287917909
190190,1,2500,3300,중,https://www.aladin.co.kr/shop/wproduct.aspx?ItemId=325759106
190190,10,2500,3900,중,https://www.aladin.co.kr/shop/wproduct.aspx?ItemId=341042438
190190,11,2500,3900,중,https://www.aladin.co.kr/shop/wproduct.aspx?ItemId=340403141
190190,12,2500,3900,중,https://www.aladin.co.kr/shop/wproduct.aspx?ItemId=340113072
190190,13,2500,3900,중,https://www.aladin.co.kr/shop/wproduct.aspx?ItemId=339839549
190190,14,2500,3900,중,https://www.aladin.co.kr/shop/wproduct.aspx?ItemId=337184749
190190,15,2500,4000,상,https://www.aladin.co.kr/shop/wproduct.aspx?ItemId=334133661
190190,2,2500,3300,중,https://www.aladin.co.kr/shop/wproduct.aspx?ItemId=320379073
190190,3,2500,3400,중,https://www.aladin.co.kr/shop/wproduct.aspx?ItemId=337991041
190190,4,2500,3400,중,https://www.aladin.co.kr/shop/wproduct.aspx?ItemId=337964317
190190,5,2500,3400,중,https://www.aladin.co.kr/shop/wproduct.aspx?ItemId=335070783
190190,6,2500,3400,중,https://www.aladin.co.kr/shop/wproduct.aspx?ItemId=304815350
190190,7,2500,3800,중,https://www.aladin.co.kr/shop/wproduct.aspx?ItemId=324431935
190190,8,2500,3800,중,https://www.aladin.co.kr/shop/wproduct.aspx?ItemId=317718647
190190,9,2500,3800,중,https://www.aladin.co.kr/shop/wproduct.aspx?ItemId=315130312
190191,1,2500,3300,중,https://www.aladin.co.kr/shop/wproduct.aspx?ItemId=331371251
190191,10,2500,3800,중,https://www.aladin.co.kr/shop/wproduct.aspx?ItemId=326367936
190191,11,2500,3800,중,https://www.aladin.co.kr/shop/wproduct.aspx?ItemId=319509123
190191,12,2500,3900,중,https://www.aladin.co.kr/shop/wproduct.aspx?ItemId=339839539
190191,13,2500,3900,중,https://www.aladin.co.kr/shop/wproduct.aspx?ItemId=336801945
190191,14,2500,3900,중,https://www.aladin.co.kr/shop/wproduct.aspx?ItemId=336077670
190191,15,2500,3900,중,https://www.aladin.co.kr/shop/wproduct.aspx?ItemId=335947649
190191,2,2500,3300,중,https://www.aladin.co.kr/shop/wproduct.aspx?ItemId=331115755
190191,3,2500,3300,중,https://www.aladin.co.kr/shop/wproduct.aspx?ItemId=325759107
190191,4,2500,3300,중,https://www.aladin.co.kr/shop/wproduct.aspx?ItemId=314366464
190191,5,2500,3400,중,https://www.aladin.co.kr/shop/wproduct.aspx?ItemId=337964318
190191,6,2500,3400,중,https://www.aladin.co.kr/shop/wproduct.aspx?ItemId=335070785
190191,7,2500,3400,중,https://www.aladin.co.kr/shop/wproduct.aspx?ItemId=302249456
190191,8,2500,3600,상,https://www.aladin.co.kr/shop/wproduct.aspx?ItemId=309798184
190191,9,2500,3700,중,https://www.aladin.co.kr/shop/wproduct.aspx?ItemId=312948734
190192,1,2500,3300,중,https://www.aladin.co.kr/shop/wproduct.aspx?ItemId=324431934
190192,10,2500,3700,중,https://www.aladin.co.kr/shop/wproduct.aspx?ItemId=312948733
190192,11,2500,3800,중,https://www.aladin.co.kr/shop/wproduct.aspx?ItemId=315130299
190192,12,2500,3900,상,https://www.aladin.co.kr/shop/wproduct.aspx?ItemId=321536645
190192,13,2500,3900,중,https://www.aladin.co.kr/shop/wproduct.aspx?ItemId=341042436
190192,14,2500,3900,중,https://www.aladin.co.kr/shop/wproduct.aspx?ItemId=339839550
190192,15,2500,3900,중,https://www.aladin.co.kr/shop/wproduct.aspx?ItemId=336077667
190192,2,2500,3300,중,https://www.aladin.co.kr/shop/wproduct.aspx?ItemId=314366465
190192,3,2500,3400,중,https://www.aladin.co.kr/shop/wproduct.aspx?ItemId=337991043
190192,4,2500,3400,중,https://www.aladin.co.kr/shop/wproduct.aspx?ItemId=337964319
190192,5,2500,3400,중,https://www.aladin.co.kr/shop/wproduct.aspx?ItemId=335070784
190192,6,2500,3400,중,https://www.aladin.co.kr/shop/wproduct.aspx?ItemId=305632397
190192,7,2500,3400,중,https://www.aladin.co.kr/shop/wproduct.aspx?ItemId=302249455
190192,8,2500,3600,상,https://www.aladin.co.kr/shop/wproduct.aspx?ItemId=309798185
190192,9,2500,3600,상,https://www.aladin.co.kr/shop/wproduct.aspx?ItemId=308657680
190194,1,2500,3300,중,https://www.aladin.co.kr/shop/wproduct.aspx?ItemId=331371245
190194,10,2500,3400,중,https://www.aladin.co.kr/shop/wproduct.aspx?ItemId=307972304
190194,11,2500,3400,중,https://www.aladin.co.kr/shop/wproduct.aspx?ItemId=305632398
190194,12,2500,3800,중,https://www.aladin.co.kr/shop/wproduct.aspx?ItemId=318908697
190194,13,2500,3900,중,https://www.aladin.co.kr/shop/wproduct.aspx?ItemId=339839552
190194,14,2500,3900,중,https://www.aladin.co.kr/shop/wproduct.aspx?ItemId=336767097
190194,15,2500,4000,상,https://www.aladin.co.kr/shop/wproduct.aspx?ItemId=340403139
190194,2,2500,3300,중,https://www.aladin.co.kr/shop/wproduct.aspx?ItemId=331115754
190194,3,2500,3300,중,https://www.aladin.co.kr/shop/wproduct.aspx?ItemId=325759109
190194,4,2500,3300,중,https://www.aladin.co.kr/shop/wproduct.aspx?ItemId=316716940
190194,5,2500,3300,중,https://www.aladin.co.kr/shop/wproduct.aspx?ItemId=314366466
190194,6,2500,3400,중,https://www.aladin.co.kr/shop/wproduct.aspx?ItemId=337991045
190194,7,2500,3400,중,https://www.aladin.co.kr/shop/wproduct.aspx?ItemId=337964320
190194,8,2500,3400,중,https://www.aladin.co.kr/shop/wproduct.aspx?ItemId=335070786
190194,9,2500,3400,중,https://www.aladin.co.kr/shop/wproduct.aspx?ItemId=308381116
190195,1,2500,3300,중,https://www.aladin.co.kr/shop/wproduct.aspx?ItemId=331115749
190195,10,2500,3900,중,https://www.aladin.co.kr/shop/wproduct.aspx?ItemId=339839551
190195,2,2500,3300,중,https://www.aladin.co.kr/shop/wproduct.aspx?ItemId=330263794
190195,3,2500,3400,중,https://www.aladin.co.kr/shop/wproduct.aspx?ItemId=339299118
190195,4,2500,3400,중,https://www.aladin.co.kr/shop/wproduct.aspx?ItemId=337991044
190195,5,2500,3800,중,https://www.aladin.co.kr/shop/wproduct.aspx?ItemId=320490183
190195,6,2500,3900,상,https://www.aladin.co.kr/shop/wproduct.aspx?ItemId=323568348
190195,7,2500,3900,중,https://www.aladin.co.kr/shop/wproduct.aspx?ItemId=341237635
190195,8,2500,3900,중,https://www.aladin.co.kr/shop/wproduct.aspx?ItemId=341042434
190195,9,2500,3900,중,https://www.aladin.co.kr/shop/wproduct.aspx?ItemId=340949348
190354,1,2500,3300,중,https://www.aladin.co.kr/shop/wproduct.aspx?ItemId=327790706
190354,10,2500,4100,중,https://www.aladin.co.kr/shop/wproduct.aspx?ItemId=317712176
190354,11,2500,4100,중,https://www.aladin.co.kr/shop/wproduct.aspx?ItemId=317645499
190354,12,2500,4100,중,https://www.aladin.co.kr/shop/wproduct.aspx?ItemId=317205846
190354,13,2500,4100,중,https://www.aladin.co.kr/shop/wproduct.aspx?ItemId=316577288
190354,14,2500,4100,중,https://www.aladin.co.kr/shop/wproduct.aspx?ItemId=316356474
190354,15,2500,4100,중,https://www.aladin.co.kr/shop/wproduct.aspx?ItemId=315379495
190354,2,2500,3500,중,https://www.aladin.co.kr/shop/wproduct.aspx?ItemId=302773503
190354,3,2500,3600,중,https://www.aladin.co.kr/shop/wproduct.aspx?ItemId=283792801
190354,4,2500,3700,중,https://www.aladin.co.kr/shop/wproduct.aspx?ItemId=312405430
190354,5,2500,3700,중,https://www.aladin.co.kr/shop/wproduct.aspx?ItemId=305312503
190354,6,2500,3700,중,https://www.aladin.co.kr/shop/wproduct.aspx?ItemId=295384535
190354,7,2500,3900,중,https://www.aladin.co.kr/shop/wproduct.aspx?ItemId=323871330
190354,8,2500,3900,중,https://www.aladin.co.kr/shop/wproduct.aspx?ItemId=323820619
190354,9,2500,4100,중,https://www.aladin.co.kr/shop/wproduct.aspx?ItemId=319303706
190355,1,2500,3300,중,https://www.aladin.co.kr/shop/wproduct.aspx?ItemId=327790705
190355,10,2500,4100,중,https://www.aladin.co.kr/shop/wproduct.aspx?ItemId=317205913
190355,11,2500,4100,중,https://www.aladin.co.kr/shop/wproduct.aspx?ItemId=316356424
190355,12,2500,4100,중,https://www.aladin.co.kr/shop/wproduct.aspx?ItemId=316272623
190355,13,2500,4200,최상,https://www.aladin.co.kr/shop/wproduct.aspx?ItemId=330907702
190355,14,2500,4200,상,https://www.aladin.co.kr/shop/wproduct.aspx?ItemId=317712168
190355,15,2500,4200,상,https://www.aladin.co.kr/shop/wproduct.aspx?ItemId=317354199
190355,2,2500,3500,중,https://www.aladin.co.kr/shop/wproduct.aspx?ItemId=318553224
190355,3,2500,3700,중,https://www.aladin.co.kr/shop/wproduct.aspx?ItemId=308638475
190355,4,2500,3700,중,https://www.aladin.co.kr/shop/wproduct.aspx?ItemId=294678498
190355,5,2500,3800,중,https://www.aladin.co.kr/shop/wproduct.aspx?ItemId=313291326
190355,6,2500,3900,중,https://www.aladin.co.kr/shop/wproduct.aspx?ItemId=329950612
190355,7,2500,3900,중,https://www.aladin.co.kr/shop/wproduct.aspx?ItemId=322656938
190355,8,2500,3900,중,https://www.aladin.co.kr/shop/wproduct.aspx?ItemId=315852307
190355,9,2500,4000,상,https://www.aladin.co.kr/shop/wproduct.aspx?ItemId=323054979
190356,1,2500,3300,중,https://www.aladin.co.kr/shop/wproduct.aspx?ItemId=327790704
190356,10,2500,3900,중,https://www.aladin.co.kr/shop/wproduct.aspx?ItemId=330758274
190356,11,2500,3900,중,https://www.aladin.co.kr/shop/wproduct.aspx?ItemId=329111936
190356,12,2500,3900,중,https://www.aladin.co.kr/shop/wproduct.aspx?ItemId=321453111
190356,13,2500,4000,상,https://www.aladin.co.kr/shop/wproduct.aspx?ItemId=323054983
190356,14,2500,4000,중,https://www.aladin.co.kr/shop/wproduct.aspx?ItemId=332470019
190356,15,2500,4200,상,https://www.aladin.co.kr/shop/wproduct.aspx?ItemId=317354201
190356,2,2500,3300,중,https://www.aladin.co.kr/shop/wproduct.aspx?ItemId=271446981
190356,3,2500,3500,중,https://www.aladin.co.kr/shop/wproduct.aspx?ItemId=311464950
190356,4,2500,3500,중,https://www.aladin.co.kr/shop/wproduct.aspx?ItemId=308638474
190356,5,2500,3500,중,https://www.aladin.co.kr/shop/wproduct.aspx?ItemId=307660819
190356,6,2500,3500,중,https://www.aladin.co.kr/shop/wproduct.aspx?ItemId=305312501
190356,7,2500,3500,중,https://www.aladin.co.kr/shop/wproduct.aspx?ItemId=302815858
190356,8,2500,3500,중,https://www.aladin.co.kr/shop/wproduct.aspx?ItemId=301630555
190356,9,2500,3900,중,https://www.aladin.co.kr/shop/wproduct.aspx?ItemId=330907707
190357,1,2500,3500,중,https://www.aladin.co.kr/shop/wproduct.aspx?ItemId=308638482
190357,10,2500,4000,중,https://www.aladin.co.kr/shop/wproduct.aspx?ItemId=336193037
190357,11,2500,4000,중,https://www.aladin.co.kr/shop/wproduct.aspx?ItemId=336090811
190357,12,2500,4000,중,https://www.aladin.co.kr/shop/wproduct.aspx?ItemId=334659149
190357,13,2500,4000,중,https://www.aladin.co.kr/shop/wproduct.aspx?ItemId=332683909
190357,14,2500,4000,중,https://www.aladin.co.kr/shop/wproduct.aspx?ItemId=332457861
190357,15,2500,4100,상,https://www.aladin.co.kr/shop/wproduct.aspx?ItemId=334243794
190357,2,2500,3500,중,https://www.aladin.co.kr/shop/wproduct.aspx?ItemId=302815849
190357,3,2500,3600,상,https://www.aladin.co.kr/shop/wproduct.aspx?ItemId=336307761
190357,4,2500,3900,중,https://www.aladin.co.kr/shop/wproduct.aspx?ItemId=330758270
190357,5,2500,3900,중,https://www.aladin.co.kr/shop/wproduct.aspx?ItemId=329111993
190357,6,2500,3900,중,https://www.aladin.co.kr/shop/wproduct.aspx?ItemId=315852300
190357,7,2500,3900,중,https://www.aladin.co.kr/shop/wproduct.aspx?ItemId=315573899
190357,8,2500,3900,중,https://www.aladin.co.kr/shop/wproduct.aspx?ItemId=313646756
190357,9,2500,4000,중,https://www.aladin.co.kr/shop/wproduct.aspx?ItemId=336403026
190659,1,2500,4400,중,https://www.aladin.co.kr/shop/wproduct.aspx?ItemId=342129166
190659,10,2500,4900,중,https://www.aladin.co.kr/shop/wproduct.aspx?ItemId=335612989
190659,11,2500,5100,상,https://www.aladin.co.kr/shop/wproduct.aspx?ItemId=340564529
190659,12,2500,5100,상,https://www.aladin.co.kr/shop/wproduct.aspx?ItemId=340506955
190659,13,2500,6400,중,https://www.aladin.co.kr/shop/wproduct.aspx?ItemId=330093525
190659,14,2500,6400,중,https://www.aladin.co.kr/shop/wproduct.aspx?ItemId=323294329
190659,15,2500,6700,중,https://www.aladin.co.kr/shop/wproduct.aspx?ItemId=336116500
190659,2,2500,4400,중,https://www.aladin.co.kr/shop/wproduct.aspx?ItemId=339114930
190659,3,2500,4400,중,https://www.aladin.co.kr/shop/wproduct.aspx?ItemId=338027915
190659,4,2500,4400,중,https://www.aladin.co.kr/shop/wproduct.aspx?ItemId=337264915
190659,5,2500,4900,중,https://www.aladin.co.kr/shop/wproduct.aspx?ItemId=342173134
190659,6,2500,4900,중,https://www.aladin.co.kr/shop/wproduct.aspx?ItemId=341393017
190659,7,2500,4900,중,https://www.aladin.co.kr/shop/wproduct.aspx?ItemId=340895905
190659,8,2500,4900,중,https://www.aladin.co.kr/shop/wproduct.aspx?ItemId=338549160
190659,9,2500,4900,중,https://www.aladin.co.kr/shop/wproduct.aspx?ItemId=338475027
191209,1,2500,3500,상,https://www.aladin.co.kr/shop/wproduct.aspx?ItemId=266105491
191209,2,2500,3500,상,https://www.aladin.co.kr/shop/wproduct.aspx?ItemId=259244566
191209,3,2500,3700,중,https://www.aladin.co.kr/shop/wproduct.aspx?ItemId=303358760
191209,4,2500,3700,중,https://www.aladin.co.kr/shop/wproduct.aspx?ItemId=300900637
191209,5,2500,4100,중,https://www.aladin.co.kr/shop/wproduct.aspx?ItemId=325618882
191209,6,2500,4300,상,https://www.aladin.co.kr/shop/wproduct.aspx?ItemId=342199940
193240,1,2500,2800,중,https://www.aladin.co.kr/shop/wproduct.aspx?ItemId=324500445
193240,10,2500,3600,중,https://www.aladin.co.kr/shop/wproduct.aspx?ItemId=287266283
193240,11,2500,3700,상,https://www.aladin.co.kr/shop/wproduct.aspx?ItemId=300594995
193240,12,2500,3900,중,https://www.aladin.co.kr/shop/wproduct.aspx?ItemId=321680742
193240,13,2500,3900,중,https://www.aladin.co.kr/shop/wproduct.aspx?ItemId=317473748
193240,14,2500,3900,중,https://www.aladin.co.kr/shop/wproduct.aspx?ItemId=315167979
193240,15,2500,4000,상,https://www.aladin.co.kr/shop/wproduct.aspx?ItemId=319421084
193240,2,2500,3100,중,https://www.aladin.co.kr/shop/wproduct.aspx?ItemId=325129540
193240,3,2500,3300,중,https://www.aladin.co.kr/shop/wproduct.aspx?ItemId=319102784
193240,4,2500,3500,상,https://www.aladin.co.kr/shop/wproduct.aspx?ItemId=325103566
193240,5,2500,3500,상,https://www.aladin.co.kr/shop/wproduct.aspx?ItemId=319395579
193240,6,2500,3500,중,https://www.aladin.co.kr/shop/wproduct.aspx?ItemId=300779848
193240,7,2500,3500,중,https://www.aladin.co.kr/shop/wproduct.aspx?ItemId=261776055
193240,8,2500,3600,중,https://www.aladin.co.kr/shop/wproduct.aspx?ItemId=288867251
193240,9,2500,3600,중,https://www.aladin.co.kr/shop/wproduct.aspx?ItemId=287272310
193241,1,2500,2700,중,https://www.aladin.co.kr/shop/wproduct.aspx?ItemId=287348515
193241,10,2500,3500,중,https://www.aladin.co.kr/shop/wproduct.aspx?ItemId=303146386
193241,11,2500,3500,중,https://www.aladin.co.kr/shop/wproduct.aspx?ItemId=302189626
193241,12,2500,3500,중,https://www.aladin.co.kr/shop/wproduct.aspx?ItemId=299253971
193241,13,2500,3600,상,https://www.aladin.co.kr/shop/wproduct.aspx?ItemId=286011081
193241,14,2500,3700,상,https://www.aladin.co.kr/shop/wproduct.aspx?ItemId=305898094
193241,15,2500,3700,상,https://www.aladin.co.kr/shop/wproduct.aspx?ItemId=244477464
193241,2,2500,2900,상,https://www.aladin.co.kr/shop/wproduct.aspx?ItemId=284733947
193241,3,2500,2900,중,https://www.aladin.co.kr/shop/wproduct.aspx?ItemId=263432244
193241,4,2500,3000,중,https://www.aladin.co.kr/shop/wproduct.aspx?ItemId=301280394
193241,5,2500,3000,중,https://www.aladin.co.kr/shop/wproduct.aspx?ItemId=300442130
193241,6,2500,3000,중,https://www.aladin.co.kr/shop/wproduct.aspx?ItemId=284770877
193241,7,2500,3100,중,https://www.aladin.co.kr/shop/wproduct.aspx?ItemId=302013371
193241,8,2500,3500,중,https://www.aladin.co.kr/shop/wproduct.aspx?ItemId=307843899
193241,9,2500,3500,중,https://www.aladin.co.kr/shop/wproduct.aspx?ItemId=305254435
19395,1,2500,3500,중,https://www.aladin.co.kr/shop/wproduct.aspx?ItemId=308404802
19395,10,2500,3900,중,https://www.aladin.co.kr/shop/wproduct.aspx?ItemId=314900999
19395,11,2500,4000,상,https://www.aladin.co.kr/shop/wproduct.aspx?ItemId=314997326
19395,12,2500,4200,중,https://www.aladin.co.kr/shop/wproduct.aspx?ItemId=319214809
19395,13,2500,4200,중,https://www.aladin.co.kr/shop/wproduct.aspx?ItemId=319180752
19395,14,2500,4200,중,https://www.aladin.co.kr/shop/wproduct.aspx?ItemId=314345182
19395,15,2500,4300,상,https://www.aladin.co.kr/shop/wproduct.aspx?ItemId=316172436
19395,2,2500,3700,상,https://www.aladin.co.kr/shop/wproduct.aspx?ItemId=309110470
19395,3,2500,3700,중,https://www.aladin.co.kr/shop/wproduct.aspx?ItemId=300489781
19395,4,2500,3800,중,https://www.aladin.co.kr/shop/wproduct.aspx?ItemId=313046045
19395,5,2500,3800,중,https://www.aladin.co.kr/shop/wproduct.aspx?ItemId=311073415
19395,6,2500,3800,중,https://www.aladin.co.kr/shop/wproduct.aspx?ItemId=308821631
19395,7,2500,3800,중,https://www.aladin.co.kr/shop/wproduct.aspx?ItemId=308187605
19395,8,2500,3800,중,https://www.aladin.co.kr/shop/wproduct.aspx?ItemId=305361746
19395,9,2500,3900,중,https://www.aladin.co.kr/shop/wproduct.aspx?ItemId=316137243
2038,1,2500,1500,중,https://www.aladin.co.kr/shop/wproduct.aspx?ItemId=132729301
2038,10,2500,7700,중,https://www.aladin.co.kr/shop/wproduct.aspx?ItemId=300623344
2038,11,2500,8300,중,https://www.aladin.co.kr/shop/wproduct.aspx?ItemId=320994190
2038,12,2500,8300,중,https://www.aladin.co.kr/shop/wproduct.aspx?ItemId=320808341
2038,13,2500,8300,중,https://www.aladin.co.kr/shop/wproduct.aspx?ItemId=320774053
2038,14,2500,8700,상,https://www.aladin.co.kr/shop/wproduct.aspx?ItemId=320401342
2038,15,2500,8700,상,https://www.aladin.co.kr/shop/wproduct.aspx?ItemId=319864399
2038,2,2500,1500,균일가,https://www.aladin.co.kr/shop/wproduct.aspx?ItemId=206551109
2038,3,2500,1500,균일가,https://www.aladin.co.kr/shop/wproduct.aspx?ItemId=187300318
2038,4,2500,1500,균일가,https://www.aladin.co.kr/shop/wproduct.aspx?ItemId=168873375
2038,5,2500,6100,중,https://www.aladin.co.kr/shop/wproduct.aspx?ItemId=301235739
2038,6,2500,6700,중,https://www.aladin.co.kr/shop/wproduct.aspx?ItemId=271818413
2038,7,2500,7000,상,https://www.aladin.co.kr/shop/wproduct.aspx?ItemId=319388189
2038,8,2500,7000,중,https://www.aladin.co.kr/shop/wproduct.aspx?ItemId=166273166
2038,9,2500,7100,상,https://www.aladin.co.kr/shop/wproduct.aspx?ItemId=271597567
2039,1,2500,1500,중,https://www.aladin.co.kr/shop/wproduct.aspx?ItemId=124964862
2039,10,2500,8000,상,https://www.aladin.co.kr/shop/wproduct.aspx?ItemId=285104249
2039,2,2500,1500,중,https://www.aladin.co.kr/shop/wproduct.aspx?ItemId=113014774
2039,3,2500,1500,균일가,https://www.aladin.co.kr/shop/wproduct.aspx?ItemId=207708620
2039,4,2500,1500,균일가,https://www.aladin.co.kr/shop/wproduct.aspx?ItemId=188021407
2039,5,2500,1500,균일가,https://www.aladin.co.kr/shop/wproduct.aspx?ItemId=182358737
2039,6,2500,1500,균일가,https://www.aladin.co.kr/shop/wproduct.aspx?ItemId=176550721
2039,7,2500,1500,균일가,https://www.aladin.co.kr/shop/wproduct.aspx?ItemId=171797613
2039,8,2500,1500,균일가,https://www.aladin.co.kr/shop/wproduct.aspx?ItemId=164316251
2039,9,2500,1500,균일가,https://www.aladin.co.kr/shop/wproduct.aspx?ItemId=160824641
20647,1,2500,2900,중,https://www.aladin.co.kr/shop/wproduct.aspx?ItemId=276103144
20647,10,2500,3700,중,https://www.aladin.co.kr/shop/wproduct.aspx?ItemId=317081516
20647,11,2500,3800,중,https://www.aladin.co.kr/shop/wproduct.aspx?ItemId=336438414
20647,12,2500,3800,중,https://www.aladin.co.kr/shop/wproduct.aspx?ItemId=336419672
20647,13,2500,3900,상,https://www.aladin.co.kr/shop/wproduct.aspx?ItemId=318877191
20647,14,2500,3900,상,https://www.aladin.co.kr/shop/wproduct.aspx?ItemId=318631406
20647,15,2500,4000,상,https://www.aladin.co.kr/shop/wproduct.aspx?ItemId=337903938
20647,2,2500,2900,중,https://www.aladin.co.kr/shop/wproduct.aspx?ItemId=269763862
20647,3,2500,3200,중,https://www.aladin.co.kr/shop/wproduct.aspx?ItemId=136425510
20647,4,2500,3300,중,https://www.aladin.co.kr/shop/wproduct.aspx?ItemId=286437179
20647,5,2500,3300,중,https://www.aladin.co.kr/shop/wproduct.aspx?ItemId=284715109
20647,6,2500,3400,중,https://www.aladin.co.kr/shop/wproduct.aspx?ItemId=311971875
20647,7,2500,3400,중,https://www.aladin.co.kr/shop/wproduct.aspx?ItemId=311460340
20647,8,2500,3400,중,https://www.aladin.co.kr/shop/wproduct.aspx?ItemId=309997195
20647,9,2500,3400,중,https://www.aladin.co.kr/shop/wproduct.aspx?ItemId=309941048
21118,1,2500,3800,중,https://www.aladin.co.kr/shop/wproduct.aspx?ItemId=292610048
21118,10,2500,3900,중,https://www.aladin.co.kr/shop/wproduct.aspx?ItemId=297608341
21118,11,2500,3900,중,https://www.aladin.co.kr/shop/wproduct.aspx?ItemId=296626494
21118,12,2500,3900,중,https://www.aladin.co.kr/shop/wproduct.aspx?ItemId=296065442
21118,13,2500,3900,중,https://www.aladin.co.kr/shop/wproduct.aspx?ItemId=294647389
21118,14,2500,3900,중,https://www.aladin.co.kr/shop/wproduct.aspx?ItemId=294459797
21118,15,2500,4000,상,https://www.aladin.co.kr/shop/wproduct.aspx?ItemId=292056810
21118,2,2500,3800,중,https://www.aladin.co.kr/shop/wproduct.aspx?ItemId=291013872
21118,3,2500,3800,중,https://www.aladin.co.kr/shop/wproduct.aspx?ItemId=288350187
21118,4,2500,3800,중,https://www.aladin.co.kr/shop/wproduct.aspx?ItemId=277552965
21118,5,2500,3800,중,https://www.aladin.co.kr/shop/wproduct.aspx?ItemId=276642188
21118,6,2500,3900,중,https://www.aladin.co.kr/shop/wproduct.aspx?ItemId=307663817
21118,7,2500,3900,중,https://www.aladin.co.kr/shop/wproduct.aspx?ItemId=298371506
21118,8,2500,3900,중,https://www.aladin.co.kr/shop/wproduct.aspx?ItemId=297736316
21118,9,2500,3900,중,https://www.aladin.co.kr/shop/wproduct.aspx?ItemId=297678864
21582,1,2500,5700,중,https://www.aladin.co.kr/shop/wproduct.aspx?ItemId=312221451
21582,10,2500,6100,상,https://www.aladin.co.kr/shop/wproduct.aspx?ItemId=324874724
21582,11,2500,6100,중,https://www.aladin.co.kr/shop/wproduct.aspx?ItemId=322931233
21582,12,2500,6200,상,https://www.aladin.co.kr/shop/wproduct.aspx?ItemId=336116506
21582,13,2500,6200,상,https://www.aladin.co.kr/shop/wproduct.aspx?ItemId=335700476
21582,14,2500,6200,상,https://www.aladin.co.kr/shop/wproduct.aspx?ItemId=334272032
21582,15,2500,6200,상,https://www.aladin.co.kr/shop/wproduct.aspx?ItemId=332505406
21582,2,2500,5700,중,https://www.aladin.co.kr/shop/wproduct.aspx?ItemId=305118343
21582,3,2500,5900,중,https://www.aladin.co.kr/shop/wproduct.aspx?ItemId=323278011
21582,4,2500,5900,중,https://www.aladin.co.kr/shop/wproduct.aspx?ItemId=321398773
21582,5,2500,5900,중,https://www.aladin.co.kr/shop/wproduct.aspx?ItemId=320351589
21582,6,2500,6000,중,https://www.aladin.co.kr/shop/wproduct.aspx?ItemId=334894196
21582,7,2500,6100,상,https://www.aladin.co.kr/shop/wproduct.aspx?ItemId=332033321
21582,8,2500,6100,상,https://www.aladin.co.kr/shop/wproduct.aspx?ItemId=331873352
21582,9,2500,6100,상,https://www.aladin.co.kr/shop/wproduct.aspx?ItemId=331379266
221010,1,2500,2000,중,https://www.aladin.co.kr/shop/wproduct.aspx?ItemId=337525709
221010,10,2500,3200,상,https://www.aladin.co.kr/shop/wproduct.aspx?ItemId=304809400
221010,11,2500,3300,중,https://www.aladin.co.kr/shop/wproduct.aspx?ItemId=331639211
221010,12,2500,3400,중,https://www.aladin.co.kr/shop/wproduct.aspx?ItemId=337491125
221010,13,2500,3400,중,https://www.aladin.co.kr/shop/wproduct.aspx?ItemId=336544644
221010,14,2500,3400,중,https://www.aladin.co.kr/shop/wproduct.aspx?ItemId=336089177
221010,15,2500,3600,상,https://www.aladin.co.kr/shop/wproduct.aspx?ItemId=335182777
221010,2,2500,2900,중,https://www.aladin.co.kr/shop/wproduct.aspx?ItemId=336988039
221010,3,2500,2900,중,https://www.aladin.co.kr/shop/wproduct.aspx?ItemId=336217698
221010,4,2500,2900,중,https://www.aladin.co.kr/shop/wproduct.aspx?ItemId=336182170
221010,5,2500,3000,중,https://www.aladin.co.kr/shop/wproduct.aspx?ItemId=308151543
221010,6,2500,3000,중,https://www.aladin.co.kr/shop/wproduct.aspx?ItemId=306368035
221010,7,2500,3000,중,https://www.aladin.co.kr/shop/wproduct.aspx?ItemId=295911913
221010,8,2500,3000,중,https://www.aladin.co.kr/shop/wproduct.aspx?ItemId=292401007
221010,9,2500,3000,중,https://www.aladin.co.kr/shop/wproduct.aspx?ItemId=276771753
23073,1,2500,16100,중,https://www.aladin.co.kr/shop/wproduct.aspx?ItemId=342215093
23073,2,2500,16100,중,https://www.aladin.co.kr/shop/wproduct.aspx?ItemId=337677552
23073,3,2500,17400,최상,https://www.aladin.co.kr/shop/wproduct.aspx?ItemId=325220673
26110,1,2500,2500,중,https://www.aladin.co.kr/shop/wproduct.aspx?ItemId=241030802
26110,2,2500,4400,중,https://www.aladin.co.kr/shop/wproduct.aspx?ItemId=262362619
26110,3,2500,6200,상,https://www.aladin.co.kr/shop/wproduct.aspx?ItemId=262201187
26110,4,2500,6200,중,https://www.aladin.co.kr/shop/wproduct.aspx?ItemId=270094987
26110,5,2500,6900,중,https://www.aladin.co.kr/shop/wproduct.aspx?ItemId=284674971
26110,6,2500,6900,중,https://www.aladin.co.kr/shop/wproduct.aspx?ItemId=283971422
26110,7,2500,6900,중,https://www.aladin.co.kr/shop/wproduct.aspx?ItemId=283532377
26110,8,2500,7700,중,https://www.aladin.co.kr/shop/wproduct.aspx?ItemId=326478641
26110,9,2500,7700,중,https://www.aladin.co.kr/shop/wproduct.aspx?ItemId=325862368
27394,1,2500,3000,중,https://www.aladin.co.kr/shop/wproduct.aspx?ItemId=184560036
27394,10,2500,4200,중,https://www.aladin.co.kr/shop/wproduct.aspx?ItemId=296250340
27394,11,2500,4500,중,https://www.aladin.co.kr/shop/wproduct.aspx?ItemId=295049960
27394,12,2500,4900,상,https://www.aladin.co.kr/shop/wproduct.aspx?ItemId=315159317
27394,13,2500,5000,중,https://www.aladin.co.kr/shop/wproduct.aspx?ItemId=339802503
27394,14,2500,5000,중,https://www.aladin.co.kr/shop/wproduct.aspx?ItemId=339511619
27394,15,2500,5000,중,https://www.aladin.co.kr/shop/wproduct.aspx?ItemId=339361879
27394,2,2500,3300,중,https://www.aladin.co.kr/shop/wproduct.aspx?ItemId=304743372
27394,3,2500,3300,중,https://www.aladin.co.kr/shop/wproduct.aspx?ItemId=300327172
27394,4,2500,3400,중,https://www.aladin.co.kr/shop/wproduct.aspx?ItemId=256923060
27394,5,2500,3800,중,https://www.aladin.co.kr/shop/wproduct.aspx?ItemId=299228151
27394,6,2500,3900,중,https://www.aladin.co.kr/shop/wproduct.aspx?ItemId=339628159
27394,7,2500,3900,중,https://www.aladin.co.kr/shop/wproduct.aspx?ItemId=339427632
27394,8,2500,3900,중,https://www.aladin.co.kr/shop/wproduct.aspx?ItemId=339312430
27394,9,2500,4200,중,https://www.aladin.co.kr/shop/wproduct.aspx?ItemId=298890263
27506,1,2500,2800,상,https://www.aladin.co.kr/shop/wproduct.aspx?ItemId=342545706
27506,2,2500,3300,중,https://www.aladin.co.kr/shop/wproduct.aspx?ItemId=342412803
28314,1,2500,3400,중,https://www.aladin.co.kr/shop/wproduct.aspx?ItemId=308564845
28314,10,2500,4100,중,https://www.aladin.co.kr/shop/wproduct.aspx?ItemId=307503576
28314,11,2500,4400,상,https://www.aladin.co.kr/shop/wproduct.aspx?ItemId=307816809
28314,12,2500,4400,상,https://www.aladin.co.kr/shop/wproduct.aspx?ItemId=304974533
28314,13,2500,4900,중,https://www.aladin.co.kr/shop/wproduct.aspx?ItemId=307473433
28314,14,2500,6700,중,https://www.aladin.co.kr/shop/wproduct.aspx?ItemId=308881598
28314,15,2500,7100,상,https://www.aladin.co.kr/shop/wproduct.aspx?ItemId=308193644
28314,2,2500,3400,중,https://www.aladin.co.kr/shop/wproduct.aspx?ItemId=307930832
28314,3,2500,3400,중,https://www.aladin.co.kr/shop/wproduct.aspx?ItemId=306244046
28314,4,2500,3500,중,https://www.aladin.co.kr/shop/wproduct.aspx?ItemId=304353679
28314,5,2500,3600,중,https://www.aladin.co.kr/shop/wproduct.aspx?ItemId=308489478
28314,6,2500,3900,중,https://www.aladin.co.kr/shop/wproduct.aspx?ItemId=304458227
28314,7,2500,4100,중,https://www.aladin.co.kr/shop/wproduct.aspx?ItemId=308957040
28314,8,2500,4100,중,https://www.aladin.co.kr/shop/wproduct.aspx?ItemId=308549132
28314,9,2500,4100,중,https://www.aladin.co.kr/shop/wproduct.aspx?ItemId=308121436
28315,1,2500,1500,중,https://www.aladin.co.kr/shop/wproduct.aspx?ItemId=233465559
28315,10,2500,4100,중,https://www.aladin.co.kr/shop/wproduct.aspx?ItemId=308536740
28315,11,2500,4400,상,https://www.aladin.co.kr/shop/wproduct.aspx?ItemId=308919376
28315,12,2500,4900,중,https://www.aladin.co.kr/shop/wproduct.aspx?ItemId=308965218
28315,13,2500,5200,상,https://www.aladin.co.kr/shop/wproduct.aspx?ItemId=309070353
28315,14,2500,5200,상,https://www.aladin.co.kr/shop/wproduct.aspx?ItemId=306735166
28315,15,2500,7400,최상,https://www.aladin.co.kr/shop/wproduct.aspx?ItemId=308895173
28315,2,2500,3400,중,https://www.aladin.co.kr/shop/wproduct.aspx?ItemId=306940171
28315,3,2500,3600,중,https://www.aladin.co.kr/shop/wproduct.aspx?ItemId=309247319
28315,4,2500,3600,중,https://www.aladin.co.kr/shop/wproduct.aspx?ItemId=308385862
28315,5,2500,3600,중,https://www.aladin.co.kr/shop/wproduct.aspx?ItemId=307848915
28315,6,2500,3600,중,https://www.aladin.co.kr/shop/wproduct.aspx?ItemId=307840268
28315,7,2500,3600,중,https://www.aladin.co.kr/shop/wproduct.aspx?ItemId=307446114
28315,8,2500,3700,중,https://www.aladin.co.kr/shop/wproduct.aspx?ItemId=306326548
28315,9,2500,4100,중,https://www.aladin.co.kr/shop/wproduct.aspx?ItemId=308681881
333001,1,2500,3800,상,https://www.aladin.co.kr/shop/wproduct.aspx?ItemId=330630781
333001,10,2500,4500,중,https://www.aladin.co.kr/shop/wproduct.aspx?ItemId=314803315
333001,11,2500,4700,상,https://www.aladin.co.kr/shop/wproduct.aspx?ItemId=330593412
333001,12,2500,4700,상,https://www.aladin.co.kr/shop/wproduct.aspx?ItemId=327627283
333001,13,2500,4700,상,https://www.aladin.co.kr/shop/wproduct.aspx?ItemId=327591865
333001,14,2500,4700,상,https://www.aladin.co.kr/shop/wproduct.aspx?ItemId=326570985
333001,15,2500,4800,상,https://www.aladin.co.kr/shop/wproduct.aspx?ItemId=332467096
333001,2,2500,4100,중,https://www.aladin.co.kr/shop/wproduct.aspx?ItemId=308461511
333001,3,2500,4400,상,https://www.aladin.co.kr/shop/wproduct.aspx?ItemId=309601620
333001,4,2500,4500,중,https://www.aladin.co.kr/shop/wproduct.aspx?ItemId=331006986
333001,5,2500,4500,중,https://www.aladin.co.kr/shop/wproduct.aspx?ItemId=328711363
333001,6,2500,4500,중,https://www.aladin.co.kr/shop/wproduct.aspx?ItemId=325823066
333001,7,2500,4500,중,https://www.aladin.co.kr/shop/wproduct.aspx?ItemId=323295294
333001,8,2500,4500,중,https://www.aladin.co.kr/shop/wproduct.aspx?ItemId=321382295
333001,9,2500,4500,중,https://www.aladin.co.kr/shop/wproduct.aspx?ItemId=315073508
4103,1,2500,5700,중,https://www.aladin.co.kr/shop/wproduct.aspx?ItemId=291576456
4103,2,2500,5700,중,https://www.aladin.co.kr/shop/wproduct.aspx?ItemId=277344753
4103,3,2500,5800,중,https://www.aladin.co.kr/shop/wproduct.aspx?ItemId=324204798
4103,4,2500,5800,중,https://www.aladin.co.kr/shop/wproduct.aspx?ItemId=315540518
42038,1,2500,3600,상,https://www.aladin.co.kr/shop/wproduct.aspx?ItemId=341963244
42038,2,2500,4000,중,https://www.aladin.co.kr/shop/wproduct.aspx?ItemId=342357830
42038,3,2500,4700,상,https://www.aladin.co.kr/shop/wproduct.aspx?ItemId=342599248
42038,4,2500,4700,상,https://www.aladin.co.kr/shop/wproduct.aspx?ItemId=342148617
42038,5,2500,5600,중,https://www.aladin.co.kr/shop/wproduct.aspx?ItemId=342820919
42038,6,2500,5600,중,https://www.aladin.co.kr/shop/wproduct.aspx?ItemId=327647591
43430,1,2500,2300,상,https://www.aladin.co.kr/shop/wproduct.aspx?ItemId=274317751
44607,1,2500,4200,중,https://www.aladin.co.kr/shop/wproduct.aspx?ItemId=274405785
44607,10,2500,4900,중,https://www.aladin.co.kr/shop/wproduct.aspx?ItemId=298028083
44607,11,2500,4900,중,https://www.aladin.co.kr/shop/wproduct.aspx?ItemId=294361353
44607,12,2500,5700,중,https://www.aladin.co.kr/shop/wproduct.aspx?ItemId=306965616
44607,13,2500,7100,중,https://www.aladin.co.kr/shop/wproduct.aspx?ItemId=287098168
44607,14,2500,7100,중,https://www.aladin.co.kr/shop/wproduct.aspx?ItemId=284382940
44607,15,2500,7200,중,https://www.aladin.co.kr/shop/wproduct.aspx?ItemId=297748169
44607,2,2500,4300,중,https://www.aladin.co.kr/shop/wproduct.aspx?ItemId=289610899
44607,3,2500,4300,중,https://www.aladin.co.kr/shop/wproduct.aspx?ItemId=289329417
44607,4,2500,4400,중,https://www.aladin.co.kr/shop/wproduct.aspx?ItemId=308589261
44607,5,2500,4400,중,https://www.aladin.co.kr/shop/wproduct.aspx?ItemId=299418070
44607,6,2500,4500,중,https://www.aladin.co.kr/shop/wproduct.aspx?ItemId=286070896
44607,7,2500,4700,중,https://www.aladin.co.kr/shop/wproduct.aspx?ItemId=248472897
44607,8,2500,4900,중,https://www.aladin.co.kr/shop/wproduct.aspx?ItemId=308357025
44607,9,2500,4900,중,https://www.aladin.co.kr/shop/wproduct.aspx?ItemId=303578322
44608,1,2500,4400,중,https://www.aladin.co.kr/shop/wproduct.aspx?ItemId=307813672
44608,10,2500,7200,중,https://www.aladin.co.kr/shop/wproduct.aspx?ItemId=309950088
44608,11,2500,8000,중,https://www.aladin.co.kr/shop/wproduct.aspx?ItemId=310541323
44608,12,2500,8100,상,https://www.aladin.co.kr/shop/wproduct.aspx?ItemId=276256953
44608,13,2500,8400,상,https://www.aladin.co.kr/shop/wproduct.aspx?ItemId=308949706
44608,14,2500,8400,중,https://www.aladin.co.kr/shop/wproduct.aspx?ItemId=273095262
44608,15,2500,8400,중,https://www.aladin.co.kr/shop/wproduct.aspx?ItemId=261910151
44608,2,2500,5000,중,https://www.aladin.co.kr/shop/wproduct.aspx?ItemId=274955190
44608,3,2500,5000,중,https://www.aladin.co.kr/shop/wproduct.aspx?ItemId=259903998
44608,4,2500,5200,중,https://www.aladin.co.kr/shop/wproduct.aspx?ItemId=303206405
44608,5,2500,5600,중,https://www.aladin.co.kr/shop/wproduct.aspx?ItemId=283810797
44608,6,2500,5700,중,https://www.aladin.co.kr/shop/wproduct.aspx?ItemId=310700276
44608,7,2500,6000,상,https://www.aladin.co.kr/shop/wproduct.aspx?ItemId=310772453
44608,8,2500,6000,상,https://www.aladin.co.kr/shop/wproduct.aspx?ItemId=301779853
44608,9,2500,7200,중,https://www.aladin.co.kr/shop/wproduct.aspx?ItemId=312067926
44609,1,2500,3900,중,https://www.aladin.co.kr/shop/wproduct.aspx?ItemId=299347860
44609,10,2500,5100,중,https://www.aladin.co.kr/shop/wproduct.aspx?ItemId=181793510
44609,11,2500,5200,상,https://www.aladin.co.kr/shop/wproduct.aspx?ItemId=298720481
44609,12,2500,5300,중,https://www.aladin.co.kr/shop/wproduct.aspx?ItemId=231546234
44609,13,2500,6000,상,https://www.aladin.co.kr/shop/wproduct.aspx?ItemId=297641285
44609,14,2500,6800,상,https://www.aladin.co.kr/shop/wproduct.aspx?ItemId=299437752
44609,15,2500,7200,중,https://www.aladin.co.kr/shop/wproduct.aspx?ItemId=297532636
44609,2,2500,4100,상,https://www.aladin.co.kr/shop/wproduct.aspx?ItemId=297340910
44609,3,2500,4200,중,https://www.aladin.co.kr/shop/wproduct.aspx?ItemId=275051904
44609,4,2500,4200,중,https://www.aladin.co.kr/shop/wproduct.aspx?ItemId=233937209
44609,5,2500,4400,중,https://www.aladin.co.kr/shop/wproduct.aspx?ItemId=304373848
44609,6,2500,4400,중,https://www.aladin.co.kr/shop/wproduct.aspx?ItemId=303613546
44609,7,2500,4400,중,https://www.aladin.co.kr/shop/wproduct.aspx?ItemId=297586996
44609,8,2500,4900,중,https://www.aladin.co.kr/shop/wproduct.aspx?ItemId=304576428
44609,9,2500,4900,중,https://www.aladin.co.kr/shop/wproduct.aspx?ItemId=300073366
458277,1,2500,2300,중,https://www.aladin.co.kr/shop/wproduct.aspx?ItemId=296262948
458277,2,2500,2300,중,https://www.aladin.co.kr/shop/wproduct.aspx?ItemId=288414948
458277,3,2500,2600,중,https://www.aladin.co.kr/shop/wproduct.aspx?ItemId=336366827
458277,4,2500,2700,상,https://www.aladin.co.kr/shop/wproduct.aspx?ItemId=336606085
458277,5,2500,2700,중,https://www.aladin.co.kr/shop/wproduct.aspx?ItemId=341637458
458277,6,2500,2700,중,https://www.aladin.co.kr/shop/wproduct.aspx?ItemId=337749832
458277,7,2500,2800,상,https://www.aladin.co.kr/shop/wproduct.aspx?ItemId=342267179
458277,8,2500,2900,최상,https://www.aladin.co.kr/shop/wproduct.aspx?ItemId=341637444
49841,1,2500,2100,상,https://www.aladin.co.kr/shop/wproduct.aspx?ItemId=281097767
50869,1,2500,4700,중,https://www.aladin.co.kr/shop/wproduct.aspx?ItemId=331643007
50869,10,2500,8800,중,https://www.aladin.co.kr/shop/wproduct.aspx?ItemId=329484850
50869,11,2500,8800,중,https://www.aladin.co.kr/shop/wproduct.aspx?ItemId=325663077
50869,12,2500,8800,중,https://www.aladin.co.kr/shop/wproduct.aspx?ItemId=324596160
50869,13,2500,8800,중,https://www.aladin.co.kr/shop/wproduct.aspx?ItemId=322961853
50869,14,2500,8900,중,https://www.aladin.co.kr/shop/wproduct.aspx?ItemId=337161742
50869,15,2500,9100,상,https://www.aladin.co.kr/shop/wproduct.aspx?ItemId=326363511
50869,2,2500,7500,중,https://www.aladin.co.kr/shop/wproduct.aspx?ItemId=192112444
50869,3,2500,7700,중,https://www.aladin.co.kr/shop/wproduct.aspx?ItemId=308352592
50869,4,2500,8000,상,https://www.aladin.co.kr/shop/wproduct.aspx?ItemId=283425352
50869,5,2500,8300,중,https://www.aladin.co.kr/shop/wproduct.aspx?ItemId=321296822
50869,6,2500,8300,중,https://www.aladin.co.kr/shop/wproduct.aspx?ItemId=315756940
50869,7,2500,8400,중,https://www.aladin.co.kr/shop/wproduct.aspx?ItemId=339434171
50869,8,2500,8400,중,https://www.aladin.co.kr/shop/wproduct.aspx?ItemId=338363132
50869,9,2500,8800,상,https://www.aladin.co.kr/shop/wproduct.aspx?ItemId=338361436
51158,1,2500,3000,중,https://www.aladin.co.kr/shop/wproduct.aspx?ItemId=294053593
51158,10,2500,3400,중,https://www.aladin.co.kr/shop/wproduct.aspx?ItemId=335811923
51158,11,2500,3600,상,https://www.aladin.co.kr/shop/wproduct.aspx?ItemId=335700481
51158,2,2500,3100,상,https://www.aladin.co.kr/shop/wproduct.aspx?ItemId=281863409
51158,3,2500,3300,중,https://www.aladin.co.kr/shop/wproduct.aspx?ItemId=330930719
51158,4,2500,3300,중,https://www.aladin.co.kr/shop/wproduct.aspx?ItemId=330822361
51158,5,2500,3300,중,https://www.aladin.co.kr/shop/wproduct.aspx?ItemId=326549061
51158,6,2500,3300,중,https://www.aladin.co.kr/shop/wproduct.aspx?ItemId=323396075
51158,7,2500,3300,중,https://www.aladin.co.kr/shop/wproduct.aspx?ItemId=321211590
51158,8,2500,3300,중,https://www.aladin.co.kr/shop/wproduct.aspx?ItemId=320679185
51158,9,2500,3400,중,https://www.aladin.co.kr/shop/wproduct.aspx?ItemId=342845890
53100,1,2500,5500,중,https://www.aladin.co.kr/shop/wproduct.aspx?ItemId=338908396
53100,2,2500,8100,중,https://www.aladin.co.kr/shop/wproduct.aspx?ItemId=342763018
53100,3,2500,8100,중,https://www.aladin.co.kr/shop/wproduct.aspx?ItemId=340161984
53100,4,2500,8100,중,https://www.aladin.co.kr/shop/wproduct.aspx?ItemId=338590703
53100,5,2500,8300,중,https://www.aladin.co.kr/shop/wproduct.aspx?ItemId=341263667
53100,6,2500,8300,중,https://www.aladin.co.kr/shop/wproduct.aspx?ItemId=341014132
53100,7,2500,8700,상,https://www.aladin.co.kr/shop/wproduct.aspx?ItemId=342210923
53100,8,2500,9600,중,https://www.aladin.co.kr/shop/wproduct.aspx?ItemId=338254139
53100,9,2500,10000,상,https://www.aladin.co.kr/shop/wproduct.aspx?ItemId=340574072
53640,1,2500,9500,중,https://www.aladin.co.kr/shop/wproduct.aspx?ItemId=341751830
54561,1,2500,3600,중,https://www.aladin.co.kr/shop/wproduct.aspx?ItemId=291181675
54561,2,2500,4100,중,https://www.aladin.co.kr/shop/wproduct.aspx?ItemId=314447321
57956,1,2500,2300,중,https://www.aladin.co.kr/shop/wproduct.aspx?ItemId=266674084
57956,2,2500,2300,중,https://www.aladin.co.kr/shop/wproduct.aspx?ItemId=264330714
58882,1,2500,3600,중,https://www.aladin.co.kr/shop/wproduct.aspx?ItemId=334814550
6225,1,2500,6700,중,https://www.aladin.co.kr/shop/wproduct.aspx?ItemId=328128810
6225,2,2500,7000,상,https://www.aladin.co.kr/shop/wproduct.aspx?ItemId=330521376
72182,1,2500,3600,중,https://www.aladin.co.kr/shop/wproduct.aspx?ItemId=339919842
72182,10,2500,4200,중,https://www.aladin.co.kr/shop/wproduct.aspx?ItemId=335258509
72182,11,2500,4400,중,https://www.aladin.co.kr/shop/wproduct.aspx?ItemId=338294329
72182,2,2500,3900,상,https://www.aladin.co.kr/shop/wproduct.aspx?ItemId=335845972
72182,3,2500,4200,중,https://www.aladin.co.kr/shop/wproduct.aspx?ItemId=342699700
72182,4,2500,4200,중,https://www.aladin.co.kr/shop/wproduct.aspx?ItemId=342674564
72182,5,2500,4200,중,https://www.aladin.co.kr/shop/wproduct.aspx?ItemId=342318329
72182,6,2500,4200,중,https://www.aladin.co.kr/shop/wproduct.aspx?ItemId=341434943
72182,7,2500,4200,중,https://www.aladin.co.kr/shop/wproduct.aspx?ItemId=341370043
72182,8,2500,4200,중,https://www.aladin.co.kr/shop/wproduct.aspx?ItemId=340761122
72182,9,2500,4200,중,https://www.aladin.co.kr/shop/wproduct.aspx?ItemId=340448271
72183,1,2500,1800,중,https://www.aladin.co.kr/shop/wproduct.aspx?ItemId=283968975
72183,10,2500,3500,중,https://www.aladin.co.kr/shop/wproduct.aspx?ItemId=296046569
72183,11,2500,3500,중,https://www.aladin.co.kr/shop/wproduct.aspx?ItemId=238948228
72183,12,2500,3700,상,https://www.aladin.co.kr/shop/wproduct.aspx?ItemId=302868372
72183,13,2500,3700,상,https://www.aladin.co.kr/shop/wproduct.aspx?ItemId=302425671
72183,14,2500,3700,상,https://www.aladin.co.kr/shop/wproduct.aspx?ItemId=300594992
72183,15,2500,3700,상,https://www.aladin.co.kr/shop/wproduct.aspx?ItemId=250764579
72183,2,2500,2800,중,https://www.aladin.co.kr/shop/wproduct.aspx?ItemId=302755959
72183,3,2500,3000,중,https://www.aladin.co.kr/shop/wproduct.aspx?ItemId=303112344
72183,4,2500,3000,중,https://www.aladin.co.kr/shop/wproduct.aspx?ItemId=302543512
72183,5,2500,3000,중,https://www.aladin.co.kr/shop/wproduct.aspx?ItemId=298073316
72183,6,2500,3100,중,https://www.aladin.co.kr/shop/wproduct.aspx?ItemId=287047457
72183,7,2500,3300,중,https://www.aladin.co.kr/shop/wproduct.aspx?ItemId=272587498
72183,8,2500,3500,중,https://www.aladin.co.kr/shop/wproduct.aspx?ItemId=309011992
72183,9,2500,3500,중,https://www.aladin.co.kr/shop/wproduct.aspx?ItemId=297528332
72185,1,2500,3000,상,https://www.aladin.co.kr/shop/wproduct.aspx?ItemId=259565530
72185,10,2500,3500,중,https://www.aladin.co.kr/shop/wproduct.aspx?ItemId=307699276
72185,11,2500,3500,중,https://www.aladin.co.kr/shop/wproduct.aspx?ItemId=302425647
72185,12,2500,3500,중,https://www.aladin.co.kr/shop/wproduct.aspx?ItemId=296312317
72185,13,2500,3500,중,https://www.aladin.co.kr/shop/wproduct.aspx?ItemId=295790572
72185,14,2500,3700,상,https://www.aladin.co.kr/shop/wproduct.aspx?ItemId=302725665
72185,15,2500,4000,상,https://www.aladin.co.kr/shop/wproduct.aspx?ItemId=314400503
72185,2,2500,3000,중,https://www.aladin.co.kr/shop/wproduct.aspx?ItemId=302650212
72185,3,2500,3000,중,https://www.aladin.co.kr/shop/wproduct.aspx?ItemId=301280397
72185,4,2500,3000,중,https://www.aladin.co.kr/shop/wproduct.aspx?ItemId=241874636
72185,5,2500,3200,상,https://www.aladin.co.kr/shop/wproduct.aspx?ItemId=307597780
72185,6,2500,3200,상,https://www.aladin.co.kr/shop/wproduct.aspx?ItemId=296383633
72185,7,2500,3200,중,https://www.aladin.co.kr/shop/wproduct.aspx?ItemId=273508391
72185,8,2500,3400,상,https://www.aladin.co.kr/shop/wproduct.aspx?ItemId=312948728
72185,9,2500,3500,상,https://www.aladin.co.kr/shop/wproduct.aspx?ItemId=315312894
72187,1,2500,2700,중,https://www.aladin.co.kr/shop/wproduct.aspx?ItemId=288132123
72187,10,2500,3500,중,https://www.aladin.co.kr/shop/wproduct.aspx?ItemId=301564241
72187,11,2500,3500,중,https://www.aladin.co.kr/shop/wproduct.aspx?ItemId=299253975
72187,12,2500,3500,중,https://www.aladin.co.kr/shop/wproduct.aspx?ItemId=295411518
72187,13,2500,3600,상,https://www.aladin.co.kr/shop/wproduct.aspx?ItemId=287996520
72187,14,2500,3700,상,https://www.aladin.co.kr/shop/wproduct.aspx?ItemId=301416866
72187,15,2500,3900,중,https://www.aladin.co.kr/shop/wproduct.aspx?ItemId=314935925
72187,2,2500,2800,중,https://www.aladin.co.kr/shop/wproduct.aspx?ItemId=300930349
72187,3,2500,3000,중,https://www.aladin.co.kr/shop/wproduct.aspx?ItemId=303524189
72187,4,2500,3200,상,https://www.aladin.co.kr/shop/wproduct.aspx?ItemId=300594993
72187,5,2500,3300,중,https://www.aladin.co.kr/shop/wproduct.aspx?ItemId=314638025
72187,6,2500,3300,중,https://www.aladin.co.kr/shop/wproduct.aspx?ItemId=237642488
72187,7,2500,3400,중,https://www.aladin.co.kr/shop/wproduct.aspx?ItemId=286044384
72187,8,2500,3400,중,https://www.aladin.co.kr/shop/wproduct.aspx?ItemId=284262980
72187,9,2500,3500,중,https://www.aladin.co.kr/shop/wproduct.aspx?ItemId=307966600
72188,1,2500,2800,중,https://www.aladin.co.kr/shop/wproduct.aspx?ItemId=301551817
72188,10,2500,3400,중,https://www.aladin.co.kr/shop/wproduct.aspx?ItemId=286423899
72188,11,2500,3400,중,https://www.aladin.co.kr/shop/wproduct.aspx?ItemId=283313012
72188,12,2500,3500,중,https://www.aladin.co.kr/shop/wproduct.aspx?ItemId=305254437
72188,13,2500,3500,중,https://www.aladin.co.kr/shop/wproduct.aspx?ItemId=304149602
72188,14,2500,3500,중,https://www.aladin.co.kr/shop/wproduct.aspx?ItemId=301452249
72188,15,2500,3500,중,https://www.aladin.co.kr/shop/wproduct.aspx?ItemId=300411522
72188,2,2500,2800,중,https://www.aladin.co.kr/shop/wproduct.aspx?ItemId=300964628
72188,3,2500,2800,중,https://www.aladin.co.kr/shop/wproduct.aspx?ItemId=300930350
72188,4,2500,2900,중,https://www.aladin.co.kr/shop/wproduct.aspx?ItemId=244392677
72188,5,2500,3000,중,https://www.aladin.co.kr/shop/wproduct.aspx?ItemId=303524190
72188,6,2500,3000,중,https://www.aladin.co.kr/shop/wproduct.aspx?ItemId=295499951
72188,7,2500,3000,중,https://www.aladin.co.kr/shop/wproduct.aspx?ItemId=291456888
72188,8,2500,3000,중,https://www.aladin.co.kr/shop/wproduct.aspx?ItemId=290542359
72188,9,2500,3300,중,https://www.aladin.co.kr/shop/wproduct.aspx?ItemId=241919472
72189,1,2500,2800,중,https://www.aladin.co.kr/shop/wproduct.aspx?ItemId=312176501
72189,10,2500,3700,상,https://www.aladin.co.kr/shop/wproduct.aspx?ItemId=297060320
72189,11,2500,3700,상,https://www.aladin.co.kr/shop/wproduct.aspx?ItemId=250762809
72189,12,2500,3900,중,https://www.aladin.co.kr/shop/wproduct.aspx?ItemId=318550880
72189,13,2500,3900,중,https://www.aladin.co.kr/shop/wproduct.aspx?ItemId=314143710
72189,14,2500,3900,중,https://www.aladin.co.kr/shop/wproduct.aspx?ItemId=314130460
72189,15,2500,4000,상,https://www.aladin.co.kr/shop/wproduct.aspx?ItemId=319809241
72189,2,2500,3000,중,https://www.aladin.co.kr/shop/wproduct.aspx?ItemId=310551670
72189,3,2500,3000,중,https://www.aladin.co.kr/shop/wproduct.aspx?ItemId=285349650
72189,4,2500,3100,중,https://www.aladin.co.kr/shop/wproduct.aspx?ItemId=314997278
72189,5,2500,3200,중,https://www.aladin.co.kr/shop/wproduct.aspx?ItemId=220052847
72189,6,2500,3400,중,https://www.aladin.co.kr/shop/wproduct.aspx?ItemId=287356150
72189,7,2500,3400,중,https://www.aladin.co.kr/shop/wproduct.aspx?ItemId=285199531
72189,8,2500,3500,상,https://www.aladin.co.kr/shop/wproduct.aspx?ItemId=315312898
72189,9,2500,3500,중,https://www.aladin.co.kr/shop/wproduct.aspx?ItemId=304798222
72190,1,2500,2800,중,https://www.aladin.co.kr/shop/wproduct.aspx?ItemId=298053603
72190,2,2500,3000,중,https://www.aladin.co.kr/shop/wproduct.aspx?ItemId=276802402
72190,3,2500,3100,중,https://www.aladin.co.kr/shop/wproduct.aspx?ItemId=324068606
72190,4,2500,3200,상,https://www.aladin.co.kr/shop/wproduct.aspx?ItemId=299384564
72190,5,2500,3500,중,https://www.aladin.co.kr/shop/wproduct.aspx?ItemId=305185753
72190,6,2500,3500,중,https://www.aladin.co.kr/shop/wproduct.aspx?ItemId=304196001
72190,7,2500,3500,중,https://www.aladin.co.kr/shop/wproduct.aspx?ItemId=299253969
72190,8,2500,3700,상,https://www.aladin.co.kr/shop/wproduct.aspx?ItemId=294985239
72190,9,2500,3900,중,https://www.aladin.co.kr/shop/wproduct.aspx?ItemId=325626238
72191,1,2500,2900,중,https://www.aladin.co.kr/shop/wproduct.aspx?ItemId=256549619
72191,10,2500,3500,중,https://www.aladin.co.kr/shop/wproduct.aspx?ItemId=297641381
72191,11,2500,3700,상,https://www.aladin.co.kr/shop/wproduct.aspx?ItemId=299371173
72191,12,2500,3700,상,https://www.aladin.co.kr/shop/wproduct.aspx?ItemId=294985238
72191,13,2500,3900,중,https://www.aladin.co.kr/shop/wproduct.aspx?ItemId=315296712
72191,14,2500,3900,중,https://www.aladin.co.kr/shop/wproduct.aspx?ItemId=314684929
72191,15,2500,3900,중,https://www.aladin.co.kr/shop/wproduct.aspx?ItemId=313804304
72191,2,2500,3200,상,https://www.aladin.co.kr/shop/wproduct.aspx?ItemId=305254441
72191,3,2500,3300,중,https://www.aladin.co.kr/shop/wproduct.aspx?ItemId=315674434
72191,4,2500,3300,중,https://www.aladin.co.kr/shop/wproduct.aspx?ItemId=315553192
72191,5,2500,3300,중,https://www.aladin.co.kr/shop/wproduct.aspx?ItemId=286562751
72191,6,2500,3300,중,https://www.aladin.co.kr/shop/wproduct.aspx?ItemId=272694623
72191,7,2500,3400,중,https://www.aladin.co.kr/shop/wproduct.aspx?ItemId=285144731
72191,8,2500,3500,중,https://www.aladin.co.kr/shop/wproduct.aspx?ItemId=309011991
72191,9,2500,3500,중,https://www.aladin.co.kr/shop/wproduct.aspx?ItemId=301467178
72531,1,2500,4200,중,https://www.aladin.co.kr/shop/wproduct.aspx?ItemId=310236341
72531,10,2500,4700,중,https://www.aladin.co.kr/shop/wproduct.aspx?ItemId=320505098
72531,11,2500,4700,중,https://www.aladin.co.kr/shop/wproduct.aspx?ItemId=318789359
72531,12,2500,4800,상,https://www.aladin.co.kr/shop/wproduct.aspx?ItemId=314175509
72531,13,2500,4900,상,https://www.aladin.co.kr/shop/wproduct.aspx?ItemId=321457011
72531,14,2500,4900,중,https://www.aladin.co.kr/shop/wproduct.aspx?ItemId=272207588
72531,15,2500,5400,중,https://www.aladin.co.kr/shop/wproduct.aspx?ItemId=320908342
72531,2,2500,4300,중,https://www.aladin.co.kr/shop/wproduct.aspx?ItemId=287858982
72531,3,2500,4400,중,https://www.aladin.co.kr/shop/wproduct.aspx?ItemId=295221907
72531,4,2500,4400,중,https://www.aladin.co.kr/shop/wproduct.aspx?ItemId=293959065
72531,5,2500,4600,상,https://www.aladin.co.kr/shop/wproduct.aspx?ItemId=287014049
72531,6,2500,4600,상,https://www.aladin.co.kr/shop/wproduct.aspx?ItemId=229177053
72531,7,2500,4600,상,https://www.aladin.co.kr/shop/wproduct.aspx?ItemId=228978900
72531,8,2500,4700,중,https://www.aladin.co.kr/shop/wproduct.aspx?ItemId=321017642
72531,9,2500,4700,중,https://www.aladin.co.kr/shop/wproduct.aspx?ItemId=321007832
73932,1,2500,4300,중,https://www.aladin.co.kr/shop/wproduct.aspx?ItemId=332709237
73932,10,2500,5000,중,https://www.aladin.co.kr/shop/wproduct.aspx?ItemId=318383678
73932,11,2500,5100,중,https://www.aladin.co.kr/shop/wproduct.aspx?ItemId=332624732
73932,12,2500,5300,상,https://www.aladin.co.kr/shop/wproduct.aspx?ItemId=331898548
73932,13,2500,5300,상,https://www.aladin.co.kr/shop/wproduct.aspx?ItemId=326467304
73932,14,2500,5500,최상,https://www.aladin.co.kr/shop/wproduct.aspx?ItemId=327180748
73932,15,2500,6000,상,https://www.aladin.co.kr/shop/wproduct.aspx?ItemId=317201612
73932,2,2500,4600,중,https://www.aladin.co.kr/shop/wproduct.aspx?ItemId=331112386
73932,3,2500,5000,중,https://www.aladin.co.kr/shop/wproduct.aspx?ItemId=330449853
73932,4,2500,5000,중,https://www.aladin.co.kr/shop/wproduct.aspx?ItemId=330014860
73932,5,2500,5000,중,https://www.aladin.co.kr/shop/wproduct.aspx?ItemId=327324706
73932,6,2500,5000,중,https://www.aladin.co.kr/shop/wproduct.aspx?ItemId=322931081
73932,7,2500,5000,중,https://www.aladin.co.kr/shop/wproduct.aspx?ItemId=319484709
73932,8,2500,5000,중,https://www.aladin.co.kr/shop/wproduct.aspx?ItemId=319423295
73932,9,2500,5000,중,https://www.aladin.co.kr/shop/wproduct.aspx?ItemId=318662726
77430,1,2500,4600,중,https://www.aladin.co.kr/shop/wproduct.aspx?ItemId=338893214
77430,10,2500,5100,중,https://www.aladin.co.kr/shop/wproduct.aspx?ItemId=338732534
77430,11,2500,5100,중,https://www.aladin.co.kr/shop/wproduct.aspx?ItemId=332624986
77430,12,2500,5400,상,https://www.aladin.co.kr/shop/wproduct.aspx?ItemId=339722574
77430,13,2500,5400,상,https://www.aladin.co.kr/shop/wproduct.aspx?ItemId=338584157
77430,14,2500,5400,상,https://www.aladin.co.kr/shop/wproduct.aspx?ItemId=337807992
77430,15,2500,5400,상,https://www.aladin.co.kr/shop/wproduct.aspx?ItemId=337181383
77430,2,2500,4600,중,https://www.aladin.co.kr/shop/wproduct.aspx?ItemId=338065798
77430,3,2500,4600,중,https://www.aladin.co.kr/shop/wproduct.aspx?ItemId=335365649
77430,4,2500,4600,중,https://www.aladin.co.kr/shop/wproduct.aspx?ItemId=333317887
77430,5,2500,4800,상,https://www.aladin.co.kr/shop/wproduct.aspx?ItemId=335531361
77430,6,2500,4800,상,https://www.aladin.co.kr/shop/wproduct.aspx?ItemId=333943351
77430,7,2500,5000,중,https://www.aladin.co.kr/shop/wproduct.aspx?ItemId=329716380
77430,8,2500,5100,중,https://www.aladin.co.kr/shop/wproduct.aspx?ItemId=339468405
77430,9,2500,5100,중,https://www.aladin.co.kr/shop/wproduct.aspx?ItemId=338749101
83710,1,2500,2500,중,https://www.aladin.co.kr/shop/wproduct.aspx?ItemId=289994182
83710,2,2500,2500,중,https://www.aladin.co.kr/shop/wproduct.aspx?ItemId=287587357
83710,3,2500,2500,중,https://www.aladin.co.kr/shop/wproduct.aspx?ItemId=281029061
83710,4,2500,2700,상,https://www.aladin.co.kr/shop/wproduct.aspx?ItemId=279056430
83710,5,2500,2800,상,https://www.aladin.co.kr/shop/wproduct.aspx?ItemId=342542246
83710,6,2500,3000,상,https://www.aladin.co.kr/shop/wproduct.aspx?ItemId=332186671
83710,7,2500,3100,상,https://www.aladin.co.kr/shop/wproduct.aspx?ItemId=338781004
85559,1,2500,6300,중,https://www.aladin.co.kr/shop/wproduct.aspx?ItemId=339725892
85559,10,2500,7300,중,https://www.aladin.co.kr/shop/wproduct.aspx?ItemId=319836544
85559,11,2500,7300,중,https://www.aladin.co.kr/shop/wproduct.aspx?ItemId=317615396
85559,12,2500,7400,중,https://www.aladin.co.kr/shop/wproduct.aspx?ItemId=342148106
85559,13,2500,7400,중,https://www.aladin.co.kr/shop/wproduct.aspx?ItemId=339622078
85559,14,2500,7700,중,https://www.aladin.co.kr/shop/wproduct.aspx?ItemId=303744189
85559,15,2500,7900,최상,https://www.aladin.co.kr/shop/wproduct.aspx?ItemId=313649125
85559,2,2500,6500,중,https://www.aladin.co.kr/shop/wproduct.aspx?ItemId=291691077
85559,3,2500,6500,중,https://www.aladin.co.kr/shop/wproduct.aspx?ItemId=282709475
85559,4,2500,6700,중,https://www.aladin.co.kr/shop/wproduct.aspx?ItemId=312473991
85559,5,2500,6700,중,https://www.aladin.co.kr/shop/wproduct.aspx?ItemId=308121736
85559,6,2500,7000,상,https://www.aladin.co.kr/shop/wproduct.aspx?ItemId=309996517
85559,7,2500,7000,중,https://www.aladin.co.kr/shop/wproduct.aspx?ItemId=300222559
85559,8,2500,7300,중,https://www.aladin.co.kr/shop/wproduct.aspx?ItemId=321827406
85559,9,2500,7300,중,https://www.aladin.co.kr/shop/wproduct.aspx?ItemId=320166848
85561,1,2500,4400,중,https://www.aladin.co.kr/shop/wproduct.aspx?ItemId=306285468
85561,10,2500,6100,중,https://www.aladin.co.kr/shop/wproduct.aspx?ItemId=314988260
85561,11,2500,7300,중,https://www.aladin.co.kr/shop/wproduct.aspx?ItemId=297126975
85561,12,2500,7400,상,https://www.aladin.co.kr/shop/wproduct.aspx?ItemId=306398761
85561,13,2500,7500,상,https://www.aladin.co.kr/shop/wproduct.aspx?ItemId=253783569
85561,14,2500,7600,중,https://www.aladin.co.kr/shop/wproduct.aspx?ItemId=319022374
85561,15,2500,8000,상,https://www.aladin.co.kr/shop/wproduct.aspx?ItemId=342836580
85561,2,2500,5200,상,https://www.aladin.co.kr/shop/wproduct.aspx?ItemId=340691892
85561,3,2500,5600,중,https://www.aladin.co.kr/shop/wproduct.aspx?ItemId=294365200
85561,4,2500,5700,중,https://www.aladin.co.kr/shop/wproduct.aspx?ItemId=257897247
85561,5,2500,5900,상,https://www.aladin.co.kr/shop/wproduct.aspx?ItemId=296581236
85561,6,2500,5900,중,https://www.aladin.co.kr/shop/wproduct.aspx?ItemId=300942605
85561,7,2500,5900,중,https://www.aladin.co.kr/shop/wproduct.aspx?ItemId=294378734
85561,8,2500,6100,중,https://www.aladin.co.kr/shop/wproduct.aspx?ItemId=324425629
85561,9,2500,6100,중,https://www.aladin.co.kr/shop/wproduct.aspx?ItemId=317931572
88173,1,2500,4500,중,https://www.aladin.co.kr/shop/wproduct.aspx?ItemId=273412951
88173,2,2500,4500,중,https://www.aladin.co.kr/shop/wproduct.aspx?ItemId=268415004
88173,3,2500,4500,중,https://www.aladin.co.kr/shop/wproduct.aspx?ItemId=257476871
88173,4,2500,7400,중,https://www.aladin.co.kr/shop/wproduct.aspx?ItemId=341486616
88173,5,2500,7400,중,https://www.aladin.co.kr/shop/wproduct.aspx?ItemId=334120635
98794,1,2500,2500,중,https://www.aladin.co.kr/shop/wproduct.aspx?ItemId=310348211
98794,2,2500,2700,중,https://www.aladin.co.kr/shop/wproduct.aspx?ItemId=313949310
99282,1,2500,3400,중,https://www.aladin.co.kr/shop/wproduct.aspx?ItemId=324284916
99282,2,2500,3400,중,https://www.aladin.co.kr/shop/wproduct.aspx?ItemId=315463724
